work_id,year,title,abstract,human_ai_role,human_notes
W2887561261,2018,Robust high dimensional factor models with applications to statistical machine learning,"Factor models are a class of powerful statistical models that have been widely used to deal with dependent measurements that arise frequently from various applications from genomics and neuroscience to economics and finance. As data are collected at an ever-growing scale, statistical machine learning faces some new challenges: high dimensionality, strong dependence among observed variables, heavy-tailed variables and heterogeneity. High-dimensional robust factor analysis serves as a powerful toolkit to conquer these challenges. This paper gives a selective overview on recent advance on high-dimensional factor models and their applications to statistics including Factor-Adjusted Robust Model selection (FarmSelect) and Factor-Adjusted Robust Multiple testing (FarmTest). We show that classical methods, especially principal component analysis (PCA), can be tailored to many new problems and provide powerful tools for statistical estimation and inference. We highlight PCA and its connections to matrix perturbation theory, robust statistics, random projection, false discovery rate, etc., and illustrate through several applications how insights from these fields yield solutions to modern challenges. We also present far-reaching connections between factor models and popular statistical learning problems, including network analysis and low-rank matrix recovery.",,
W2349076608,2010,Visualization Methods Based on NLPCA in Cluster,To project high-dimensional data into low-dimensional space can be effectively utilized to visualize and explore properties of data. An approach of NLPCA ( NonLinear Principal Component Analysis) and SOM ( Self-Organizing Map) neural network is presented for clustering and visualization of gene expression data. The experiment results show that the performance of clustering gene expression data based on the SOM network is efficient.,,
W3109811043,2020,Integrating long-range regulatory interactions to predict gene expression using graph convolutional networks,"Abstract Long-range spatial interactions among genomic regions are critical for regulating gene expression, and their disruption has been associated with a host of diseases. However, when modeling the effects of regulatory factors, most deep learning models either neglect long-range interactions or fail to capture the inherent 3D structure of the underlying genomic organization. To address these limitations, we present GC-MERGE, a G raph C onvolutional M odel for E pigenetic R egulation of G ene E xpression. Using a graph-based framework, the model incorporates important information about long-range interactions via a natural encoding of spatial interactions into the graph representation. It integrates measurements of both the spatial genomic organization and local regulatory factors, specifically histone modifications, to not only predict the expression of a given gene of interest but also quantify the importance of its regulatory factors. We apply GC-MERGE to datasets for three cell lines - GM12878 (lymphoblastoid), K562 (myelogenous leukemia), and HUVEC (human umbilical vein endothelial) - and demonstrate its state-of-the-art predictive performance. Crucially, we show that our model is interpretable in terms of the observed biological regulatory factors, high-lighting both the histone modifications and the interacting genomic regions contributing to a gene’s predicted expression. We provide model explanations for multiple exemplar genes and validate them with evidence from the literature. Our model presents a novel setup for predicting gene expression by integrating multimodal datasets in a graph convolutional framework. More importantly, it enables interpretation of the biological mechanisms driving the model’s predictions. Available at: https://github.com/rsinghlab/GC-MERGE .",,
W2933997711,2019,5th Annual Immuno-Oncology 360° Conference: Spanning Science and Business to Bring New Therapies to Patients,"The atmosphere at the 5th Annual Immuno-Oncology 360° (IO360°) Conference, which took place on February 6–8 at the Crowne Plaza Times Square in New York City, was truly collaborative. Co-chaired by Axel Hoos, MD, PhD (GSK), James Gulley, MD, PhD (National Cancer Institute [NCI]), and Andrew Baum, MD (Citi), the conference featured almost 100 speakers and 10 plenary sessions, including 4 keynote talks and 7 panel discussions. More than 400 attendees representing the pharma, biotech, academic, regulatory, and private investment communities gathered to discuss the rapid advancement in scientific, clinical, and business developments in IO, with the goal of accelerating the development of new therapeutics for patients. Over 350 partnering meetings took place over the 3-day conference.“360 degrees means we really want to speak to all stakeholders,” stated Dr. Hoos. The meeting is structured for the scientists to bring their most promising next-generation mechanisms that will help address these challenges. However, it is also important to look at therapies that haven't worked, so we don't repeat the same challenges of the past, he noted. “But IO360° is not just the science, it's about the entire ecosystem in which the science exists, and that includes the patients and those that provide the funding to make the science happen.”Michel Sadelain, MD, PhD, of Memorial Sloan Kettering Cancer Center, opened the meeting with a keynote, Chimeric Antigen Receptor (CAR) - T Cell Therapy and the CD19 Paradigm. With two CD19 CAR-T cells (CAR Ts) approved in 2017, Dr. Sadelain identified three new directions being taken to optimize CAR T therapy and develop next-generation CAR Ts. The first is addressing exhaustion (loss of functionality) using genome engineering at a carefully select locus (TRAC) to create more potent CAR Ts and incorporating new designs that modify the activating portion of the CAR and balance rapid expansion and retained memory (1XX CAR). The second is gaining insight into the pathophysiology of cytokine release syndrome, including CAR T–macrophage interactions, to try and reduce toxicity. The third is employing new strategies for circumventing antigen escape, such as use of radiosensitization and combinatorial targeting.The Discovery and Preclinical Science plenary focused on strategies being investigated to modify the tumor microenvironment and address limitations of patient-sourced therapies. According to the plenary chair, Ronald Herbst, PhD, “we are all excited about the potential for immunotherapy for patients with cancer, but many patients don't respond to checkpoint inhibitors.” Part of the problem is explained by the fact that “immune contexture varies within and across tumor types, and so-called ‘hot’ versus ‘cold’ tumors,” he noted. In order to increase the efficacy of immunotherapy, a number of areas are actively being targeted, including antigen presentation, innate mechanisms of activation, the tumor microenvironment, and overcoming immunosuppression.A variety of cells, growth factors, and cytokines in the tumor microenvironment play a pivotal role in whether or not immunotherapy is effective. Various strategies are being employed that attempt to modify the tumor microenvironment to overcome immunosuppressive mechanisms, such as blocking adenosine with an anti-CD73 monoclonal antibody (oleclumab, Medimmune) or an A2A receptor antagonist (CPI-144, Corvus), or inhibiting the IDO (indoleamine 2,3-dioxygenase) pathway (indoximod, NewLink Genetics). Other strategies are being employed to enhance the efficacy of cytokines to augment the expansion and activation of T cells, such as engineering enhanced versions of growth factors such as interleukin-2 (IL-2; NKTR-214, Nektar, and MDNA109, Medicenna) and IL-10 (pegilodecakin, ARMO). For example, pegilodecakin, a long-acting pegylated form of IL-10, induces hallmarks of CD8+ T cell immunity in cancer patients. According to Aung Naing, MD, and Martin Oft, MD, pegilodecakin demonstrated clinical benefit in studies as a single agent and in combination with both chemotherapy and checkpoint inhibitors across several tumor types. The agent is currently being investigated in a Phase 3 trial in metastatic pancreatic cancer.Off-the-shelf hematopoietic cell products are being developed to address some of the limitations of patient-sourced cell therapies, such as heterogeneity, single-patient manufacturing, need for sufficient cells, extended production time, and cost. For example, engineered CAR natural killer cells, derived from induced pluripotent stem cells, are being developed that incorporate several individual components that together help to enhance persistence and antitumor efficacy (FT596, Fate Therapeutics). Multicombinatorial strategies such as this may be key in reigniting the endogenous immune system and improving efficacy in solid tumor space.Genentech's Priti Hegde, PhD, opened the Translational Science and Emerging Biomarkers plenary, part 1, with a keynote, Biomarker Signaling: Turning Cold Tumors Hot. Individual cancer types can be characterized along the tumor immunity continuum based on immune phenotype (i.e. inflamed or noninflamed) and tumor mutational burden (TMB). How can we generate an immune response signal in noninflamed tumors when most do not achieve the TMB threshold that selects for benefit? Dr. Hedge highlighted two approaches: adaptive immunity, which has the potential to drive memory response, and synthetic immunity, which has the potential to sustain efficacy and drive log kill. An example of an adaptive immunity approach is neoantigen-specific T-cell therapy, in which there are limited but encouraging data demonstrating its ability to promote adaptive immunity in noninflamed tumors. Synthetic immunity approaches include engineered T cells (e.g. NY-ESO SPEAR T cells [GSK/Adaptimmune], BMCA CAR Ts) and bi-specific biologics (e.g. antibodies, BITEs® [Amgen], ImmTAC® [Immunocore]), in which there is a proof of concept that these approaches are feasible in solid tumors and checkpoint inhibitor-refractory hematologic malignancies.One may also need to address the underlying biology to turn cold tumors hot. According to Dr. Hegde, the future of immunotherapy may be highly personalized, and one will need to look at a variety of markers in biopsy specimens using a variety of techniques. This will only be possible if we have: (1) a tissue-conserving, regulatory-grade decentralized platform to be able to run all of these assays in trials and (2) trial designs and statistical analysis plans that enable diagnostic signal-seeking validation and a path for registration.The remainder of the plenary reported on translational data and evolving biomarkers and applications to help support decision-making for IO drug development.Negative results from the Phase 3 study of the therapeutic prostate cancer vaccine PROSTVAC (Bavarian Nordic) show that a combinatorial approach may be needed with vaccines. Similarly, oncolytic viruses may need multiple transgenes and mechanisms to reverse complex immunosuppressive microenvironments. To address this issue, T-Stealth™ oncolytic viruses (BeneVir) can incorporate multiple genes, evade clearance by the innate and adaptive immune systems, and be combined with other drugs and IO agents.With the increasing need for biomarker support, the clinical trial laboratory reality in the IO space is complex. Patrice Hugo, PhD (Q2 Solutions), summarized important features to consider when selecting a lab partner for drug development. Key strategies to successfully introduce innovation in the clinical trial lab space include joint review of pros and cons of technologies, consideration of joint investments, performing Phase 1 specialized testing in niche labs/academic settings with transfer to a central lab, and discussion and planning for regulatory requirements.Advances in positron emission tomography (PET) imaging and radiomics provide a quantitative, noninvasive way to assess the dynamic changes of the immune system. For example, CD8 PET (Imaging Endpoints) may help distinguish between hot and cold tumors and address fundamental questions regarding the role of CD8 cells in the tumor microenvironment.Other unique biomarkers and applications under investigation include MultiOmyx™ (NeoGenomics), a proprietary multi “omic” technology that enables detection and visualization of up to 60 biomarkers on a single slide; immunosequencing (immunoSEQ, Adaptive Biotechnologies), a clinical diagnostic for monitoring clonal expansion and predicting/evaluating response to therapy that can also be used in combination with cellular immunology and computational biology (Multiplexed Identification of T cell Receptor Antigen [MIRA] assay, Adaptive Biotechnologies) to map T-cell receptors; and CANscript™ (Mitra), a personalized ex vivo histoculture approach that can be used to evaluate drug-induced modulation of the tumor microenvironment and predict clinical performance.The IO Novel Technologies and Innovative Solutions plenary showcased companies that have technologies and solutions that will help stakeholders in the IO field advance developments for cancer therapeutics. Presenters included Advaxis, Bioxcel Therapeutics, IAG, Provecs Medical, Rgenix, and Sensei Bio.Andrew Baum, MD (Citi), opened the Financial and Commercial Implications plenary with a keynote, Evaluation and Forecast of the IO Space. He started off by discussing key questions on health-care investors' minds. According to Dr. Baum, “what investors don't like very much about IO is that the technology cycles are short, so you can go from here to zero very quickly very easily.” He cited ipilimumab and the fact that it was quickly eclipsed by anti-PD (L)-1 agents. Another issue is the “paradox of choice,” as there are so many different modalities. “It's almost overwhelming,” he noted, “especially for someone that doesn't have a deep scientific background to interpret a Phase one trial.” Other questions involve primary and secondary resistance, cell therapy manufacturing constraints, minimizing/managing toxicity, and financial toxicity. However, despite these questions, “the good news is the amount of capital, the enthusiasm, and the scientific advancement all mean that we're going to make huge strides in IO, I have no doubt.”Dr. Baum stressed the importance of learning from historic disappointments and noted that we need better biomarkers, better trials, and patience so that the benefits can be extended to more patients. He ended his presentation with a slide showing Citi's top 10 novel IO targets for 2020, in which IL-2/IL-15 took the top spot.Khalil Barrage (Invus) agreed that the IO revolution has led to unprecedented investor enthusiasm for oncology, unlocking massive commercial opportunities. However, the discovery of checkpoints and their curative potential has led to hype in IO drug discovery, resulting in risky behavior. In addition, the flood of capital has lowered potential returns and there are a lot of IO agents in development with poorly validated rationale. As a result, Invus' approach to investing incorporates strategies such as diversification, selectivity, exploring synergistic opportunities, investing where innovation is happening, paying a premium for validated approaches when warranted, and assessing reimbursement.The plenary concluded with a panel discussion on monetizing science: the preparation of an IPO, straight licensing with the transition to a public company, and decision-making on prioritization within portfolios. Key takeaways included strategies for building out scientific and executive talent, the importance of having a scientific advisory board to test out the research, and being prepared to be a public company.The Trends and Collaborations plenary featured presentations by three major industry media companies in the IO field, which discussed new trends and their effect on the investment landscape.BioCentury analyzes IO trends at recent medical meetings using machine learning, began Simone Fishburn, PhD, VP, and Executive Editor. Despite the huge focus on PD (L)-1, academics and companies are aggressively looking for, and finding new targets, with LAG3 topping the list in company oncology pipelines in 2019. CAR T activity is moving into solid tumors, with new constructs and multiple tumor antigens targeted. Immunometabolism and tumor mutation burden are hot topics. Funding for IO start-ups is outstripping other areas, both inside and outside oncology, drawing traditional and corporate investors.According to John D. Carroll (Endpoints News), these trends are supported by global data published by the Cancer Research Institute, which show that there were 3394 IO agents representing 417 targets in the pipeline in 2018, representing a 67% increase over 2017.How are these trends affecting the investment landscape? According to Jeff Bockman, PhD (Cello Health BioConsulting), IO dominates oncology growth, but not sales. Moreover, although IO deals have shown evidence of slowing, whether due to maturation, saturation, or fatigue, and oncology and IO investments remain robust.The Business Development plenary, hosted by Solebury Trout, included panel discussions on partnering, fundraising, and rational investing. The first panel discussed IO partnering strategies from the viewpoint of pharma and academia. According to Dr. Hoos, who the partnering in this space have but there has much and is only that companies have started their unique which will a partnering the for is tumor and the and the companies on the panel and there to be both and with some moving from and on those that can IO and agents are being by most in the and are to play which was for and discussed in the IO space and a number of For example, the panel stressed the importance of at and and on key and as a private on their ecosystem their investors with in the past, key to their than at with the top at the with key the of and companies introduce than need to so that can panel focused on IO investment investors this an time, with a future for many modalities. However, the massive of data is it to to to from a The investors on the panel on a variety of such as the of and whether the data support a or whether an agent has a or has a niche in the IO important is a in their and their to plenary ended with a with of by Solebury Trout, the discussion focused on in the company, with a an For companies looking for highlighted the fact that as a and stressed the need to and where are are some very so both and in to a with a can try and to more like in As industry are companies can be quickly with limited capital, like companies have in the began with a keynote, to led by and MD, of of According to Dr. we are at an in it has from one to has the and of tumor types, agents and trials are and there is an to use to enable to of trials are the way new therapies are developed for cancer, make better and more personalized The of are testing drugs where most (i.e. the order of therapy to about response in the of building an to evaluate drugs and using imaging and biomarker and being by is a platform trial for of biopsy is used to assess and imaging and adaptive The and the are structured to enable and release of agents the The primary is response which is a highly of and and is in biomarker The from biomarker and is to drug to Dr. we want innovation to we have to The focus of new drug development be a a from of metastatic to is a huge is also a huge goal of is to of patients to with and of therapy based on Dr. ended with one of for drug from finding out which drug be to the with two The first Science and Emerging Biomarkers Part was led by PhD, of and to focus on biology and to help predict to Technologies discussed included to enhance antibody therapeutics mechanisms of to immune the for biomarker discovery a and a receptor in second for IO was led by of and was for clinical trial who to it to an IO clinical discussed included an clinical trial study a complex Phase 1 trial in IO and clinical trial for The ended in a panel discussion on the challenges with IO data and to advance to PhD, at the and (i.e. may not the clinical benefit of IO agents. As a result, trends include the use of immune response machine learning to the of imaging and new techniques. The IO plenary up the with a discussion of novel imaging are unique challenges with the use of response at IO clinical as a of complex According to some of these challenges can be by the and of response and including a of in the can be by the use of and and analysis and PhD are being used in with to more from to as as better between and such as the CD8 PET discussed is also an evolving Similarly, imaging using PET an to assess all of a tumors for with a single PET and assess use of a novel three opened with the of with cancer, cancer 10 as metastatic chemotherapy and therapies, and of an immunotherapy trial at the The the that cancer, and those cells in the an of the cells and the cancer has the of being the first to be of metastatic cancer a of to to from in the concluded with some to patients who be in the same the same to with cancer or out as much as you can about to a cancer to to not just one of therapy but several of out about clinical trials and whether you can in The is out there and you as try and on the was a panel discussion on to IO in a The are to but be and and the of a tumor to be want to if the tumor has by the adaptive immune is it by T cells if do have an immunosuppressive factors are in the tumor However, are an important the is the of the cell types are but also and able to look in the is but it doesn't provide all the can all these be with a new plenary for Cell According to Dr. Gulley, therapy has the to on the of cancer there is activity in hematologic but it's is needed to achieve the same effect in solid tumors, so this is where there is much The is to was in studies but the benefit to a of patients. The new technologies and targets discussed in this plenary to do just technology to a T cells their However, in the of approved CAR are According to MD of this as a of of and of He cited a where CD19 in a single cell led to by the CD19 which may have important for manufacturing and other cell therapies. For and the can be with a CAR T or it can be with a new of CAR that the SPEAR are an engineered T-cell of cells that are to a that a antigen in many technology an over CAR T therapy in that it to both and results have in a cancer for which there are no therapies the of noted products a number of over CAR Ts. CAR Ts Chimeric Antigen Receptor developed using the platform are being investigated in and multiple The is to multiple to create T cells with such as the ability to or overcome may an over other therapies in solid tumors in that multiple tumor antigens and there is a of or The technology used to develop the that has and of efficacy have in and the for the has from to to and the is a therapies have the potential to enhance CAR T activity in solid tumors. combination strategies consider both and can be used to enhance cell and and factors in the tumor microenvironment, or and plenary ended with a panel discussion on and clinical to IO therapeutics that will to more and therapies. of the strategies discussed were including a to and products and addressing antigen with or combination In order to we need to address like the when moving from in to the clinical as as cell and the used to create the may the cells, manufacturing and we need to cell therapies so that more patients will have conference concluded with the IO Development plenary, which discussed recent IO clinical The plenary began with an of data for the activity has demonstrated in more than cancer types. The agent has across more than including in is moving into the of therapy, and next-generation biomarkers are to help promising were also for a a and combination immunotherapy and the tumor receptor has to more benefit in Dr. Hoos. However, there is a lot of As a result, “we need to new to the benefit PD Cell therapy has really to the of engineered and we are to the benefit from to solid tumors and overcoming the such as T-cell that in the for patients is",,
W2016739482,2014,Do antioxidants promote cancer growth?,Review Articles A Comprehensive Review of Quality by Design (QbD) and Its Realization in Pharmaceutical Development of Oral Solid Dosage Forms Healthcare-associated Infections: A Ten-year Bibliometric Analysis Artificial Intelligence: The Futuristic Technology in the Drug Discovery Process Overview of Pharmacological Activities of Spirulina Original Articles Nexus between Plasma Homocysteine Levels in Chronic Periodontitis Patients &,,
W3016273480,2020,Machine Learning Approaches for Quality Assessment of Protein Structures,"Protein structures play a very important role in biomedical research, especially in drug discovery and design, which require accurate protein structures in advance. However, experimental determinations of protein structure are prohibitively costly and time-consuming, and computational predictions of protein structures have not been perfected. Methods that assess the quality of protein models can help in selecting the most accurate candidates for further work. Driven by this demand, many structural bioinformatics laboratories have developed methods for estimating model accuracy (EMA). In recent years, EMA by machine learning (ML) have consistently ranked among the top-performing methods in the community-wide CASP challenge. Accordingly, we systematically review all the major ML-based EMA methods developed within the past ten years. The methods are grouped by their employed ML approach-support vector machine, artificial neural networks, ensemble learning, or Bayesian learning-and their significances are discussed from a methodology viewpoint. To orient the reader, we also briefly describe the background of EMA, including the CASP challenge and its evaluation metrics, and introduce the major ML/DL techniques. Overall, this review provides an introductory guide to modern research on protein quality assessment and directions for future research in this area.",,
W2100316620,2014,Network-based Prediction of Cancer under Genetic Storm,"Classification of cancer patients using traditional methods is a challenging task in the medical practice. Owing to rapid advances in microarray technologies, currently expression levels of thousands of genes from individual cancer patients can be measured. The classification of cancer patients by supervised statistical learning algorithms using the gene expression datasets provides an alternative to the traditional methods. Here we present a new network-based supervised classification technique, namely the NBC method. We compare NBC to five traditional classification techniques (support vector machines (SVM), k-nearest neighbor (kNN), naïve Bayes (NB), C4.5, and random forest (RF)) using 50-300 genes selected by five feature selection methods. Our results on five large cancer datasets demonstrate that NBC method outperforms traditional classification techniques. Our analysis suggests that using symmetrical uncertainty (SU) feature selection method with NBC method provides the most accurate classification strategy. Finally, in-depth analysis of the correlation-based co-expression networks chosen by our network-based classifier in different cancer classes shows that there are drastic changes in the network models of different cancer types.",,
W1996202672,2010,A Review of Ensemble Methods in Bioinformatics,"Ensemble learning is an intensively studied technique in machine learning and pattern recognition. Recent work in computational biology has seen an increasing use of ensemble learning methods due to their unique advantages in dealing with small sample size, high-dimensionality, and complex data structures. The aim of this article is two-fold. Firstly, it is to provide a review of the most widely used ensemble learning methods and their application in various bioinformatics problems, including the main topics of gene expression, mass spectrometry-based proteomics, gene-gene interaction identification from genome-wide association studies, and prediction of regulatory elements from DNA and protein sequences. Secondly, we try to identify and summarize future trends of ensemble methods in bioinformatics. Promising directions such as ensemble of support vector machines, meta-ensembles, and ensemble based feature selection are discussed. Keywords: Ensemble learning, bioinformatics, microarray, mass spectrometry-based proteomics, gene-gene interaction, regulatory elements prediction, ensemble of support vector machines, meta ensemble, ensemble feature selection.",,
W2800291939,2018,Min-Redundancy and Max-Relevance Multi-view Feature Selection for Predicting Ovarian Cancer Survival using Multi-omics Data,"Abstract Background Large-scale collaborative precision medicine initiatives (e.g., The Cancer Genome Atlas (TCGA)) are yielding rich multi-omics data. Integrative analyses of the resulting multi-omics data, such as somatic mutation, copy number alteration (CNA), DNA methylation, miRNA, gene expression, and protein expression, offer the tantalizing possibilities of realizing the potential of precision medicine in cancer prevention, diagnosis, and treatment by substantially improving our understanding of underlying mechanisms as well as the discovery of novel biomarkers for different types of cancers. However, such analyses present a number of challenges, including the heterogeneity of data types, and the extreme high-dimensionality of omics data. Methods In this study, we propose a novel framework for integrating multi-omics data based on multi-view feature selection, an emerging research problem in machine learning research. We also present a novel multi-view feature selection algorithm, MRMR-mv, which adapts the well-known Min-Redundancy and Maximum-Relevance (MRMR) single-view feature selection algorithm for the multi-view settings. Results We report results of experiments on the task of building a predictive model of cancer survival from an ovarian cancer multi-omics dataset derived from the TCGA database. Our results suggest that multi-view models for predicting ovarian cancer survival outperform both view-specific models (i.e., models trained and tested using one multi-omics data source) and models based on two baseline data fusion methods. Conclusions Our results demonstrate the potential of multi-view feature selection in integrative analyses and predictive modeling from multi-omics data.",,
W2328464414,2013,Microbiota Involvement in the Gut–Brain Axis,"The intestinal microbiota consists of approximately 1013 to 1014 microorganisms, a global microbial community dominated by bacteria, mainly strict anaerobes, but also including viruses, protozoa, archaea, and fungi (1). Although several studies have investigated the bacterial communities in infants, our understanding of the microbiota in children of different ages remains limited because only 20% of the bacterial species have been successfully cultured (2). The limitation of these quantitative and qualitative descriptions reflects the methodological difficulty encountered when trying to delineate and enumerate the constituents of a normal microbiota. Traditional culture-based analyses are adequate only for the minority of the gut microbes that are amenable to cultivation. As new culture-independent techniques, such as genome sequencing and metagenomic techniques, become available and less expensive, the likelihood of a more comprehensive analysis will increase (3). Although gut microbiota comprises a wide variety of bacterial species and strains whose composition and density vary along the gastrointestinal (GI) tract, it is largely defined by 2 bacterial phylotypes, Bacterioidetes and Firmicutes, with Proteonacteria, Acinobacteria, Fusobacteria, and Verrucomicrobia phyla present in relatively low numbers. The size of 1 microbial metagenome, also called microbiome, is 150 times larger than the human genome and encodes 100 times more genes than our own genome. This extensive gene catalogue may enable us to study potential associations between microbial genes and human phenotypes and even environmental factors throughout our lifetime. Indeed, the microbiota acts as a personalized organ that can be modified by diet, lifestyle, prebiotics, probiotics, and antibiotics. COLONIZATION OF THE GI TRACT The GI tract of a normal fetus has traditionally been thought of as sterile; however, studies suggest that the fetal intestine may be exposed to microbes via swallowing of colonized amniotic fluid. Nevertheless, colonization of the infant gut commences at birth, when delivery exposes the infant to a complex microflora with aerobic or facultative bacteria, such as enterobacteria, enterococci, and staphylococci, colonizing the GI tract immediately (4). During growth, the intestinal milieu changes, creating the conditions for the proliferation of anaerobic bacteria. The numbers and diversity of strict anaerobes such as Bifidobacterium, Clostridium, and Bacteriodes increase later as a result of diet and environment and after weaning. At age 1 year, a complex adult-like microbiota is evident. A complex microbiota dominated by obligate anaerobes provides a strong barrier against the establishment and proliferation of new bacterial strains, a phenomenon termed “colonization resistance.” An infant's gestational age at birth (preterm or full-term infants) and mode of delivery (vaginal birth or caesarean section [CS]) seem to have significant effects on the intestinal microbiota. Preterm infants admitted to the neonatal intensive care unit, where they are exposed to increased use of antibiotics, parenteral nutrition, and the like, show delayed colonization and a limited number of bacterial species, often selected based upon their resistance to broad-spectrum antibiotics (5). When infants are born by CS, they are deprived of contact with their mother's vaginal and intestinal microbiota and have lower numbers of Bifidobacteria, Bacteroides, and Escherichia coli compared with vaginally delivered infants (6). Other bacteria expand in CS-delivered infants as a result of reduced competition. Infants living under poor sanitary and crowded conditions in developing countries are colonised earlier than infants in affluent Western societies by E coli and other Enterobacteriaceae, enterococci, and lactobacilli (7). They also have a larger number of species and a more rapid turnover of bacterial strains. It is possible that the establishment of a complex microbiota proceeds faster in developing counties than in developed countries. Because of the differences in composition between human milk and standard infant formula, there is evidence in the literature that GI flora composition differs substantially in breast- and formula-fed infants (8). Studies using quantitative real-time polymerase chain reaction assays on infants’ fecal samples show that Bifidobacteria are the most prevalent bacteria found in the flora of both feeding groups, but their amount is significantly higher in breast-fed than in formula-fed infants (9). Instead, the amount of E coli and bacteroides is significantly higher in formula-fed than in breast-fed infants (10). The gut microbiota is a major stimulus for the immune system, and a late acquisition of gut bacteria or a reduced complexity of the microbiota may delay immune maturation. MICROBIOTA AND HEALTH BENEFIT Despite a significant interpersonal variation, there seems to be a balance among bacterial species in a microbial stable core that confers health benefits. An alteration in beneficial bacteria by infection, disease, diet, and antibiotics can negatively influence the well-being of the individual. Altered microbiota can revert to the stable diversity established in infancy once the initial modifying factor has subsided. Within the GI tract, different microbiota has a mutually beneficial relationship with their host. The microbiota plays a critical role in supporting normal digestion; for example, human milk oligosaccharides (11) and host metabolism promote bacterial fermentation of unused energy substrates of dietary fibre to short-chain fatty acids. Short-chain fatty acids play an important role in appetite regulation through increasing anorexigenic enteroendocrine hormones such as peptide YY and glucagon-like peptide-1 and through modulation of energy storage, extracting calories from otherwise unavailable oligosaccharides (12). Conventionally reared mice have 40% higher body fat content than germfree mice, despite lower food consumption (13). It is also now known that the microbiota is essential for normal peristalsis. Normal intestinal motility requires coordination between the extrinsic neurons, enteric motor neurons, interstitial cells of Cajal and smooth muscle cells. The enteric nervous system (ENS) is a complex integrative division of the autonomic nervous system that is capable of controlling GI function. The abnormal motility of germ-free mice probably reflects a combination of the lack of a mature enteroendocrine system, changes in neurotransmission, and immaturity of the mucosal immune system (14). The prevention of colonization by pathogens is achieved in large part through the resident microbiota by competing for nutrients and receptors, producing antimicrobial compounds, and triggering the expression of multiple antimicrobial factors in Paneth cells (15). Based upon different animal studies, it is clear that the microbiota is involved in the maintenance of barrier function, inducing increased epithelial cell proliferation and enhancing intestinal epithelial integrity through translocation of the tight junction protein zonula occludens 1 and upregulation of genes involved in desmosome maintenance (16). The gut microbiota contains a host of inflammatory components, and its presence evokes low-grade inflammation, influencing the entire organism. Germ-free studies revealed that the microbiota is essential for the development of the gut-associated lymphoid tissue and plays an important role in shaping the immunological response through the stimulation of the synthesis and secretion of immunoglobulin A and through the production of a balanced T-helper cell response (optimal equilibrium between TH1 and TH2-like immunity) (17). Germ-free animals have few immune cells in the intestinal lamina propria and few intraepithelial lymphocytes. Their Peyer's patches and mesenteric lymph nodes are small and lack germinal centers. Reduced microbial stimulation during infancy results in slower postnatal maturation of the immune system, with difficulty in the capacity to differentiate potentially dangerous from harmless antigens (18). Pathogen or commensal recognition by T-cell receptors results in a cascade of different events and different outcomes in triggering immune responses and intestinal neural pathways (19). The health benefits of human microbiota are as follows: Supports normal digestion Modulates normal intestinal peristalsis Prevents colonisation by pathogens Maintains barrier function Evokes low grade of inflammation Shapes the immunologic response GUT–BRAIN INTERACTION The gut–brain interaction is a complex bidirectional communication system that exists between the central nervous system (CNS) and the GI tract (20). This interaction has been reflected in the form of a revised nomenclature to the more inclusive term “brain–gut–microbiota axis” and there is now a sustained research effort to establish how communication along this axis contributes to both normal and pathological conditions. The gut–brain axis integrates cognitive and emotional centres in the CNS with the neuroendocrine and neuroimmune systems, the sympathetic and parasympathetic arms of the autonomic nervous system, the hypothalamic–pituitary–adrenal axis, the ENS, also called the “little brain,” and the intestinal microbiota. Through this bidirectional complex network, the CNS and the gut are intimately connected. Signals from the brain influence the motor, sensory, and secretory functions of the GI tract by releasing neuropeptides and hormones, and conversely visceral messages from the GI tract can influence brain function, mood, and behaviour (21,22). There is evidence of a beneficial effect of using probiotics and prebiotics in hepatic encephalopathy (23), and there are numerous animal studies that indicate a CNS change in responses to alteration in the composition of gut microbes. One approach that is being used to study the role of microbiota on the host's health is the use of germ-free animals. Germ-free mice, which are animals devoid of any bacterial contamination, offer the possibility of studying the impact of the complete absence of microbiota on GI functions and gut–brain axis–related functions. The cross-talk among the gut microbiota, the immune system, and the gut–brain axis also seems to play an important role in the modulation of the stress response. Microbiota communicates with gut–brain axis through different mechanisms and multiple routes, as follows: Direct interaction with mucosal cell (endocrine message) through the release of bacterial substances, fermentation products such as short-chain fatty acids, and indirectly stimulating the production of intestinal neuroendocrine factors Via immune cells (immune message) through recognition of pathogen-associated molecular patterns by Toll-like receptors, which modulate the expression of factors, such as cytokines and chemokines, that recruit and change the phenotype and function of immune and inflammatory cells. Mast cells are important effectors of the gut–brain axis, which translate the stress signals into the release of a wide range of neurotransmitters and proinflammatory cytokines. Neurons, astrocytes, and microglial cells express membrane surface receptors that are specific to the molecular products of immune cells, which underlie brain cellular responses to immunological signals. Via contact with neural endings (neuronal message) through increasing expression of GABA receptors, by inducing the expression of opioid and cannabinoid receptors in intestinal epithelial cells; via elevation in the plasma of tryptophan, a precursor to serotonin, which is a key neurotransmitter within the gut–brain axis; among other pathways. Obviously, multiple mechanisms are possible and further studies will clarify both neural and humoral routes through which the intestinal communal microflora may influence ENS and CNS signalling (Fig. 1). Taken together, it is clear that microbiota can modulate various aspects of the gut–brain axis; however, these effects are bacterial strain dependent and care must be taken in extrapolating data obtained from one organism to another.FIGURE 1: The interaction among the immune, neuronal, and endocrine components of the communication between the central nervous system and the gastrointestinal tract.A disturbance in the primary colonization or in the balance of normal intestinal microflora (or the host response to this) has been shown to play a critical role in the pathogenesis of a wide variety of intestinal and extraintestinal disorders. Bacterial colonization of the intestine plays a major role in the postnatal development and maturation of the immune nervous and endocrine systems. These processes are key factors underpinning CNS signalling and suggest a role for microbiota in the modulation of mood and behaviour (24). Microbiota plays an important role in the modulation of the hypothalamic–pituitary–adrenal axis, activated in response to a variety of physical and psychological stressors (25). One of the important coordinators of the endocrine, behavioural, and immune responses to stress is corticothropin-releasing factor (CRF). CRF has a potent effect on gut via modulation of inflammation, increase of gut permeability, contribution to visceral hypersensitivity, and modulation of the gut motility (26). Stressors in GF mice induce an exaggerated release of CRF with an abnormal activation of the hypothalamic–pituitary–adrenal axis involved in stress response. The pituitary gland responds to CRF by releasing adrenocorticotropic hormone to stimulate the adrenal glands’ secretion of cortisol. This abnormal stress response in GF mice is partially reversed by bacterial recolonisation (27). Other authors report in GF mice a reduction in anxiety behaviour and an upregulation in the expression of brain-derived neurotrophic factor, a protein involved in multiple aspects of cognitive and emotional behaviours through the modulation of new neuron and synapse growth and differentiation. A strategy using antibiotic-induced dysbiosis of the microbiota resulted in mice displaying less anxiety-like behaviour and altered protein levels of brain-derived neurotrophic factor. The discontinuation of the antibiotic cocktail restored the normal behavioural profile of the animals (28). Similar perturbation of the microbiota by administration of pathogen bacteria has been shown to increase anxiety-like behaviour and produce stress-induced memory dysfunction, reverted by daily administration of a probiotic cocktail. The human brain achieves its nearly complete neuronal capacity by birth, but brain development does not cease at birth. Rather, during infancy the brain establishes the myriad synaptic connections that provide the essential substrate for functional brain networks that underlie perception, cognition, and action. A recent study revealed that the bacterial content of the gut can modulate brain developmental pathways (29). This regulation has explicit time constraints, with a critical developmental window in the early postnatal period during which gut microbiota may modulate synaptogenesis through changes in the expression of genes whose products influence neurotransmitter modulation in the nervous system. The microbial colonization process modulates signalling mechanisms that affect neuronal circuits involved in motor and sensitive control and can influence the neural network responsible for controlling stress responsiveness. Although the microbiota exerts a broad influence on brain functions, the converse is also true. The brain can alter the microbiota through modulation of intestinal secretion, permeability, and motility, removing excessive bacteria from the lumen and preventing bacterial overgrowth (30). Signalling molecules released into the gut lumen from cells in the lamina propria that are under the control of the CNS can result in changes in GI motility and secretion as well as intestinal permeability, thus altering the GI environment in which the bacteria reside (29). There is evidence that exposure to stress may be responsible for the dysregulation of the gut–brain axis, thus leading to the different diseases of the gut. Changes in bidirectional interplay between the microbiota and the brain have been implicated in the pathophysiology of functional GI disorders, such as infant colic or irritable bowel syndrome (31) and in the pathogenesis of other GI diseases, such as inflammatory bowel disease, food antigen-related adverse responses, peptic ulcer, and gastroesophageal reflux disease (32). ROLE OF PROBIOTICS IN THE GUT–BRAIN AXIS An aberrant gut microbial composition, such as an inadequate lactobacilli level and an increased concentration of coliforms in the first months of life, may play an important role in the pathogenesis of GI stress-related disorders. Indeed, intestinal colonization by lactobacilli may be a prerequisite for normal gut–brain axis function. Growing evidence supports that the gut–brain axis is responsive in humans to a variety of nutritional interventions, including the administration of probiotics. Gut microbiota may modulate the sensory response to pain and some probiotics may inhibit hypersensitivity and perhaps intestinal permeability (33). The postulated mechanisms of action of probiotics on stressed GI mucosa include improvement of the barrier function of the epithelium, suppression of the growth and binding of pathogenic bacteria, positive effect on visceral hypersensitivity, and immunomodulatory effect. Although the exact mechanisms are not well understood, evidence is mounting to support the role of probiotic intervention in reducing anxiety and stress response, with some probiotics having the potential to lower inflammatory cytokines and decrease oxidative stress and others altering the expression of the GABA receptor in the CNS (34). Interestingly, vagotomy prevented this effect of probiotics, suggesting that parasympathetic innervation plays an important role in the transmission of information from gut to brain and also in homeostasis associated with the immune system. It is now known that specific microbes alter pain pathways in the intestine, inducing the expression of opioid and cannabinoid receptors in intestinal epithelial cells and mediating analgesic functions in the gut, similar to the effects of morphine (35). A role for the gut microbiota also has been proposed in decreasing visceral hypersensitivity through the modulation of dorsal root ganglion single-unit activity to colorectal distension (36). The benefit of supplementation with L reuteri has been reported in infants and experimental data suggest that the effect of probiotics may be related to the influence on immune response, gut motility, and pain transmission and perception (37). Despite the high number of studies using probiotics, several questions remain unanswered, such as the optimal dose, the role of combination therapy, strain-specific activity, stability within the GI tract, possible development of antibiotic resistance, and the duration of therapy. CONCLUSIONS The brain and the intestine constantly communicate with each other and the gut microbiota seems to play a critical role in this interaction. There is a time window when the gut microbiota may affect the structure and the function of the brain. Administration of probiotics may lead to behavioural changes in humans, but this conclusion warrants further investigation.",,
W3036962145,2020,Classification of Cancer Types Using Graph Convolutional Neural Networks,"Background: Cancer has been a leading cause of death in the United States with significant health care costs. Accurate prediction of cancers at an early stage and understanding the genomic mechanisms that drive cancer development are vital to the improvement of treatment outcomes and survival rates, thus resulting in significant social and economic impacts. Attempts have been made to classify cancer types with machine learning techniques during the past two decades and deep learning approaches more recently. Results: In this paper, we established four models with graph convolutional neural network (GCNN) that use unstructured gene expressions as inputs to classify different tumor and non-tumor samples into their designated 33 cancer types or as normal. Four GCNN models based on a co-expression graph, co-expression+singleton graph, protein-protein interaction (PPI) graph, and PPI+singleton graph have been designed and implemented. They were trained and tested on combined 10,340 cancer samples and 731 normal tissue samples from The Cancer Genome Atlas (TCGA) dataset. The established GCNN models achieved excellent prediction accuracies (89.9-94.7%) among 34 classes (33 cancer types and a normal group). In silico gene-perturbation experiments were performed on four models based on co-expression graph, co-expression+singleton, PPI graph, and PPI+singleton graphs. The co-expression GCNN model was further interpreted to identify a total of 428 markers genes that drive the classification of 33 cancer types and normal. The concordance of differential expressions of these markers between the represented cancer type and others are confirmed. Successful classification of cancer types and a normal group regardless of normal tissues’ origin suggested that the identified markers are cancer-specific rather than tissue-specific. Conclusion: Novel GCNN models have been established to predict cancer types or normal tissue based on gene expression profiles. We demonstrated the results from the TCGA dataset that these models can produce accurate classification (above 94%), using cancer-specific markers genes. The models and the source codes are publicly available and can be readily adapted to the diagnosis of cancer and other diseases by the data-driven modeling research community.",,
W2139249401,2013,"The International Society of Computational Biology presents: the Great Lakes Bioinformatics Conference, May 16–18, 2014, Cincinnati, Ohio","The Great Lakes Bioinformatics Consortium (GLBC) is pleased to announce its ninth annual conference, the Great Lakes Bioinformatics Conference (GLBIO), to be held May 16–18, 2014 in Cincinnati, OH. GLBIO 2014 will be hosted by Cincinnati Children’s Hospital Medical Center in conjunction with the University of Cincinnati. The conference, an official conference of the International Society for Computational Biology (ISCB), provides an interdisciplinary forum for the discussion of research findings and methods, and development of long-term relationships and networking opportunities, for researchers within the region, as well as from around the world. The program will include oral presentations, poster presentations, invited keynote speakers and tutorials. From novice to expert, attendees partake in a variety of workshops, tutorials, presentations, posters, networking events and exhibits. Keynote speakers include Gary Bader, The Donnelly Centre at the University of Toronto; Tanya Y. Berger-Wolf, Department of Computer Science, University of Illinois; Charles Brooks, University of Michigan and Mike Hawrylycz, Allen Institute for Brain Science. Hands-on tutorials will be led by Sorin Draghici, Wayne State University (advanced gene network); Anil Jegga, Children’s Hospital Medical Center, University of Cincinnati (advanced gene network); Jarek Meller, Children’s Hospital Medical Center, University of Cincinnati (an introduction to bioinformatics); Isaac Neuhaus, University of CA at San Francisco (visualization web interface JavaScript for programmers); Larsson Omberg, Sage Bionetworks (an introduction to Sage Synapys platform) and more! Interested in being a part of this dynamic group of speakers? See the GLBIO 2014 Web site for details and links, at www.iscb.org/glbio. GLBIO 2014 will also feature professional and career development sessions sponsored by Federation of American Societies of Experimental Biology (FASEB) Minority Access to Research Careers (MARC). This unique program will include a career fair, wherein students will receive career guidance (including a curriculum vitae (CV) critique) and will have the opportunity to meet with recruiters. Conference educational session topics will include Algorithm Development and Machine Learning, Bioimage Analysis, Biological Networks, Chemical Biology, Disease Models and Molecular Medicine, Evolutionary, Comparative and Metagenomics and many more! GLBIO has established a strong reputation for building relationships among a nationally prominent bioscience research community, showcasing the North American Great Lakes region as a perfect place to conduct computer-aided research in the life sciences. Of the 250 attendees of GLBIO 2013, 70% of conference attendees said they would attend the 2014 conference and 96% stated they would recommend the GLBIO conference to a colleague. For more information, please go to www.iscb.org/glbio to learn more about this exciting and unique gathering of industry experts and collegiate giants. Mark your calendar today and join us in Cincinnati at GLBIO 2014! Interested in supporting GLBIO 2014 through sponsorship or exhibiting? Please contact Stacy Slagor, Director of Corporate Relations and Development, ISCB, at [email protected]. About the Great Lakes Bioinformatics Consortium: The Great Lakes Bioinformatics Consortium strives to enhance educational opportunities and research infrastructure throughout the region, to make the Great Lakes a world leader in bioinformatics and to facilitate new discoveries in data-intensive biological research. The annual research meeting (GLBIO) serves as an informal communication and networking forum for professional development. We believe that by bringing together the Great Lakes bioinformatics community on a regular basis, many new initiatives will be born. The GLBC foresees development of regional research center grant proposals to identify central strengths for research centers in the Great Lakes region and to create funded centers for bioinformatics research. Additionally, the GLBC envisions scholarship and training investments that are focused on developing talent within the Great Lakes region. About the International Society for Computational Biology : The ISCB (www.iscb.org) is the sole society representing computational biology and bioinformatics on a worldwide scale. ISCB serves a global community of >3000 scientists who are dedicated to advancing the scientific understanding of living systems through computation. It convenes the world’s experts and future leaders in top conferences, including the Intelligent Systems in Molecular Biology (ISMB) Conference, and features journals that promote discovery and expand access to computational biology and bioinformatics. It delivers valuable information about training, education, employment and other relevant news. ISCB also provides an influential voice on government policies and scientific policies that are important to its members and to the general public.",,
W4287629587,2020,DeepFoldit -- A Deep Reinforcement Learning Neural Network Folding\n Proteins,"Despite considerable progress, ab initio protein structure prediction remains\nsuboptimal. A crowdsourcing approach is the online puzzle video game Foldit,\nthat provided several useful results that matched or even outperformed\nalgorithmically computed solutions. Using Foldit, the WeFold crowd had several\nsuccessful participations in the Critical Assessment of Techniques for Protein\nStructure Prediction. Based on the recent Foldit standalone version, we trained\na deep reinforcement neural network called DeepFoldit to improve the score\nassigned to an unfolded protein, using the Q-learning method with experience\nreplay. This paper is focused on model improvement through hyperparameter\ntuning. We examined various implementations by examining different model\narchitectures and changing hyperparameter values to improve the accuracy of the\nmodel. The new model hyper-parameters also improved its ability to generalize.\nInitial results, from the latest implementation, show that given a set of small\nunfolded training proteins, DeepFoldit learns action sequences that improve the\nscore both on the training set and on novel test proteins. Our approach\ncombines the intuitive user interface of Foldit with the efficiency of deep\nreinforcement learning.\n",,
W2903423105,2018,Reconstructing probabilistic trees of cellular differentiation from single-cell RNA-seq data,"Until recently, transcriptomics was limited to bulk RNA sequencing, obscuring the underlying expression patterns of individual cells in favor of a global average. Thanks to technological advances, we can now profile gene expression across thousands or millions of individual cells in parallel. This new type of data has led to the intriguing discovery that individual cell profiles can reflect the imprint of time or dynamic processes. However, synthesizing this information to reconstruct dynamic biological phenomena from data that are noisy, heterogenous, and sparse---and from processes that may unfold asynchronously---poses a complex computational and statistical challenge. Here, we develop a full generative model for probabilistically reconstructing trees of cellular differentiation from single-cell RNA-seq data. Specifically, we extend the framework of the classical Dirichlet diffusion tree to simultaneously infer branch topology and latent cell states along continuous trajectories over the full tree. In tandem, we construct a novel Markov chain Monte Carlo sampler that interleaves Metropolis-Hastings and message passing to leverage model structure for efficient inference. Finally, we demonstrate that these techniques can recover latent trajectories from simulated single-cell transcriptomes. While this work is motivated by cellular differentiation, we derive a tractable model that provides flexible densities for any data (coupled with an appropriate noise model) that arise from continuous evolution along a latent nonparametric tree.",,
W3176500302,2019,Mouse models of hypoplastic left heart syndrome (HLHS) reveal new targets for potential intervention,"Hypoplastic left heart syndrome (HLHS) is one of the most lethal congenital heart disease (CHD), with a 30% 5‐year mortality rate after surgical palliation. Patients can succumb to heart failure and among surviving patients, neurodevelopmental delay and neurobehavioral and neurocognitive disabilities are observed at a high prevalence. While hypoxia and hemodynamic disturbance related to the structural heart defect and from cardiopulmonary bypass surgical intervention are suggested as factors driving these poor outcomes, studies over the past decade indicate they are largely attributable to as yet unidentified patient intrinsic factors. The recent recovery of mouse models of HLHS has provided some insights into the nature of such intrinsic factors. Analysis of the HLHS mutant mice have revealed HLHS has a complex genetic architecture and is profoundly genetically heterogeneous. Detailed investigation of the Ohia HLHS mutant mouse line showed HLHS arises combinatorially from mutations in two genes, Sap130 – a chromatin modifying protein in the Sin3A HDAC repressor complex, and PchdhA9 ‐ a protocadherin mediating cell‐cell adhesion. While Sap130 drives the LV hypoplasia, Pcdha9 drives the aortic valve defects and can cause bicuspid aortic valve. These findings have been validated with the production and analysis of CRISPR gene targeted mice and zebrafish models. Analyses of CHD defects in Ohia mutant mice and the emergence of HLHS during embryonic/fetal development indicated the LV hypoplasia is not hemodynamically driven, but instead is associated with cell intrinsic defects involving mitotic cell cycle arrest. Interestingly, the Ohia mutant mice also showed forebrain abnormalities involving hypoplasia of the cerebral cortex, and dysplasia of the hippocampus, corpus callosum and cerebellum, brain structures also observed to be impacted in HLHS patients. Further analysis of a floxed Sap130 allele with Emx1‐Cre targeted forebrain‐specific deletion of Sap130 yielded viable adult mice with normal heart structure but with brain abnormalities that included microcephaly, similar to findings in the Ohia mutant fetuses. This was associated with cell intrinsic defects involving loss of neural progenitors. Brain MRI and neuronal fiber tractography with diffusion tensor imaging revealed extensive alterations in neural network connectivity. Behavioral assessments further showed learning and memory deficits. Together these findings suggest a shared genetic etiology for the heart and brain defects in HLHS. This likely is mediated by cell intrinsic defects, suggesting the need to shift the focus of therapeutic intervention from hemodynamic modulation to targeting the cell intrinsic deficits associated with HLHS. Only then will it be possible to achieve substantive improvement in cardiac and neurodevelopmental outcome for HLHS. Support or Funding Information Funded by NIH Grants HL142788 and HL132024 This abstract is from the Experimental Biology 2019 Meeting. There is no full text article associated with this abstract published in The FASEB Journal .",,
W2890411695,2018,Genetics and biology of prostate cancer,"Despite the high long-term survival in localized prostate cancer, metastatic prostate cancer remains largely incurable even after intensive multimodal therapy. The lethality of advanced disease is driven by the lack of therapeutic regimens capable of generating durable responses in the setting of extreme tumor heterogeneity on the genetic and cell biological levels. Here, we review available prostate cancer model systems, the prostate cancer genome atlas, cellular and functional heterogeneity in the tumor microenvironment, tumor-intrinsic and tumor-extrinsic mechanisms underlying therapeutic resistance, and technological advances focused on disease detection and management. These advances, along with an improved understanding of the adaptive responses to conventional cancer therapies, anti-androgen therapy, and immunotherapy, are catalyzing development of more effective therapeutic strategies for advanced disease. In particular, knowledge of the heterotypic interactions between and coevolution of cancer and host cells in the tumor microenvironment has illuminated novel therapeutic combinations with a strong potential for more durable therapeutic responses and eventual cures for advanced disease. Improved disease management will also benefit from artificial intelligence-based expert decision support systems for proper standard of care, prognostic determinant biomarkers to minimize overtreatment of localized disease, and new standards of care accelerated by next-generation adaptive clinical trials.",,
W2193170334,2016,Classification of breast cancer patients using somatic mutation profiles and machine learning approaches,"BACKGROUND: The high degree of heterogeneity observed in breast cancers makes it very difficult to classify the cancer patients into distinct clinical subgroups and consequently limits the ability to devise effective therapeutic strategies. Several classification strategies based on ER/PR/HER2 expression or the expression profiles of a panel of genes have helped, but such methods often produce misleading results due to their dynamic nature. In contrast, somatic DNA mutations are relatively stable and lead to initiation and progression of many sporadic cancers. Hence in this study, we explore the use of gene mutation profiles to classify, characterize and predict the subgroups of breast cancers. RESULTS: We analyzed the whole exome sequencing data from 358 ethnically similar breast cancer patients in The Cancer Genome Atlas (TCGA) project. Somatic and non-synonymous single nucleotide variants identified from each patient were assigned a quantitative score (C-score) that represents the extent of negative impact on the gene function. Using these scores with non-negative matrix factorization method, we clustered the patients into three subgroups. By comparing the clinical stage of patients, we identified an early-stage-enriched and a late-stage-enriched subgroup. Comparison of the mutation scores of early and late-stage-enriched subgroups identified 358 genes that carry significantly higher mutations rates in the late stage subgroup. Functional characterization of these genes revealed important functional gene families that carry a heavy mutational load in the late state rich subgroup of patients. Finally, using the identified subgroups, we also developed a supervised classification model to predict the stage of the patients. CONCLUSIONS: This study demonstrates that gene mutation profiles can be effectively used with unsupervised machine-learning methods to identify clinically distinguishable breast cancer subgroups. The classification model developed in this method could provide a reasonable prediction of the cancer patients' stage solely based on their mutation profiles. This study represents the first use of only somatic mutation profile data to identify and predict breast cancer subgroups and this generic methodology can also be applied to other cancer datasets.",,
W2979910146,2019,Recent advances in the detection of base modifications using the Nanopore sequencer,"DNA and RNA modifications have important functions, including the regulation of gene expression. Existing methods based on short-read sequencing for the detection of modifications show difficulty in determining the modification patterns of single chromosomes or an entire transcript sequence. Furthermore, the kinds of modifications for which detection methods are available are very limited. The Nanopore sequencer is a single-molecule, long-read sequencer that can directly sequence RNA as well as DNA. Moreover, the Nanopore sequencer detects modifications on long DNA and RNA molecules. In this review, we mainly focus on base modification detection in the DNA and RNA of mammals using the Nanopore sequencer. We summarize current studies of modifications using the Nanopore sequencer, detection tools using statistical tests or machine learning, and applications of this technology, such as analyses of open chromatin, DNA replication, and RNA metabolism.",,
W2971973832,2019,Classification of Brain Tumor IDH Status using MRI and Deep Learning,"Abstract Isocitrate dehydrogenase (IDH) mutation status is an important marker in glioma diagnosis and therapy. We propose a novel automated pipeline for predicting IDH status noninvasively using deep learning and T2-weighted (T2w) MR images with minimal preprocessing (N4 bias correction and normalization to zero mean and unit variance). T2w MRI and genomic data were obtained from The Cancer Imaging Archive dataset (TCIA) for 260 subjects (120 High grade and 140 Low grade gliomas). A fully automated 2D densely connected model was trained to classify IDH mutation status on 208 subjects and tested on another held-out set of 52 subjects, using 5-fold cross validation. Data leakage was avoided by ensuring subject separation during the slice-wise randomization. Mean classification accuracy of 90.5% was achieved for each axial slice in predicting the three classes of no tumor, IDH mutated and IDH wild-type. Test accuracy of 83.8% was achieved in predicting IDH mutation status for individual subjects on the test dataset of 52 subjects. We demonstrate a deep learning method to predict IDH mutation status using T2w MRI alone. Radiologic imaging studies using deep learning methods must address data leakage (subject duplication) in the randomization process to avoid upward bias in the reported classification accuracy.",,
W2615547322,2017,Concod: an effective integration framework of consensus-based calling deletions from next-generation sequencing data,"Detection of structural variations such as deletion with short sequence reads from next-generation sequencing is a significant but challenging problem in the field of genome analysis. This paper proposes a conceptual framework to improve the effects of calling deletions. Although the genetic sequencing tools are massively produced for the moment, not a single method clearly outperforms all other methods. At present, a widely used way of deletion detection is merging, which combined all the features to achieve more accurate deletion calling. However, most existing methods using the combining approach are heuristic and the called deletions by these tools still contain many wrongly called deletions. In this paper, we introduce Concod, an effective integration framework using machine learning to detect deletions. First, Concod collects the candidate deletions from multiple existing deletion detection tools. Then, based on the multiple detection theories, the features of candidates are extracted from sequence. Last, according to these features, a machine learning model is trained to distinguish the true and false candidates. We test our framework on different coverage of real data and make a comparison with other existing tools, including Pindel, SVseq2, BreakDancer and DELLY. Results show that Concod improves both precision and sensitivity of deletion detection significantly.",,
W2945484151,2019,Speaking to nature: a deep learning representational model of proteins ushers in protein linguistics,"Understanding, modifying and designing proteins require an intimate knowledge of their 3D structure. Even structure-agnostic protein engineering approaches, such as directed evolution, are limited in scope because of the vast potential sequence space and the epistatic effects that multiple mutations have on protein function. To overcome these difficulties, a holistic understanding of sequence–structure–function relationships has to be established. In their recent preprint, members of the Church Group at the Wyss Institute and collaborators describe a novel approach to predicting protein stability and functionality from raw sequence (1). Their representational model UniRep (unified representation), for the first time, demonstrates an advanced understanding of protein features by means of language modeling. Using deep learning techniques, which were recently recognized with the prestigious Turing Award, Alley et al. built a language model for proteins with amino acids as characters based on natural language processing (NLP) techniques. NLP has not only revolutionized our computational understanding of language—think for instance voice-to-text software—but has been coopted for exciting applications in synthetic biology. The recurrent neural network (RNN; a type of neural network which can process sequential inputs such as text) used by Alley et al. was trained by iteratively predicting the next amino acid given the preceding amino acids for the ∼24 million protein sequences contained in the UniRef50 database. The RNN thus gathered implicit knowledge about the context of a given amino acid and higher-level features such as secondary structure. The authors then averaged the protein representation of their RNN at every sequence position to yield a protein language representation they call UniRep. They then extended UniRep by adding representations of the final sequence position of their RNN to generate the more complete representation called ‘UniRep Fusion’, which serves as an overview of the entire protein sequence. UniRep Fusion was then used as an input for a machine learning model to predict protein stability. Notably, this architecture was more accurate than Rosetta, the de facto state-of-the-art for predicting protein stability. Their protein language representation allowed the authors to predict the relative brightness of 64 800 GFP mutants differing in as few as one amino acids. Remarkably, their predicted relative brightness values correlated strongly with experimental observation (r = 0.98). UniRep, as the representation of ∼24 million proteins, captures many phenomena of general importance for protein structure and function. These general features can be complemented by dataset-specific attributes when training on a subset of protein mutants or de novo designed proteins. This approach could for instance be adopted for screening novel proteins generated by deep learning models. Analogous to de novo designed proteins by Rosetta, generating proteins through protein language models might be most advantageous for proteins with radically new functionalities, which are unlikely to be generated by incremental directed evolution. To arrive in this virtual world of protein engineering though, more advances have to be made. It required the authors of UniRep 1 week of GPU usage to train their large model for one epoch (seeing every protein sequence in UniRef50 once). Switching from the redundancy-ridden UniRef50 database (∼24 million sequences) to preUEP (2), a redundancy-reduced protein sequence database (∼8 million sequences), might enable faster training. This reductionist approach might allow for the ‘vocabulary’ of the model to be extended from single amino acids to larger protein fragments, capturing more structural properties. In general, there are a plethora of NLP techniques developed for written languages which might be useful in protein linguistics. One particularly promising concept would be attention (3), the selective focus on sequence stretches far away from each other, which dramatically improves language models. Given that protein language may be considered one of the most natural languages by definition, modern NLP techniques could transform protein linguistics into a potent tool for the study as well as engineering of proteins for the purposes of synthetic biology.",,
W2908407502,2019,"Differences in Health Outcomes between Men and Women: Biological, Behavioral, and Societal Factors","In the US and almost all other high-income countries, women live longer than men. As we enter a new era in which biomedical data are increasingly ubiquitous, it will serve us well to reenvision the research needed to understand the fundamental issues that drive differences in longevity and other health outcomes between men and women. The “Fourth Industrial Revolution” in which biological, physical, and information sciences are merging opens up important possibilities. The ability to measure the entire spectrum of information about the human biological, environmental, and behavioral condition will become both routine and relatively inexpensive: from genes to genomics; from clinical data to the electronic health record and insurance claims; from digital information about behavior and social interaction to geospatial referencing. In addition, because of ubiquitous access to cell phones and the Internet, these streams of information can be accessed in real time. Amid this revolution in the global scientific and social fabric, some of the most fundamental issues in the human condition are the differences in biology, behavior, and outcomes as a function of sex and gender. Sex differences begin with a difference in a single chromosome that leads to multiple obvious physical differences, but the evolution of societies and the changing roles of individuals within societies are also important. In parallel with variation in physical and biological function, gender identity provides a related but often complex construct with distinct biological and social influences. At the beginning of any such discussion, it is useful to acknowledge that beyond the X and Y chromosomes and direct biological structural manifestations, men and women overlap much more than they differ, so that differences should be understood as occurring within a broad spectrum rather than pointing to specific distinct differences. As far as we can tell, for most of human history, men have had life spans equal to or longer than women. For example, in 1812, the estimated mean life expectancy at birth in the city of Boston was 28 years for men, and the life expectancy for women was 25 years (1). The lower life expectancy for women was attributed to the high rate of death during childbirth. The past 2 centuries, though, have seen immense progress in biomedical science and public health that has led to unprecedented extensions in life span for both men and women. Major reductions in deaths during childbirth, especially, have resulted in women having consistently higher life expectancy than men, especially in high-income countries. This trend is clearly demonstrated in the US according to data collected by the National Center for Health Statistics (Fig. 1). (A), Trends in life expectancy at birth for US individuals from 1946 to 2016. Data sourced from the National Health Statistics Center by sex. (B), Age-adjusted death rates for US individuals in 2016 by sex. Data sourced from the Centers for Disease Control and Prevention Wide-ranging Online Data for Epidemiologic Research (WONDER) Underlying Cause of Death database. CKD, chronic kidney disease; CLD, chronic lung disease; CVA, cerebrovascular accident. Recently, the US has seen a troubling reversal in the overall gains in life expectancy that have been consistently noted since the end of the Second World War. US life expectancy dropped for the second year in a row in 2016, a trend primarily driven by increases in deaths among men because of opioid overdose, suicide, and cardiometabolic disease. In addition, differences in life expectancy as a function of sex over the past decade shrank to a historical low of 4.8 years from 2010 to 2015 before widening to 5.0 in 2016 (Fig. 1). It is important to note that differences in mortality between men and women are not uniformly distributed. The pioneering “Eight Americas” work by Murray and colleagues demonstrated that when simply divided into categories by sex, race, and ethnicity, 8 distinct patterns of survival are observed, with more than a decade's difference in life expectancy between Asian women and African American men (2). More recently, distinct geographical patterns in the US have been observed, driven by differences in wealth, educational level, sex, race, and ethnicity (3). These in turn seem to drive differences in key biological and behavioral measures, including blood pressure, lipid concentrations, tobacco use, and obesity (with resulting diabetes mellitus). This sobering reversal in mean life expectancy—one driven by excess deaths among men—and exacerbation of lifestyle and biological interactions calls for a critical appraisal of the state of men's health and the differences between men and women in the US and around the world. The longer life span of women seen in wealthy countries in the modern era has been frequently attributed to fixed genetic or hormonal causes (4). Several theories have postulated that a higher male birth rate among humans might contribute to unspecified evolutionary pressure for shorter male life spans. It has also been suggested that the additional X chromosome in women may represent a “backup” in case genetic abnormalities occur. Many believe that endogenous estrogen confers a beneficial cardiovascular effect, leading to lower cardiovascular mortality among younger women. A higher risk for infections among men has also been postulated as an additional factor contributing to male–female life span discrepancies (5). However, there is a growing consensus that biological mechanisms alone explain only a part of the difference in life spans. Wide variation occurs in the difference in outcomes between men and women, not just between countries but within countries; these variations point to additional factors being at play. Increasingly, male behavior rather than male biology is seen as a major reason for the relatively poor health of men, although at least some deleterious male behaviors may have biological origins. For instance, the male sex hormone testosterone increases the propensity for risk-taking and aggression. According to 2016 data from the Centers for Disease Control and Prevention's Wide-ranging Online Data for Epidemiologic Research (WONDER) Underlying Cause of Death database, men were far more likely than women to die in accidents such as motor vehicle accidents or drownings (Fig. 1). Furthermore, although men are less likely than women to attempt suicide, the means they choose are usually violent and frequently involve firearms (6), another reason why the age-adjusted rate of suicide is much higher in men than women. Poor health-seeking behaviors play a significant role in men failing to access potentially lifesaving healthcare in a timely fashion (7). Men are less likely than women to seek medical or mental healthcare (7). On average, men also exhibit more “restricted emotional expression,” which limits their expression of negative emotions (7). Therefore, even as men may be experiencing distress from psychological illness, they may be less likely to disclose this to friends, family, or healthcare providers. A wide spectrum of adverse psychological reactions to sickness deters men from being seen as needing assistance or care, including embarrassment, denial/minimization of symptoms, negative attitudes toward help-seeking, and poor communication and understanding of medical issues (7). Adverse health-seeking behaviors among men are most likely not fixed but rather actively developed and molded by societal factors in combination with genetic predispositions. This is reflected in a content analysis of men's magazines, which are noted to reinforce traditional hegemonic masculine ideals (8). In men's magazines, men are more often positioned as “self-reliant, independently knowledgeable, stoic and avoiding associations with femininity” (8). In another analysis, older men were largely absent from men's magazines (9). When older men were depicted, they were usually famous and successful celebrities, and there were few discussions about the health challenges men face as they age. However, there is some evidence that the masculine identity can be effectively molded into one that is more likely to practice healthier health habits. The rejection of help and the denial of weakness has been noted to be a core part of Western male cultural identity and is largely ubiquitous in other cultures, albeit with some notable exceptions (10). Even among men, significant disparities result in widely discordant health outcomes. In the US, black men have much shorter life spans than white men and are much more likely to die of cardiovascular disease, cancer, diabetes, cerebrovascular disease, chronic kidney disease, and sepsis (Fig. 2). Much of this increased burden of disease is directly related to socioeconomic, environmental, and behavioral factors. These factors also shape the ideas of masculinity affecting black men, who are much more likely to die of assault and homicide than white men. (A), Trends in life expectancy at birth for US males from 1946 to 2016. Data sourced from the National Health Statistics Center by race. (B), Age-adjusted death rates for US males in 2016 by race. Data sourced from the Centers for Disease Control and Prevention Wide-ranging Online Data for Epidemiologic Research (WONDER) Underlying Cause of Death database. CKD, chronic kidney disease; CLD, chronic lung disease; CVA, cerebrovascular accident. The poor health-seeking behaviors that men exhibit at an individual scale are also visible at a macroscopic scale, leading to relatively poor recognition and advocacy of men's health. Importantly, women's health research advocacy has migrated to focus much more on sex and gender differences (11). Initiatives to improve men's health, however, are much less visible than women's health efforts. We believe such initiatives should focus on modifiable behaviors and should span the entire spectrum of male lives, starting with childhood upbringing and conceptions of what constitutes appropriate expressions of masculinity. This is an area ripe for public–private partnerships aimed at helping men become more skilled at taking care of others and better at taking care of themselves as well. Such an initiative could be part of a research enterprise that addresses the sex survival gap as a multifactorial issue that includes biological, psychological, and psychobiological issues. The complexity of outcomes related to sex is exemplified by differences in outcomes for cardiovascular disease. On average, men develop vascular disease a decade sooner than women and die at a younger age from heart disease, but when women develop ischemic heart disease, their risk of death is similar to or greater than men's (12). As they age, men tend to develop atherosclerosis and dilated hearts, whereas women are much more likely to develop heart failure with preserved systolic function (12). Women are also much more likely to have ischemia without obstructive coronary lesion, a condition that has been the subject of intense study recently (13). Many studies have observed differences in outcomes between men and women with an acute coronary syndrome or in the setting of revascularization. Although women are less likely to have an ischemic event when adjusted for age, once an acute event occurs, women have worse outcomes than men (12). Atypical symptoms are more common in women, an issue thought to lead to delays in administering key acute care therapies (14). The smaller arterial diameter and size of cardiac structures in women is thought to lead to the higher risk of acute complications after surgical and percutaneous coronary revascularization in women (15, 16). Women also have a higher risk of bleeding with the anticoagulant therapy that is often required in cardiovascular intervention (17). A clear example of the interaction between cultural factors and biology was observed in the PURSUIT trial, which enrolled patients with acute coronary syndrome (18). In this trial, a benefit of the drug eptifibatide was observed in men, but the effect in women was negligible, and no benefit was observed in South American women compared with North American women. Analysis of treatment patterns revealed that although eptifibatide was particularly effective in reducing events in the setting of coronary intervention, South American women were much less likely to be referred for revascularization than were North American women. Another interesting example was the early finding that men were more often referred for coronary artery bypass grafting than women (19). Although this was a manifestation of sex bias, deeper investigation found that the excess male referral may have led to unnecessary procedures that exposed men to excess risk. In both cases, the intersection of social and biological factors led to suboptimal clinical practice that was amenable to improvement. As we enter the era of digital ubiquity, we are no longer fundamentally limited in the measurement, storage, and analysis of complex data. Several key areas are now approachable because of these changes. Expanded computing power and the advent of cloud computing, coupled with the ability to use sensors that can integrate continuously captured information over time, open up the opportunity to understand these differences throughout the life span. Previous limitations in the ability to acquire, store, curate, and analyze information have meant that most studies of disparities focused on a limited population or data set. Now we can integrate biomolecular, clinical, and digital information, including geospatial orientation. The development of the fetus and child has been the topic of intense interest, but study has been limited because of the complexity and risk of measurement in the intrauterine environment, as well as the rapidly changing biology of the infant and child. The ability to measure intrauterine biology, use noninvasive imaging, and model the fetal–maternal interaction should provide a new era of understanding of the development of men and women at this critical phase of life. The second major area of interest is the interaction of the evolving biology of male and female gender roles in the context of social interactions at a young age that may shape self-image and societal perceptions. Previous limitations in the time dimension of the data available in this area of research have relegated studies in this arena to slices of information, pieced together through analyses that depend on extrapolations. However, new techniques such as machine learning and natural language processing can now be used to interrogate behavioral and social interactions on a large scale. A third area is that as the issue of gender identity has come under more objective study, it is clear a continuum exists but the parameters are poorly defined, as are the appropriate times and circumstances for medical and surgical interventions. Finally, the ways that men and women interact with the healthcare delivery system and the many cues about health in the context of a plethora of measurements may lead to the development of behavioral interventions designed to optimize how men and women access the health system. Furthermore, tailoring interventions to the individual—a hallmark of “personalized medicine”—will also necessarily include the elements of sex and gender differences. Differences in symptoms, diagnostic strategies, and intervention rates are amenable to objective study, and specific interventions to deal with differences known to occur in areas such as complication rates of revascularization and valvular intervention or incidence of bleeding from anticoagulant therapy may benefit from incorporating sex-specific approaches or analyses that enable a better understanding of differences. In summary, although men and women face many similar health concerns, they also face unique challenges. As we expand our awareness of and response to these issues, it will be important to study sex and gender differences not only in terms of biological differences but also in terms of behavioral and societal factors. The advent of big data, biosensors, global communications, and modern analytics provides an opportunity to accelerate the understanding of the biological, behavioral, and social differences between men and women and apply that understanding to improved care and prevention.",,
W4230727741,2017,Extracting compact representation of knowledge from gene expression data for protein-protein interaction,"DNA microarrays help measure the expression levels of thousands of genes concurrently. A major challenge is to extract biologically relevant information and knowledge from massive amounts of microarray data. In this paper, we explore learning a compact representation of gene expression profiles by using a multi-task neural network model, so that further analyses can be carried out more efficiently on the data. The proposed network is trained with prediction tasks for Protein-Protein Interactions (PPIs), predicting Gene Ontology (GO) similarities as well as geometrical constrains, while simultaneously learning a high-level representation of gene expression data. We argue that deep networks can extract more information from expression data as compared to standard statistical models. We tested the utility of our method by comparing its performance with famous feature extraction and dimensionality reduction methods on the task of PPI prediction, and found the results to be promising.",,
W2008543193,2012,Epigenetic Control of Reprogramming and Cellular Differentiation,"Recently, numerous interdisciplinary approaches that include integration of bioinformatics, epigenetics, and molecular and cellular biology have started to shed light on the complex dynamics that regulate cellular processes such as cell “stemness,” reprogramming, and differentiation. From the sequencing of the first complete genomes to the recent high-throughput genomic and proteomic approaches, a huge amount of information has been generated to improve our understanding of how the eukaryotic genome works to activate and coordinate specific programs of gene expression.

The focus of this review is to provide an overview of the epigenetic regulatory mechanisms controlling crucial cellular fate decisions, in particular during differentiation and reprogramming. A special emphasis has been given to skeletal myogenesis, as it provides an amenable model for in vitro and in vivo studies.

Y. Ito et al. in “A system approach and skeletal myogenesis” provide an overview of the most common approaches currently used to address transcriptional regulation. They discuss deep sequencing and microarray-based methods, cell-based high throughput assays, and the generation of in situ gene expression databases as potent tools to dissect complex networks of gene expression. Using skeletal muscle as a paradigm, they highlight the main discoveries obtained through the different methods and underline the advantages of an integrated approach to obtain a full picture of cellular differentiation. 

An increasing number of studies suggest an epigenetic component in the development of many human diseases. In the review article “Epigenetic alterations in muscular disorders,” Dr. C. Lanzuolo discusses how altered epigenetic mechanisms contribute to human pathology and in particular to the development and progression of neuromuscular disorders. Muscular dystrophies arise from either mutations of proteins that play a role in the integrity of the sarcolemma—the plasma membrane that wraps the myofibers in skeletal muscles—or are due to a dysfunction within the cell nucleus. Dr. C. Lanzuolo focuses on the so-called nuclear muscular dystrophies and she analyzes the possible contribution of an important group of epigenetic modifiers, the polycomb-group (PcG) complexes, to the pathogenesis of these diseases. The dissection of the aberrant epigenetic profiles associated to several human pathologies has contributed to the design of experimental therapies with epigenetic drugs.

The review “Tackling skeletal muscle cells epigenome in the next-generation sequencing era” by R. Fittipaldi and G. Caretti points to the significance of genome-wide study of the epigenetic modifications and the transcription factors that are activated during skeletal muscle differentiation. The authors discuss on the new genome-wide technologies to monitor the epigenetic landscape that characterizes myoblast-to-myotube transition in order to obtain innovative information on molecular mechanisms orchestrating biological processes, such myogenic differentiation.

The fine regulation of a myogenic gene such as myogenin is discussed in “Turning on myogenin in muscle: A paradigm for understanding mechanisms of tissue-specific gene expression” by H. Faralli and F. J. Dilworth. Transcription factors, cofactors, and epigenetic modifications contribute to regulate muscle-specific gene expression during development. In particular, the authors highlight the fact that a tissue-specific factors such as MyoD cooperate with more ubiquitously expressed proteins (Six4, Mef2, and Pbx1) to establish a transcriptionally permissive environment to ensure proper spatiotemporal myogenin expression.

The current challenge of epigenetics is how to analyse and extract biological knowledge from the large volumes of data produced with new high-throughput technologies. In this regard, the paper of S. Althammer et al., “Predictive models of gene regulation from high-throughput epigenomics data” describes a computational framework using integrative tools and machine learning algorithms that facilitate the systematic analysis of high-throughput sequencing epigenetic data for integrative studies. Their analysis shows a different epigenetic code of expression for intron-less and intron-containing genes, with more prominent differences for genes with low GC content (LGC) in their promoter, showing for instance that at the promoter regions of LGC intron-less genes, H3K36me3 and H3K4me1 are the most informative marks while in polyadenylation sites of expressed genes, the H3K36me3 signal is much weaker than in intron-containing genes. Based on epigenetic data, their model predicts very strongly gene expression between two conditions; therefore, this approach can be applied to study gene expression in different developmental stages, disease states, or treatments.

Of tremendous relevance for its therapeutic potential, is the possibility to manipulate cell identity. In the review titled “The stability of the induced epigenetic programs”, M. J. Barrero discusses the epigenetic changes that occur during differentiation and the way back upon cellular reprogramming emphasizing on the thin regulation of pluripotent and lineage-specific genes expression to ensure a correct differentiation during development and in adult life.

“The epigenetic regulation of B lymphocyte differentiation, transdifferentiation, and reprogramming” by B. Barneda-Zahonero et al. reviews the hierarchical network of transcription factors that mediate the epigenetic signature regulating the transcriptome during B cell development. B lymphocytes are highly specialized terminally differentiated cells responsible for generating high-affinity antibodies, providing the humoral immunity against pathogens. Every day the human body generates millions of B lymphocytes from precursor hematopoietic stem cells by a differentiation process that is a tightly regulated. This multistep differentiation process, vital to immunity, combines the successive expression of specific transcriptional factors and associated epigenetic changes to restrict the developmental potential of lymphoid progenitors to the B cell pathway by repressing B-lineage-inappropriate genes, while simultaneously promoting B cell development by activating B-lymphoid-specific genes. 


Lucia Latella

Daniela Palacios

Sonia Forcales

Pier Lorenzo Puri",,
W2913220806,2019,A hybrid gene selection algorithm based on interaction information for microarray-based cancer classification,"We address gene selection and machine learning methods for cancer classification using microarray gene expression data. Due to the high dimensionality of microarray data, traditional gene selection algorithms are filter-based, focusing on intrinsic properties of the data such as distance, dependency, and correlation. These methods are fast but select far too many genes to use for the classification task. In this work, we present a new hybrid filter-wrapper gene subset selection algorithm that is an improved modification of our prior algorithm. Our proposed method employs interaction information to rank candidate genes to add into a gene subset. It then conditionally adds one gene at a time into the current subset and verifies whether the resultant subset improves the classification performance significantly. Only significant genes are selected, and the candidate gene list is updated every time a gene is added to the subset. Thus, our gene selection algorithm is very dynamic. Experimental results on ten public cancer microarray data sets show that our method consistently outperforms prior gene selection algorithms in terms of classification accuracy, while requiring a small number of selected genes.",,
W3006747104,2020,Tumour gene expression signature in primary melanoma predicts long-term outcomes: A prospective multicentre study,"Abstract Purpose Predicting outcomes after resection of primary melanoma remains crude, primarily based on tumour thickness. We explored gene expression signatures for their ability to better predict outcomes. Methods Differential expression analysis of 194 primary melanomas resected from patients who either developed distant metastasis (n=89) or did not (n=105) was performed. We identified 121 metastasis-associated genes that were included in our prognostic signature, “Cam_121”. Several machine learning classification models were trained using nested leave- one-out cross validation (LOOCV) to test the signature’s capacity to predict metastases, as well as regression models to predict survival. The prognostic accuracy was externally validated in two independent datasets. Results Cam_121 performed significantly better in predicting distant metastases than any of the models trained with the clinical covariates alone (p Accuracy =4.92×10 −3 ), as well as those trained with two published prognostic signatures. Cam_121 expression score was strongly associated with progression-free survival (HR=1.7, p=3.44×10 −6 ), overall survival (HR=1.73, p=7.71×10 −6 ) and melanoma-specific survival (HR=1.59, p=0.02). Cam_121 expression score also negatively correlated with measures of immune cell infiltration (ρ=−0.73, p<2.2×10 −16 ), with a higher score representing reduced tumour lymphocytic infiltration and a higher absolute 5-year risk of death in stage II melanoma. Conclusions The Cam_121 primary melanoma gene expression signature outperformed currently available alternatives in predicting the risk of distant recurrence. The signature confirmed (using unbiased approaches) the central prognostic importance of immune cell infiltration in long-term patient outcomes and could be used to identify stage II melanoma patients at highest risk of metastases and poor survival who might benefit most from adjuvant therapies. Translational relevance Predicting outcomes after resection of primary melanoma is currently based on traditional histopathological staging, however survival outcomes within these disease stages varies markedly. Since adjuvant systemic therapies are now being used routinely, accurate prognostic information is needed to better risk stratify patients and avoid unnecessary use of high cost, potentially harmful drugs, as well as to inform future adjuvant strategies. The Cam_121 gene expression signature appears to have this capability and warrants evaluation in prospective clinical trials.",,
W3003747214,2020,Iterative transfer learning with neural network for clustering and cell type classification in single-cell RNA-seq analysis,"Abstract An important step in single-cell RNA-seq (scRNA-seq) analysis is to cluster cells into different populations or types. Here we describe ItClust, an I terative T ransfer learning algorithm with neural network for scRNA-seq Clust ering. ItClust learns cell type knowledge from well-annotated source data, but also leverages information in the target data to make it less dependent on the source data quality. Through extensive evaluations using datasets from different species and tissues generated with diverse scRNA-seq protocols, we show that ItClust significantly improves clustering and cell type classification accuracy compared to popular unsupervised clustering and supervised cell type classification algorithms.",,
W2306116078,2010,Scalable customized machine learning models motivated by pharmaceutical chemistry applications,"This dissertation deals with two aspects in drug discovery: the identification of screening hits (finding compounds that are effective at modulating a disease-specific biological pathway) and the analysis of the metabolic liability properties of compounds (their ability to withstand degradation in the liver). The models and algorithms developed in this work for this application are focused on two particular properties: customization (models formulated to answer specific questions) and linear scalability (computational effort in model calculation is proportional to sample size).
Drug discovery is focused on developing new medicines to treat a wide range of medical conditions. Getting a single drug approved is a lengthy and expensive procedure. Mathematical modeling using recent learning techniques from data are being exploited to shave off time and cost from this process. This dissertation develops linearly scalable customized techniques to extract better quality information from experimental data and calculates robust models to explain chemical phenomena in pharmaceutical datasets and make predictions on new compounds.
This work finds that improved performance results from adopting modeling approaches that are customized to specific applications and develops linearly scalable algorithms, a necessary feature when working with increasingly large datasets generated by computational chemists and stemming from other applications. 
Motivated by the need for accurate metabolic liability modeling, this dissertation develops a paradigm called multiple-instance ranking (MIRank). The underlying datasets present three levels of structure: compounds, potential sites of metabolic liability and atoms. Accuracy is measured at the compound level, while the response is known at the site level and features are computed at the atomic level. Exploiting this special structure results in MIRank outperforming other state-of-the-art formulations for metabolic liability modeling and other real and synthetic datasets. Multiple instance ranking is tested on other real and synthetic datasets, and further application areas for MIRank are identified.
Multiple-instance learning (MIL) problems (including MIRank) are nonconvex. This dissertation implements and adapts a nonsmooth nonconvex subgradient method that is little-known to the machine learning community. Empirical results display linear scalability on the class of MIL problems. This fast algorithm permits the model parameter estimation on a large number of datasets that possess more samples and features, and affords using kernel functions for nonlinear modeling.
This dissertation identifies limitations to least-squares curve fitting of the nonlinear Hill equation to quantitative high-throughput screening (qHTS) datapoints. A customized technique called DK-fitter is proposed that injects domain knowledge (or prior knowledge) into the curve-fitting process. A new validation technique objectively demonstrates the superiority of DK-fitter over the standard least-squares approach.
Finally, this dissertation performs screening hit identification using computers. This work applies quantile regression, widely used in econometrics and ecology, as a well-suited modeling framework for this problem, and finds that generated lists of predicted top-active compounds contain up to 17 times more true positives than a random model.
Models that are presented in this dissertation possess improved predictive and generalization ability over previously published ones (to the extent that comparisons are possible) and/or validated on standard real and synthetic data from the literature. Some models display performances that are competitive with the literature, but are calculated using faster algorithms. Tight experimental designs were implemented so as to produce robust models that generalize well. This dissertation advances the state-of-the-art in nonconvex subgradient methods, nonlinear curve fitting and drug discovery modeling.",,
W3014097457,2020,MI-MAAP: marker informativeness for multi-ancestry admixed populations,"BACKGROUND: Admixed populations arise when two or more previously isolated populations interbreed. A powerful approach to addressing the genetic complexity in admixed populations is to infer ancestry. Ancestry inference including the proportion of an individual's genome coming from each population and its ancestral origin along the chromosome of an admixed population requires the use of ancestry informative markers (AIMs) from reference ancestral populations. AIMs exhibit substantial differences in allele frequency between ancestral populations. Given the huge amount of human genetic variation data available from diverse populations, a computationally feasible and cost-effective approach is becoming increasingly important to extract or filter AIMs with the maximum information content for ancestry inference, admixture mapping, forensic applications, and detecting genomic regions that have been under recent selection. RESULTS: To address this gap, we present MI-MAAP, an easy-to-use web-based bioinformatics tool designed to prioritize informative markers for multi-ancestry admixed populations by utilizing feature selection methods and multiple genomics resources including 1000 Genomes Project and Human Genome Diversity Project. Specifically, this tool implements a novel allele frequency-based feature selection algorithm, Lancaster Estimator of Independence (LEI), as well as other genotype-based methods such as Principal Component Analysis (PCA), Support Vector Machine (SVM), and Random Forest (RF). We demonstrated that MI-MAAP is a useful tool in prioritizing informative markers and accurately classifying ancestral populations. LEI is an efficient feature selection strategy to retrieve ancestry informative variants with different allele frequency/selection pressure among (or between) ancestries without requiring computationally expensive individual-level genotype data. CONCLUSIONS: MI-MAAP has a user-friendly interface which provides researchers an easy and fast way to filter and identify AIMs. MI-MAAP can be accessed at https://research.cchmc.org/mershalab/MI-MAAP/login/.",,
W1973555755,2012,Aluminum tolerance association mapping in triticale,"BACKGROUND: Crop production practices and industrialization processes result in increasing acidification of arable soils. At lower pH levels (below 5.0), aluminum (Al) remains in a cationic form that is toxic to plants, reducing growth and yield. The effect of aluminum on agronomic performance is particularly important in cereals like wheat, which has promoted the development of programs directed towards selection of tolerant forms. Even in intermediately tolerant cereals (i.e., triticale), the decrease in yield may be significant. In triticale, Al tolerance seems to be influenced by both wheat and rye genomes. However, little is known about the precise chromosomal location of tolerance-related genes, and whether wheat or rye genomes are crucial for the expression of that trait in the hybrid. RESULTS: A mapping population consisting of 232 advanced breeding triticale forms was developed and phenotyped for Al tolerance using physiological tests. AFLP, SSR and DArT marker platforms were applied to obtain a sufficiently large set of molecular markers (over 3000). Associations between the markers and the trait were tested using General (GLM) and Multiple (MLM) Linear Models, as well as the Statistical Machine Learning (SML) approach. The chromosomal locations of candidate markers were verified based on known assignments of SSRs and DArTs or by using genetic maps of rye and triticale.Two candidate markers on chromosome 3R and 9, 15 and 11 on chromosomes 4R, 6R and 7R, respectively, were identified. The r2 values were between 0.066 and 0.220 in most cases, indicating a good fit of the data, with better results obtained with the GML than the MLM approach. Several QTLs on rye chromosomes appeared to be involved in the phenotypic expression of the trait, suggesting that rye genome factors are predominantly responsible for Al tolerance in triticale. CONCLUSIONS: The Diversity Arrays Technology was applied successfully to association mapping studies performed on triticale breeding forms. Statistical approaches allowed the identification of numerous markers associated with Al tolerance. Available rye and triticale genetic maps suggested the putative location of the markers and demonstrated that they formed several linked groups assigned to distinct chromosomes (3R, 4R, 6R and 7R). Markers associated with genomic regions under positive selection were identified and indirectly mapped in the vicinity of the Al-tolerant markers. The present findings were in agreement with prior reports.",,
W3117835019,2020,"Synthesis, Pharmacological, and Biological Evaluation of 2-Furoyl-Based MIF-1 Peptidomimetics and the Development of a General-Purpose Model for Allosteric Modulators (ALLOPTML)","This work describes the synthesis and pharmacological evaluation of 2-furoyl-based Melanostatin (MIF-1) peptidomimetics as dopamine D 2 modulating agents. Eight novel peptidomimetics were tested for their ability to enhance the maximal effect of tritiated N -propylapomorphine ([ 3 H]-NPA) at D 2 receptors (D 2 R). In this series, 2-furoyl- l -leucylglycinamide ( 6a ) produced a statistically significant increase in the maximal [ 3 H]-NPA response at 10 pM (11 ± 1%), comparable to the effect of MIF-1 (18 ± 9%) at the same concentration. This result supports previous evidence that the replacement of proline residue by heteroaromatic scaffolds are tolerated at the allosteric binding site of MIF-1. Biological assays performed for peptidomimetic 6a using cortex neurons from 19-day-old Wistar-Kyoto rat embryos suggest that 6a displays no neurotoxicity up to 100 μM. Overall, the pharmacological and toxicological profile and the structural simplicity of 6a makes this peptidomimetic a potential lead compound for further development and optimization, paving the way for the development of novel modulating agents of D 2 R suitable for the treatment of CNS-related diseases. Additionally, the pharmacological and biological data herein reported, along with >20 000 outcomes of preclinical assays, was used to seek a general model to predict the allosteric modulatory potential of molecular candidates for a myriad of target receptors, organisms, cell lines, and biological activity parameters based on perturbation theory (PT) ideas and machine learning (ML) techniques, abbreviated as ALLOPTML. By doing so, ALLOPTML shows high specificity Sp = 89.2/89.4%, sensitivity Sn = 71.3/72.2%, and accuracy Ac = 86.1%/86.4% in training/validation series, respectively. To the best of our knowledge, ALLOPTML is the first general-purpose chemoinformatic tool using a PTML-based model for the multioutput and multicondition prediction of allosteric compounds, which is expected to save both time and resources during the early drug discovery of allosteric modulators.",,
W2547627681,2012,FS-XCS vs. GRD-XCS: An analysis using high-dimensional DNA microarray gene expression data sets,"Abstract. XCS, a Genetic Based Machine Learning model that combines reinforcement learning with evolutionary algorithms to evolve a population of classifiers in the form of condition-action rules, has been used successfully for many classification tasks. However, like many other machine learning algorithms, XCS becomes less effective when it is applied to high-dimensional data sets. In this paper, we present an analysis of two XCS extensions – FS-XCS and GRD-XCS – in an attempt to overcome the dimensionality issue. FS-XCS is a standard combination of a feature selection method and XCS. As for GRD-XCS, we use feature quality information to bias the evolutionary operators without removing any features from the data sets. Comprehensive numerical simulation experiments show that both approaches can effectively enhance the learning performance of XCS. While GRD-XCS has obtained significantly more accurate classification results than FS-XCS, the latter has produced much quicker execution times than the former. 1",,
W3081554574,2020,Investigating Core Signaling Pathways of Hepatitis B Virus Pathogenesis for Biomarkers Identification and Drug Discovery via Systems Biology and Deep Learning Method,"Hepatitis B Virus (HBV) infection is a major cause of morbidity and mortality worldwide. However, poor understanding of its pathogenesis often gives rise to intractable immune escape and prognosis recurrence. Thus, a valid systematic approach based on big data mining and genome-wide RNA-seq data is imperative to further investigate the pathogenetic mechanism and identify biomarkers for drug design. In this study, systems biology method was applied to trim false positives from the host/pathogen genetic and epigenetic interaction network (HPI-GEN) under HBV infection by two-side RNA-seq data. Then, via the principal network projection (PNP) approach and the annotation of KEGG (Kyoto Encyclopedia of Genes and Genomes) pathways, significant biomarkers related to cellular dysfunctions were identified from the core cross-talk signaling pathways as drug targets. Further, based on the pre-trained deep learning-based drug-target interaction (DTI) model and the validated pharmacological properties from databases, i.e., drug regulation ability, toxicity, and sensitivity, a combination of promising multi-target drugs was designed as a multiple-molecule drug to create more possibility for the treatment of HBV infection. Therefore, with the proposed systems medicine discovery and repositioning procedure, we not only shed light on the etiologic mechanism during HBV infection but also efficiently provided a potential drug combination for therapeutic treatment of Hepatitis B.",,
W2980469091,2019,Targeting the Versatile Wnt/β-Catenin Pathway in Cancer Biology and Therapeutics: From Concept to Actionable Strategy,"This expert review offers a critical synthesis of the latest insights and approaches at targeting the Wnt/β-catenin pathway in various cancers such as colorectal cancer, melanoma, leukemia, and breast and lung cancers. Notably, from organogenesis to cancer, the Wnt/β-catenin signaling displays varied and highly versatile biological functions in animals, with virtually all tissues requiring the Wnt/β-catenin signaling in one way or the other. Aberrant expression of the members of the Wnt/β-catenin has been implicated in many pathological conditions, particularly in human cancers. Mutations in the Wnt/β-catenin pathway genes have been noted in diverse cancers. Biochemical and genetic data support the idea that inhibition of Wnt/β-catenin signaling is beneficial in cancer therapeutics. The interaction of this important pathway with other signaling systems is also noteworthy, but remains as an area for further research and discovery. In addition, formation of different complexes by components of the Wnt/β-catenin pathway and the precise roles of these complexes in the cytoplasmic milieu are yet to be fully elucidated. This article highlights the latest medical technologies in imaging, single-cell omics, use of artificial intelligence (e.g., machine learning techniques), genome sequencing, quantum computing, molecular docking, and computational softwares in modeling interactions between molecules and predicting protein-protein and compound-protein interactions pertinent to the biology and therapeutic value of the Wnt/β-catenin signaling pathway. We discuss these emerging technologies in relationship to what is currently needed to move from concept to actionable strategies in translating the Wnt/β-catenin laboratory discoveries to Wnt-targeted cancer therapies and diagnostics in the clinic.",,
W2802454641,2018,Association between angiogenesis and cytotoxic signatures in the tumor microenvironment of gastric cancer,"Background: A suppressive immune microenvironment and pathological angiogenesis are hallmarks of gastric cancer. Theoretically, immune checkpoint inhibitors (ICIs) stimulate pre-primed neoantigen-specific T cells, and antiangiogenic agents then facilitate their infiltration into the tumor niche by promoting vascular normalization. Currently, the interconnections of these two phenotypes and their relevance to the tumor microenvironment (TME) have not been fully characterized in gastric cancer. Materials and methods: Transcriptome profiling data retrieved from The Cancer Genome Atlas (TCGA) database were used to deconvolute the feature of TME for gastric cancer (N = 375). Machine learning, correlation, and prognosis analysis were applied to elucidate the correlations between angiogenesis, cytotoxic T lymphocyte infiltration, and patient survival. Results: Substantial heterogeneous infiltration of immune cell populations among cases was observed. Furthermore, among targetable pathways, angiogenesis was identified as the dominant factor in discriminating different infiltration statuses. Most importantly, the angiogenesis pathway was negatively correlated with the amount of activated CD8 + T cells only for patients with a higher infiltration, and the concomitance of low angiogenesis signaling and highly activated CD8 + T-cell infiltration was associated with a significant survival benefit. Conclusion: Our findings demonstrated a negative correlation between angiogenesis signaling and cytotoxic function in gastric cancer patients with a highly infiltrated immune niche. These data provided a rationale for potential combination strategy and further clinical investigations of ICIs plus antiangiogenesis agents for patients with gastric cancer with an inflamed TME. Keywords: gastric cancer, immune microenvironment, TCGA, angiogenesis, therapeutic implications",,
W2623527204,2017,ADMET Evaluation in Drug Discovery. Part 17: Development of Quantitative and Qualitative Prediction Models for Chemical-Induced Respiratory Toxicity,"As a dangerous end point, respiratory toxicity can cause serious adverse health effects and even death. Meanwhile, it is a common and traditional issue in occupational and environmental protection. Pharmaceutical and chemical industries have a strong urge to develop precise and convenient computational tools to evaluate the respiratory toxicity of compounds as early as possible. Most of the reported theoretical models were developed based on the respiratory toxicity data sets with one single symptom, such as respiratory sensitization, and therefore these models may not afford reliable predictions for toxic compounds with other respiratory symptoms, such as pneumonia or rhinitis. Here, based on a diverse data set of mouse intraperitoneal respiratory toxicity characterized by multiple symptoms, a number of quantitative and qualitative predictions models with high reliability were developed by machine learning approaches. First, a four-tier dimension reduction strategy was employed to find an optimal set of 20 molecular descriptors for model building. Then, six machine learning approaches were used to develop the prediction models, including relevance vector machine (RVM), support vector machine (SVM), regularized random forest (RRF), extreme gradient boosting (XGBoost), naïve Bayes (NB), and linear discriminant analysis (LDA). Among all of the models, the SVM regression model shows the most accurate quantitative predictions for the test set ( q 2 ext = 0.707), and the XGBoost classification model achieves the most accurate qualitative predictions for the test set (MCC of 0.644, AUC of 0.893, and global accuracy of 82.62%). The application domains were analyzed, and all of the tested compounds fall within the application domain coverage. We also examined the structural features of the compounds and important fragments with large prediction errors. In conclusion, the SVM regression model and the XGBoost classification model can be employed as accurate prediction tools for respiratory toxicity.",,
W3048827317,2020,Variational Autoencoder for Generation of Antimicrobial Peptides,"Over millennia, natural evolution has allowed for the emergence of countless biomolecules with highly specific roles within natural systems. As seen with peptides and proteins, often evolution produces molecules with a similar function but with variable amino acid composition and structure but diverging from a common ancestor, which can limit sequence diversity. Using antimicrobial peptides as a model biomolecule, we train a generative deep learning algorithm on a database of known antimicrobial peptides to generate novel peptide sequences with antimicrobial activity. Using a variational autoencoder, we are able to generate a latent space plot that can be surveyed for peptides with known properties and interpolated across a predictive vector between two defined points to identify novel peptides that show dose-responsive antimicrobial activity. These proof-of-concept studies demonstrate the potential for artificial intelligence-directed methods to generate new antimicrobial peptides and motivate their potential application toward peptide and protein design without the need for exhaustive screening of sequence libraries.",,
W2111363946,2012,The gradient boosting algorithm and random boosting for genome-assisted evaluation in large data sets,"In the next few years, with the advent of high-density single nucleotide polymorphism (SNP) arrays and genome sequencing, genomic evaluation methods will need to deal with a large number of genetic variants and an increasing sample size. The boosting algorithm is a machine-learning technique that may alleviate the drawbacks of dealing with such large data sets. This algorithm combines different predictors in a sequential manner with some shrinkage on them; each predictor is applied consecutively to the residuals from the committee formed by the previous ones to form a final prediction based on a subset of covariates. Here, a detailed description is provided and examples using a toy data set are included. A modification of the algorithm called ""random boosting"" was proposed to increase predictive ability and decrease computation time of genome-assisted evaluation in large data sets. Random boosting uses a random selection of markers to add a subsequent weak learner to the predictive model. These modifications were applied to a real data set composed of 1,797 bulls genotyped for 39,714 SNP. Deregressed proofs of 4 yield traits and 1 type trait from January 2009 routine evaluations were used as dependent variables. A 2-fold cross-validation scenario was implemented. Sires born before 2005 were used as a training sample (1,576 and 1,562 for production and type traits, respectively), whereas younger sires were used as a testing sample to evaluate predictive ability of the algorithm on yet-to-be-observed phenotypes. Comparison with the original algorithm was provided. The predictive ability of the algorithm was measured as Pearson correlations between observed and predicted responses. Further, estimated bias was computed as the average difference between observed and predicted phenotypes. The results showed that the modification of the original boosting algorithm could be run in 1% of the time used with the original algorithm and with negligible differences in accuracy and bias. This modification may be used to speed the calculus of genome-assisted evaluation in large data sets such us those obtained from consortiums.",,
W2941121701,2019,Application of a Neural Network Whole Transcriptome–Based Pan-Cancer Method for Diagnosis of Primary and Metastatic Cancers,"Importance: A molecular diagnostic method that incorporates information about the transcriptional status of all genes across multiple tissue types can strengthen confidence in cancer diagnosis. Objective: To determine the practical use of a whole transcriptome-based pan-cancer method in diagnosing primary and metastatic cancers and resolving complex diagnoses. Design, Setting, and Participants: This cross-sectional diagnostic study assessed Supervised Cancer Origin Prediction Using Expression (SCOPE), a machine learning method using whole-transcriptome RNA sequencing data. Training was performed on publicly available primary cancer data sets, including The Cancer Genome Atlas. Testing was performed retrospectively on untreated primary cancers and treated metastases from volunteer adult patients at BC Cancer in Vancouver, British Columbia, from January 1, 2013, to March 31, 2016, and testing spanned 10 822 samples and 66 output classes representing untreated primary cancers (n = 40) and adjacent normal tissues (n = 26). SCOPE's performance was demonstrated on 211 untreated primary mesothelioma cancers and 201 treatment-resistant metastatic cancers. Finally, SCOPE was used to identify the putative site of origin in 15 cases with initial presentation as cancers with unknown primary of origin. Results: A total of 10 688 adult patient samples representing 40 untreated primary tumor types and 26 adjacent-normal tissues were used for training. Demographic data were not available for all data sets. Among the training data set, 5157 of 10 244 (50.3%) were male and the mean (SD) age was 58.9 (14.5) years. Testing was performed on 211 patients with untreated primary mesothelioma (173 [82.0%] male; mean [SD] age, 64.5 [11.3] years); 201 patients with treatment-resistant cancers (141 [70.1%] female; mean [SD] age, 55.6 [12.9] years); and 15 patients with cancers of unknown primary of origin; among the treatment-resistant cancers, 168 were metastatic, and 33 were the primary presentation. An accuracy rate of 99% was obtained for primary epithelioid mesotheliomas tested (125 of 126). The remaining 85 mesotheliomas had a mixed etiology (sarcomatoid mesotheliomas) and were correctly identified as a mixture of their primary components, with potential implications in resolving subtypes and incidences of mixed histology. SCOPE achieved an overall mean (SD) accuracy rate of 86% (11%) and F1 score of 0.79 (0.12) on the 201 treatment-resistant cancers and matched 12 of 15 of the putative diagnoses for cancers with indeterminate diagnosis from conventional pathology. Conclusions and Relevance: These results suggest that machine learning approaches incorporating multiple tumor profiles can more accurately identify the cancerous state and discriminate it from normal cells. SCOPE uses the whole transcriptomes from normal and tumor tissues, and results of this study suggest that it performs well for rare cancer types, primary cancers, treatment-resistant metastatic cancers, and cancers of unknown primary of origin. Genes most relevant in SCOPE's decision making were examined, and several are known biological markers of respective cancers. SCOPE may be applied as an orthogonal diagnostic method in cases where the site of origin of a cancer is unknown, or when standard pathology assessment is inconclusive.",,
W3092664814,2020,Deep Latent Variable Model for Learning Longitudinal Multi-view Data,"In many scientific problems such as video surveillance, modern genomic analysis, and clinical studies, data are often collected from diverse domains across time that exhibit time-dependent heterogeneous properties. It is important to not only integrate data from multiple sources (called multiview data), but also to incorporate time dependency for deep understanding of the underlying system. Latent factor models are popular tools for exploring multi-view data. However, it is frequently observed that these models do not perform well for complex systems and they are not applicable to time-series data. Therefore, we propose a generative model based on variational autoencoder and recurrent neural network to infer the latent dynamic factors for multivariate timeseries data. This approach allows us to identify the disentangled latent embeddings across multiple modalities while accounting for the time factor. We invoke our proposed model for analyzing three datasets on which we demonstrate the effectiveness and the interpretability of the model.",,
W2949117470,2019,Single-cell entropy to quantify the cellular transcriptome from single-cell RNA-seq data,"We present the use of single-cell entropy (scEntropy) to measure the order of the cellular transcriptome profile from single-cell RNA-seq data, which leads to a method of unsupervised cell type classification through scEntropy followed by the Gaussian mixture model (scEGMM). scEntropy is straightforward in defining an intrinsic transcriptional state of a cell. scEGMM is a coherent method of cell type classification that includes no parameters and no clustering; however, it is comparable to existing machine learning-based methods in benchmarking studies and facilitates biological interpretation.",,
W2894987163,2018,First Degree Relatives of Patients with Celiac Disease Harbour an Intestinal Transcriptomic Signature that Might Protect them from Enterocyte Damage,"INTRODUCTION: Celiac disease (CeD) is an autoimmune enteropathy which affects approximately 0.7% of the global population. While first-degree relatives (FDR) of patients with CeD have a 7.5% risk of developing enteropathy, many remain protected. Therefore, intestinal mucosa of FDR might have protective compensatory mechanisms against immunological injury. We have explored the protective mechanisms that may be active in intestinal mucosa of FDR. METHODS: Intestinal mucosal biopsies (4-5 pieces) from treatment naïve patients with CeD (n = 12), FDR (n = 12) (anti-tTG negative) and controls (n = 12) (anti-tTG negative) were obtained from each individual and subjected to microarray analysis using HT-12-v4 Human Expression BeadChips (Illumina). Differential gene expression analysis was carried out among CeD, FDR and controls; and resulting gene lists were analyzed using gene ontology and pathway enrichment tools. RESULTS: Patients with CeD, FDR and control groups displayed significant differential gene expression. Thirty seven genes were upregulated and 372 were downregulated in the intestinal mucosa of FDR in comparison to CeD and controls. Pseudogenes constituted about 18% (315/1751) of FDR differentially expressed genes, and formed ""clusters"" that associated uniquely with individual study groups. The three study groups segregated into distinct clusters in unsupervised (PCA) and supervised (random forests) modelling approaches. Pathways analysis revealed an emphasis on crypt-villous maintenance and immune regulation in the intestinal mucosa of FDR. CONCLUSIONS: Our analysis suggests that the intestinal mucosa of celiac FDR consist of a unique molecular phenotype that is distinct from CeD and controls. The transcriptomic landscape of FDR promotes maintenance of crypt-villous axis and modulation of immune mechanisms. These differences clearly demonstrate the existence of compensatory protective mechanisms in the FDR intestinal mucosa.",,
W2161879271,2011,"Traditional Chinese medicine, a solution for reducing dual stroke risk factors at once?","Based on genome wide association studies (GWAS), the activities of phosphodiesterase 4D (PDE4D) and 5-Lipoxygenase activating protein (ALOX5AP) were suggested as two of the major factors involved in ischemic stroke risks. Uncontrolled PDE4D activities often lead to cAMP-induced stroke and cardiovascular diseases. Overexpression of ALOX5AP, on the other hand, had been shown to play a major role in inflammation pathway that could induce the development of atherosclerosis and stroke. To eliminate the risk factors that lead to stroke, we reported the identification and analysis of dual-targeting compounds that could reduce PDE4D and ALOX5AP activities from traditional Chinese medicine (TCM). We employed world's largest TCM database, TCM Database@Taiwan, for in silico drug identification. We also introduced machine learning predictive models, as well as pharmacophore model, for characterizing the drug-like candidates. Both myristic acid and pentadecanoic acid were identified. The follow-up analysis on molecular dynamics simulation further determined the major roles of the carboxyl group for forming stable molecular interactions. Intriguingly, the carboxyl group demonstrated different bonding patterns with PDE4D and ALOX5AP, through electrostatic interaction and hydrogen bonds, respectively. In addition, the large volume occupied by the ligand hydrophobic regions could achieve inhibition through occupying the vacant spaces in the binding site. These pharmacophores held true for both candidates against each protein targets. Hence, we proposed the presence of the carboxyl group and hydrophobic regions as potent dual targeting features that inhibit both PDE4D and ALOX5AP activities.",,
W3081969463,2020,Complexity Theory: Artificial Intelligence System Help Safety Improvement in the Next Pandemic,"As the coronavirus pandemic spread from Asia to the western world, drug discovery came to a near standstill. Most laboratories shut down and instruments and reagents were left untouched, except for the most essential work. The pandemic forced large and small companies, regulatory and government agencies, and academia to tap into technology, particularly artificial intelligence (AI) and machine learning (ML), for providing more than just speed and efficiency. This essay aims to dig deeply in complexity theory to help improve safety and reduce the impact of the next pandemic. It is based on implementing Artificial Intelligence (AI) to provide the safer complex theory with an example of the current situation of COVID-19. While there are no shortcuts around scientific rigor and experimentation, AI can certainly accelerate the discovery of new drugs particularly when combined with high-performance computing (HPC) and quantum computing. Evaluating new AI technologies, particularly in areas of drug discovery where there are few demonstrations of success, can be a real challenge. It is considered that safety improvement of alert systems and the risk factors, in order to organize the safety of health facilities and control the hospital environment before the potential pandemic develops. Here, we will try to apply complexity theory in our dealing with future pandemics based on the situation analysis of previous experiences.",,
W2568499501,2017,Prediction of N-Methyl-D-Aspartate Receptor GluN1-Ligand Binding Affinity by a Novel SVM-Pose/SVM-Score Combinatorial Ensemble Docking Scheme,"Abstract The glycine-binding site of theN-methyl-D-aspartate receptor (NMDAR) subunit GluN1 is a potential pharmacological target for neurodegenerative disorders. A novel combinatorial ensemble docking scheme using ligand and protein conformation ensembles and customized support vector machine (SVM)-based models to select the docked pose and to predict the docking score was generated for predicting the NMDAR GluN1-ligand binding affinity. The predicted root mean square deviation (RMSD) values in pose by SVM-Pose models were found to be in good agreement with the observed values (n = 30,r2 = 0.928–0.988, ""Equation missing"" = 0.894–0.954, RMSE = 0.002–0.412,s = 0.001–0.214), and the predicted pKivalues by SVM-Score were found to be in good agreement with the observed values for the training samples (n = 24,r2 = 0.967, ""Equation missing"" = 0.899, RMSE = 0.295,s = 0.170) and test samples (n = 13,q2 = 0.894, RMSE = 0.437,s = 0.202). When subjected to various statistical validations, the developed SVM-Pose and SVM-Score models consistently met the most stringent criteria. A mock test asserted the predictivity of this novel docking scheme. Collectively, this accurate novel combinatorial ensemble docking scheme can be used to predict the NMDAR GluN1-ligand binding affinity for facilitating drug discovery.",,
W2947590214,2019,NCNet: Deep Learning Network Models for Predicting Function of Non-coding DNA,"The human genome consists of 98.5% non-coding DNA sequences, and most of them have no known function. However, a majority of disease-associated variants lie in these regions. Therefore, it is critical to predict the function of non-coding DNA. Hence, we propose the NCNet, which integrates deep residual learning and sequence-to-sequence learning networks, to predict the transcription factor (TF) binding sites, which can then be used to predict non-coding functions. In NCNet, deep residual learning networks are used to enhance the identification rate of regulatory patterns of motifs, so that the sequence-to-sequence learning network may make the most out of the sequential dependency between the patterns. With the identity shortcut technique and deep architectures of the networks, NCNet achieves significant improvement compared to the original hybrid model in identifying regulatory markers.",,
W1794161984,2010,Application of machine learning methods to histone methylation ChIP-Seq data reveals H4R3me2 globally represses gene expression,"BACKGROUND: In the last decade, biochemical studies have revealed that epigenetic modifications including histone modifications, histone variants and DNA methylation form a complex network that regulate the state of chromatin and processes that depend on it including transcription and DNA replication. Currently, a large number of these epigenetic modifications are being mapped in a variety of cell lines at different stages of development using high throughput sequencing by members of the ENCODE consortium, the NIH Roadmap Epigenomics Program and the Human Epigenome Project. An extremely promising and underexplored area of research is the application of machine learning methods, which are designed to construct predictive network models, to these large-scale epigenomic data sets. RESULTS: Using a ChIP-Seq data set of 20 histone lysine and arginine methylations and histone variant H2A.Z in human CD4+ T-cells, we built predictive models of gene expression as a function of histone modification/variant levels using Multilinear (ML) Regression and Multivariate Adaptive Regression Splines (MARS). Along with extensive crosstalk among the 20 histone methylations, we found H4R3me2 was the most and second most globally repressive histone methylation among the 20 studied in the ML and MARS models, respectively. In support of our finding, a number of experimental studies show that PRMT5-catalyzed symmetric dimethylation of H4R3 is associated with repression of gene expression. This includes a recent study, which demonstrated that H4R3me2 is required for DNMT3A-mediated DNA methylation--a known global repressor of gene expression. CONCLUSION: In stark contrast to univariate analysis of the relationship between H4R3me2 and gene expression levels, our study showed that the regulatory role of some modifications like H4R3me2 is masked by confounding variables, but can be elucidated by multivariate/systems-level approaches.",,
W2953272110,2015,Powerful Tests for Multi-Marker Association Analysis Using Ensemble Learning,"Multi-marker approaches have received a lot of attention recently in genome wide association studies and can enhance power to detect new associations under certain conditions. Gene-, gene-set- and pathway-based association tests are increasingly being viewed as useful supplements to the more widely used single marker association analysis which have successfully uncovered numerous disease variants. A major drawback of single-marker based methods is that they do not look at the joint effects of multiple genetic variants which individually may have weak or moderate signals. Here, we describe novel tests for multi-marker association analyses that are based on phenotype predictions obtained from machine learning algorithms. Instead of assuming a linear or logistic regression model, we propose the use of ensembles of diverse machine learning algorithms for prediction. We show that phenotype predictions obtained from ensemble learning algorithms provide a new framework for multi-marker association analysis. They can be used for constructing tests for the joint association of multiple variants, adjusting for covariates and testing for the presence of interactions. To demonstrate the power and utility of this new approach, we first apply our method to simulated SNP datasets. We show that the proposed method has the correct Type-1 error rates and can be considerably more powerful than alternative approaches in some situations. Then, we apply our method to previously studied asthma-related genes in 2 independent asthma cohorts to conduct association tests.",,
W2951291661,2016,Classi cation of cancerous and non-cancerous tissues of serial analysis of gene expression data through various classi ers,"Cancer can be cured if detected early and it can be detected by the expression level analyzed in the suspected tissues. Serial Analysis of Gene Expression (SAGE) is a gene expression technique used to analyze the genes on the basis of expression level of the genes.The Libraries of SAGE data contained very large number of genes, considering all genes for classifying is very tedious task and is not wise thing to do.The preprocessing of the SAGE data is performed to remove the irrelevant genes by comparing the expression level of genes in normal and cancerous libraries, and the further analysis of the dataset is done considering the reduced genes.This paper compares classifi cation techniques for classifying the cancerous and non-cancerous tissues of human brain.The Naive Bayes (NB), Linear Discriminant Analyzer (LDA), Decision Table (DT), Support Vectors Machine (SVM) and K Nearest Neighbor (KNN) classifi ers have been implemented for the analysis of SAGE data.WEKA (The Waikato Environment for Knowledge Analysis) open source software which consists of a collection of machine learning algorithms for data mining used for analysis.The results obtained reveal that the K-Nearest Neighbor (KNN) and Linear Discriminant Analyzer (LDA) have given better performance over other classifi es in most of the performance measures except few.Different errors measures have also been studied in this paper for SAGE data of human brain tissues.The KNN and LDA both have given signifi cant improvement over other classifi ers.",,
W2531971686,2016,A Deep Learning Approach to Detect SNP Interactions,"The susceptibility of complex diseases are characterised by numerous genetic, lifestyle, and environmental causes individually or due to their interaction effects.The recent explosion in detecting genetic interacting factors is increasingly revealing the underlying biological networks behind complex diseases.Several computational methods are explored to discover interacting polymorphisms among unlinked loci.However, there has been no significant breakthrough towards solving this problem because of biomolecular complexities and computational limitations.Our previous research trained a deep multilayered feedforward neural network to predict two-locus polymorphisms due to interactions in genome-wide data.The performance of the method was studied on numerous simulated datasets and a published genomewide dataset.In this manuscript, the performance of the trained multilayer neural network is validated by varying the parameters of the models under various scenarios.Furthermore, the observations of the previous method are confirmed in this study by evaluating on a real dataset.The experimental findings on a real dataset show significant rise in the prediction accuracy over other conventional techniques.The result shows highly ranked interacting two-locus polymorphisms, which may be associated with susceptibility for the development of breast cancer.",,
W1976876345,2010,"I, Clone: How Cloning Is (Mis)Portrayed in Contemporary Cinema","I, Clone:How Cloning Is (Mis)Portrayed in Contemporary Cinema Jason T. Eberl As author Ray Bradbury notes, the science-fiction genre ""may be one of the last places in our society where the philosopher can roam just as freely as he chooses.""1 Science fiction allows philosophical ideas – often abstract or imaginative in nature – to be presented in concrete, albeit fictional, form and thus made more accessible. Even films meant as pure entertainment can position audiences to reflect on existential questions rarely encountered elsewhere: What does it mean to be human? Can there be other intelligent beings, either in this world or out of it, who are not human? Is it possible for technology to prolong human life or abolish death altogether? What impact might answers to these questions have on our conception of ethics and moral responsibility? Science fiction allows us to contemplate a variety of possible answers, before we are obliged to confront the questions in the real world. Time travel, artificial intelligence, alternate realities ... these are some of the standard plot devices in many science fiction films. Another equally favored source of dramatic fodder is cloning: the artificial reproduction of a human being with the same genetic identity as one who is already alive or has lived.2 Hollywood is fascinated with cloning across all film genres, from comedy (Multiplicity, 1996, dir. Harold Ramis), to action (The 6th Day, 2000, dir. Roger Spottiswoode), to somewhat more serious attempts (The Island, 2005, dir. Michael Bay; Star Trek: Nemesis, 2002, dir. Stuart Baird; and, in an extension of the cloning principle, Surrogates 2009, dir. Jonathan Mostow). All such depictions of cloning, however, miss the mark to various extents. While such films are not [End Page 27] intended to be educational or scientifically accurate, there are interesting philosophical presuppositions that underlie how they characterize cloning and the nature of clones and, by extension, the nature of the self and what it means to be ""fully human."" For example, The 6th Day presumes that a self-conscious human mind can be downloaded to a storage device, and then uploaded into the brain of a cloned body such that the exact same person wakes up in a physically identical body. The Island paints a Soylent Green-inspired future in which clones are ethically maltreated by serving as mere organ banks for their progenitors, presuming that cloning may involve the use and abuse of beings who are unquestionably persons deserving moral recognition. Star Trek: Nemesis raises a standard objection that clones will suffer from an apparent lack of freedom or self-esteem if they perceive themselves to be a mere ""shadow"" or ""echo"" of their progenitors. This essay will examine these philosophical presuppositions regarding cloning as depicted in such films, highlighting issues which present real metaphysical and ethical challenges to the prospect of cloning fully-grown human persons. Understanding these challenges, and their filmic portrayals, may help map the moral landscape of cloning, particularly popular misconceptions, which are fueled, in part, by such cinematic representations. While Hollywood films sometimes get aspects of cloning right, more often than not the trend is to gloss over pertinent questions and oversimplify the metaphysical and ethical issues at hand in the name of entertainment value. Death and Survival Who wouldn't want to live forever if offered the opportunity? Some, perhaps, but most—denied the chance for eternal life in an ageless body—seek a measure of immortality by other means. Medicine offers continually advancing ways to stave off the body's death and prolong physical existence, and after death, most religions promise the continued existence of one's soul or spirit. Material and expressive cultures offer the possibility of tangible legacies, biographies, or other commemorations of lives and works which allow traces of individuals to continue, while reproduction offers a legacy of a different sort—continuity of life—the chance for one's genes, as well as memories of shared experiences, to live on in a new generation.3 Cloning, as it is sometimes imagined in science fiction, takes the notion of continuity further. It promises progeny who share not just the complete genome and exact appearance of their progenitors, but also their consciousness and...",,
W3069669851,2020,Understanding metabolic behaviour in whole-cell model output,"Summary Whole-cell modelling is a newly expanding field that has many applications in lab experiment design and predictive drug testing. Although whole-cell model output contains a wealth of information, it is complex and high dimensional, thus hard to interpret. Here, we present an analysis pipeline that combines machine learning, dimensionality reduction and network analysis to interpret and visualise metabolic reaction fluxes from a set of single gene knockouts simulated in the Mycoplasma genitalium whole-cell model. We found that the reaction behaviours show trends that correlate with phenotypic classes of the simulation output, highlighting particular cellular subsystems that malfunction after gene knockouts. From a graphical representation of the metabolic network, we saw that there is a set of reactions that can be used as markers of a phenotypic class, showing their importance within the network. Our analysis pipeline can support the understanding of the complexity of in silico cells without detailed knowledge of the constituent parts, which can help to understand the effects of gene knockouts, and, as whole-cell models become more widely built and used, aid genome design.",,
W2969220155,2019,Predicting Premature Birth Risk with cfRNA,"Identifying which genes are early indicators for preterm births using cell-free ribonucleic acid (cfRNA) from non-invasive blood tests provided by pregnant women can improve prenatal care. Currently, there are no medical tests for early detection of preterm birth risk in routine checkups for pregnant women. Recent studies have shown potential genes that can predict preterm birth. Machine learning techniques are utilized to see if the Area Under the Curve (AUC) can be improved upon when evaluating the prediction accuracy for chosen genes sequences and concentrations. Using cell-free RNA data from non-invasive blood tests in conjunction with machine learning, we improve upon the current methodology in an effort to identify and provide evidence between gene expression data and preterm birth. In our analysis, the model accuracy is improved using cfRNA Sequence Counts by expanding the feature space in which we have increased model AUC from 81% to 100%. These results are intended to provide additional evidence of model validity as an early indicator of preterm birth.",,
W3006391683,2020,Investigation of noncovalent interactions between peptides with potential intrinsic sequence patterns by mass spectrometry,"RATIONALE: The conformation of a protein largely depends on the interactions between peptides. Specific and intrinsic sequence peptide patterns, such as DNA double helix backbones, may be present in proteins. A computational statistical deep learning method has supported this assumption, but it has not been experimentally proven. Mass spectrometry, as a fast and accurate experimental method, could be used to evaluate the interaction of biomolecules. The results would be of great value for further study of the mechanism of protein folding. METHODS: Several potential intrinsic peptides were chosen by the deep learning method, including seven groups of pentapeptides and five groups of nonapeptides. The noncovalent interactions between mixed polypeptides were investigated by electrospray ionization mass spectrometry (ESI-MS) in full-scan and collision-induced dissociation (CID) modes. Molecular dynamics and molecular mechanics Poisson-Boltzmann surface area (MD-MM/PBSA) analyses were also performed to support the results. RESULTS: The ESI-MS spectra showed that 11 of the 12 groups of mixed polypeptides formed binary and ternary complexes with relatively high stability. The binding between nonapeptide groups was stronger than that between pentapeptide groups according to the relative intensity. The binding energies calculated by the MM/PBSA binding energy tool also provided strong evidence for the combination of the complexes. Electrostatic interactions, hydrophobic interactions, and van der Waals forces were thought to stabilize the complexes according to the binding models. CONCLUSIONS: The results implied the formation of stable complexes between polypeptides and identified their noncovalent interactions, proving that specific sequences and combinations with relatively strong binding ability exist in potential intrinsic sequences of peptides in protein structures.",,
W1518896243,2012,Nonlinear Models of Neural and Genetic Network Dynamics,"Abstract A categorical and Łukasiewicz-Topos framework for Łukasiewicz LM-Algebraic Logic models of nonlinear dynamics in complex functional systems such as neural networks, genomes and cell interactomes is proposed. Łukasiewicz Algebraic Logic models of genetic networks and signaling pathways in cells are formulated in terms of nonlinear dynamic systems with n-state components that allow for the generalization of previous logical models of both genetic activities and neural networks.",,
W2791692363,2018,Chemi-net: a graph convolutional network for accurate drug property prediction,"Absorption, distribution, metabolism, and excretion (ADME) studies are critical for drug discovery. Conventionally, these tasks, together with other chemical property predictions, rely on domain-specific feature descriptors, or fingerprints. Following the recent success of neural networks, we developed Chemi-Net, a completely data-driven, domain knowledge-free, deep learning method for ADME property prediction. To compare the relative performance of Chemi-Net with Cubist, one of the popular machine learning programs used by Amgen, a large-scale ADME property prediction study was performed on-site at Amgen. The results showed that our deep neural network method improved current methods by a large margin. We foresee that the significantly increased accuracy of ADME prediction seen with Chemi-Net over Cubist will greatly accelerate drug discovery.",,
W4240134384,2012,Exploring Patterns of Epigenetic Information with Data Mining Techniques,"Data mining, a part of the Knowledge Discovery in Databases process (KDD), is the process of extracting patterns from large data sets by combining methods from statistics and artificial intelligence with database management. Analyses of epigenetic data have evolved towards genome-wide and high-throughput approaches, thus generating great amounts of data for which data mining is essential. Part of these data may contain patterns of epigenetic information which are mitotically and/or meiotically heritable determining gene expression and cellular differentiation, as well as cellular fate. Epigenetic lesions and genetic mutations are acquired by individuals during their life and accumulate with ageing. Both defects, either together or individually, can result in losing control over cell growth and, thus, causing cancer development. Data mining techniques could be then used to extract the previous patterns. This work reviews some of the most important applications of data mining to epigenetics. Keywords: Epigenetics, data mining, knowledge discovery, bioinformatics",,
W2900659696,2018,Multi-Scale Structural Analysis of Proteins by Deep Semantic Segmentation,"Abstract Recent advancements in computational methods have facilitated large-scale sampling of protein structures, leading to breakthroughs in protein structural prediction and enabling de novo protein design. Establishing methods to identify candidate structures that can lead to native folds or designable structures remains a challenge, since few existing metrics capture high-level structural features such as architectures, folds, and conformity to conserved structural motifs. Convolutional Neural Networks (CNNs) have been successfully used in semantic segmentation — a subfield of image classification in which a class label is predicted for every pixel. Here, we apply semantic segmentation to protein structures as a novel strategy for fold identification and structural quality assessment. We represent protein structures as 2D α-carbon distance matrices (“contact maps”), and train a CNN that assigns each residue in a multi-domain protein to one of 38 architecture classes designated by the CATH database. Our model performs exceptionally well, achieving a per-residue accuracy of 90.8% on the test set (95.0% average accuracy over all classes; 87.8% average within-structure accuracy). The unique aspect of our classifier is that it encodes sequence agnostic residue environments from the PDB and can assess structural quality as quantitative probabilities. We demonstrate that individual class probabilities can be used as a metric that indicates the degree to which a randomly generated structure assumes a specific fold, as well as a metric that highlights non-conformative regions of a protein belonging to a known class. These capabilities yield a powerful tool for guiding structural sampling for both structural prediction and design. Significance Recent computational advances have allowed researchers to predict the structure of many proteins from their amino acid sequences, as well as designing new sequences that fold into predefined structures. However, these tasks are often challenging because they require selection of a small subset of promising structural models from a large pool of stochastically generated ones. Here, we describe a novel approach to protein model selection that uses 2D image classification techniques to evaluate 3D protein models. Our method can be used to select structures based on the fold that they adopt, and can also be used to identify regions of low structural quality. These capabilities yield a powerful tool for both protein design and structure prediction.",,
W2732875556,2017,A gene expression signature distinguishes innate response and resistance to proteasome inhibitors in multiple myeloma,"Extensive interindividual variation in response to chemotherapy is a major stumbling block in achieving desirable efficacy in the treatment of cancers, including multiple myeloma (MM). In this study, our goal was to develop a gene expression signature that predicts response specific to proteasome inhibitor (PI) treatment in MM. Using a well-characterized panel of human myeloma cell lines (HMCLs) representing the biological and genetic heterogeneity of MM, we created an in vitro chemosensitivity profile in response to treatment with the four PIs bortezomib, carfilzomib, ixazomib and oprozomib as single agents. Gene expression profiling was performed using next-generation high-throughput RNA-sequencing. Applying machine learning-based computational approaches including the supervised ensemble learning methods Random forest and Random survival forest, we identified a 42-gene expression signature that could not only distinguish good and poor PI response in the HMCL panel, but could also be successfully applied to four different clinical data sets on MM patients undergoing PI-based chemotherapy to distinguish between extraordinary (good and poor) outcomes. Our results demonstrate the use of in vitro modeling and machine learning-based approaches to establish predictive biomarkers of response and resistance to drugs that may serve to better direct myeloma patient treatment options.",,
W2810144884,2018,Trends in the development of miRNA bioinformatics tools,"MicroRNAs (miRNAs) are small noncoding RNAs that regulate gene expression via recognition of cognate sequences and interference of transcriptional, translational or epigenetic processes. Bioinformatics tools developed for miRNA study include those for miRNA prediction and discovery, structure, analysis and target prediction. We manually curated 95 review papers and ∼1000 miRNA bioinformatics tools published since 2003. We classified and ranked them based on citation number or PageRank score, and then performed network analysis and text mining (TM) to study the miRNA tools development trends. Five key trends were observed: (1) miRNA identification and target prediction have been hot spots in the past decade; (2) manual curation and TM are the main methods for collecting miRNA knowledge from literature; (3) most early tools are well maintained and widely used; (4) classic machine learning methods retain their utility; however, novel ones have begun to emerge; (5) disease-associated miRNA tools are emerging. Our analysis yields significant insight into the past development and future directions of miRNA tools.",,
W2596744302,2017,Developing Gene-Specific Meta-Predictor of Variant Pathogenicity,"Abstract Rapid, accurate, and inexpensive genome sequencing promises to transform medical care. However, a critical hurdle to enabling personalized genomic medicine is predicting the functional impact of novel genomic variation. Various methods of missense variants pathogenicity prediction have been developed by now. Here we present a new strategy for developing a pathogenicity predictor of improved accuracy by applying and training a supervised machine learning model in a gene-specific manner. Our meta-predictor combines outputs of various existing predictors, supplements them with an extended set of stability and structural features of the protein, as well as its physicochemical properties, and adds information about allele frequency from various datasets. We used such a supervised gene-specific meta-predictor approach to train the model on the CFTR gene, and to predict pathogenicity of about 1,000 variants of unknown significance that we collected from various publicly available and internal resources. Our CFTR -specific meta-predictor based on the Random Forest model performs better than other machine learning algorithms that we tested, and also outperforms other available tools, such as CADD, MutPred, SIFT, and PolyPhen-2. Our predicted pathogenicity probability correlates well with clinical measures of Cystic Fibrosis patients and experimental functional measures of mutated CFTR proteins. Training the model on one gene, in contrast to taking a genome wide approach, allows taking into account structural features specific for a particular protein, thus increasing the overall accuracy of the predictor. Collecting data from several separate resources, on the other hand, allows to accumulate allele frequency information, estimated as the most important feature by our approach, for a larger set of variants. Finally, our predictor will be hosted on the ClinGen Consortium database to make it available to CF researchers and to serve as a feasibility pilot study for other Mendelian diseases.",,
W2963046727,2019,Predicting drug response of tumors from integrated genomic profiles by deep neural networks,"The study of high-throughput genomic profiles from a pharmacogenomics viewpoint has provided unprecedented insights into the oncogenic features modulating drug response. A recent study screened for the response of a thousand human cancer cell lines to a wide collection of anti-cancer drugs and illuminated the link between cellular genotypes and vulnerability. However, due to essential differences between cell lines and tumors, to date the translation into predicting drug response in tumors remains challenging. Recently, advances in deep learning have revolutionized bioinformatics and introduced new techniques to the integration of genomic data. Its application on pharmacogenomics may fill the gap between genomics and drug response and improve the prediction of drug response in tumors. We proposed a deep learning model to predict drug response (DeepDR) based on mutation and expression profiles of a cancer cell or a tumor. The model contains three deep neural networks (DNNs), i) a mutation encoder pre-trained using a large pan-cancer dataset (The Cancer Genome Atlas; TCGA) to abstract core representations of high-dimension mutation data, ii) a pre-trained expression encoder, and iii) a drug response predictor network integrating the first two subnetworks. Given a pair of mutation and expression profiles, the model predicts IC 50 values of 265 drugs. We trained and tested the model on a dataset of 622 cancer cell lines and achieved an overall prediction performance of mean squared error at 1.96 (log-scale IC 50 values). The performance was superior in prediction error or stability than two classical methods (linear regression and support vector machine) and four analog DNN models of DeepDR, including DNNs built without TCGA pre-training, partly replaced by principal components, and built on individual types of input data. We then applied the model to predict drug response of 9059 tumors of 33 cancer types. Using per-cancer and pan-cancer settings, the model predicted both known, including EGFR inhibitors in non-small cell lung cancer and tamoxifen in ER+ breast cancer, and novel drug targets, such as vinorelbine for TTN -mutated tumors. The comprehensive analysis further revealed the molecular mechanisms underlying the resistance to a chemotherapeutic drug docetaxel in a pan-cancer setting and the anti-cancer potential of a novel agent, CX-5461, in treating gliomas and hematopoietic malignancies. Here we present, as far as we know, the first DNN model to translate pharmacogenomics features identified from in vitro drug screening to predict the response of tumors. The results covered both well-studied and novel mechanisms of drug resistance and drug targets. Our model and findings improve the prediction of drug response and the identification of novel therapeutic options.",,
W2890567665,2018,Deep Forest-based Prediction of Protein Subcellular Localization,"MOTIVATION: Knowledge of the correct protein subcellular localization is necessary for understanding the function of a protein and revealing the mechanism of many human diseases due to protein subcellular mislocalization, which is required before approaching gene therapy to treat a disease. In addition, it is well-known that the gene therapy is an effective way to overcome disease by targeting a gene therapy product to a specific subcellular compartment. Deep neural networks to predict protein function have become increasingly popular due to large increases in the available genomics data due to its strong superiority in the non-linear classification ability. However, they still have some drawbacks such as too many hyper-parameters and sufficient amount of labeled data. RESULTS: We present a deep forest-based protein location algorithm relying on sequence information. The prediction model uses a random forest network with a multi-layered structure to identify the subcellular regions of protein. The model was trained and tested on a latest UniProt releases protein dataset, and we demonstrate that our deep forest predict the subcellular location of proteins given only the protein sequence with high accuracy, outperforming the current state-of-art algorithms. Meanwhile, unlike the deep neural networks, it has a significantly smaller number of parameters and is much easier to train.",,
W2767272758,2017,Application of Machine Learning Models in Error and Variant Detection in High-Variation Genomics Datasets,"For metagenomics datasets, datasets of complex polyploid genomes, and other high-variation genomics datasets, there are difficulties with the analysis, error detection and variant calling, stemming from the challenges of discerning sequencing errors from biological variation. Confirming base candidates with high frequency of occurrence is no longer a reliable measure because of the natural variation and the presence of rare bases. The paper discusses an approach to the application of machine learning models to classify bases into erroneous and rare variations after preselecting potential error candidates with a weighted frequency measure, which aims to focus on unexpected variations by using the inter-sequence pairwise similarity. Different similarity measures are used to account for different types of datasets. Four machine learning models are implemented and tested.",,
W2887212924,2018,Establishment of a SVM classifier to predict recurrence of ovarian cancer,"Gene expression data using retrieved ovarian cancer (OC) samples were used to identify genes of interest and a support vector machine (SVM) classifier was subsequently established to predict the recurrence of OC. Three datasets (GSE17260, GSE44104 and GSE51088) investigating OC gene expression were downloaded from the Gene Expression Omnibus. Differentially expressed genes (DEGs) in samples from patients with non‑recurrent and recurrent OC were revealed via a homogeneity test and quality control analysis. A protein‑protein interaction (PPI) network was subsequently established for the DEGs using data from Biological General Repository for Interaction Datasets, Human Protein Reference Database and Database of Interacting Proteins. Degrees of interaction and betweenness centrality (BC) scores were calculated for each node in the PPI network. The top 100 genes ranked by BC scores were selected to identify feature genes via recursive feature elimination using the GSE17260 dataset. Following this, a SVM classifier was constructed and further validated using the GSE44104 and GSE51088 datasets and independent gene expression data obtained from the Cancer Genome Atlas (TCGA). A total of 639 DEGs were identified from the three gene expression datasets, and a PPI network including 249 nodes and 354 edges was constructed. A SVM classifier consisting of 39 feature genes (including cullin 3, mouse double minute 2 homolog, aurora kinase A, WW domain containing oxidoreducatase, large tumor suppressor kinase 2, sirtuin 6, staphylococcal nuclease and tudor domain containing 1, leucine rich repeats and immunoglobulin like domains 1 and aurora kinase 1 interacting protein 1) was subsequently constructed. The prediction accuracies of the SVM classifier for GSE17260, GSE44104 and GSE51088 datasets as well as data downloaded from TCGA were revealed to be 92.7, 93.3, 96.6 and 90.4%, respectively. Furthermore, the results of the present study revealed that patients with predicted non‑recurrent OC survived significantly longer compared with the patients with predicted recurrent OC (P=6.598x10‑6). A SVM classifier consisting of 39 feature genes was established for predicting the recurrence and prognosis of OC. Therefore, the results of the present study suggested that the 39 feature genes may serve important roles in the development of OC and may represent therapeutic biomarkers of OC.",,
W2374579417,2011,Complex network-based random forest algorithm for predicting the impact of amino acid mutation on protein stability,"Protein stability changes by single amino acid substitutions are important for the understanding of the relationship between protein structure and function.Previous prediction models were constructed using protein sequence and structural characteristics to predict the change of free energy stability on mutant.Such models were also valuable for designing and engineering new proteins.In this study,we presented a random forest algorithm combined with protein network topology properties to predict the change of free energy stability caused by the single point mutation.Amino acid residues around a mutation were also applied to characterize its environment.This method achieved total prediction accuracy(ACC)of 0.86 and Matthew's correlation coefficient(MCC)of 0.67,which are slightly higher to those reported previously.",,
W2467937140,2015,"[OMICS AND BIG DATA, MAJOR ADVANCES TOWARDS PERSONALIZED MEDICINE OF THE FUTURE?].","The increasing interest for personalized medicine evolves together with two major technological advances. First, the new-generation, rapid and less expensive, DNA sequencing method, combined with remarkable progresses in molecular biology leading to the post-genomic era (transcriptomics, proteomics, metabolomics). Second, the refinement of computing tools (IT), which allows the immediate analysis of a huge amount of data (especially, those resulting from the omics approaches) and, thus, creates a new universe for medical research, that of <> analyzed by computerized modelling. This article for scientific communication and popularization briefly describes the main advances in these two fields of interest. These technological progresses are combined with those occurring in communication, which makes possible the development of artificial intelligence. These major advances will most probably represent the grounds of the future personalized medicine.",,
W2887655889,2018,Realistic in silico generation and augmentation of single cell RNA-seq data using Generative Adversarial Neural Networks,"Abstract A fundamental problem in biomedical research is the low number of observations available, mostly due to a lack of available biosamples, prohibitive costs, or ethical reasons. Augmenting few real observations with generated in silico samples could lead to more robust analysis results and a higher reproducibility rate. Here we propose the use of conditional single cell Generative Adversarial Neural Networks (cscGANs) for the realistic generation of single cell RNA-seq data. cscGANs learn non-linear gene-gene dependencies from complex, multi cell type samples and use this information to generate realistic cells of defined types. Augmenting sparse cell populations with cscGAN generated cells improves downstream analyses such as the detection of marker genes, the robustness and reliability of classifiers, the assessment of novel analysis algorithms, and might reduce the number of animal experiments and costs in consequence. cscGANs outperform existing methods for single cell RNA-seq data generation in quality and hold great promise for the realistic generation and augmentation of other biomedical data types.",,
W2809421946,2018,In Silico and in Vitro Assessment of OATP1B1 Inhibition in Drug Discovery,"The organic anion-transporting polypeptide 1B1 transporter belongs to the solute carrier superfamily and is highly expressed at the basolateral membrane of hepatocytes. Several clinical studies show drug–drug interactions involving OATP1B1, thereby prompting the International Transporter Consortium to label OATP1B1 as a critical transporter that can influence a compound’s disposition. To examine OATP1B1 inhibition early in the drug discovery process, we established a medium-throughput concentration-dependent OATP1B1 assay. To create an in silico OATP1B1 inhibition model, deliberate in vitro assay enrichment was performed with publically known OATP1B1 inhibitors, noninhibitors, and compounds from our own internal chemistry. To date, approximately 1200 compounds have been tested in the assay with 60:40 distribution between noninhibitors and inhibitors. Bagging, random forest, and support vector machine fingerprint (SVM-FP) quantitative structure–activity relationship classification models were created, and each method showed positive and negative predictive values >90%, sensitivity >80%, specificity >95%, and Matthews correlation coefficient >0.8 on a prospective test set indicating the ability to distinguish inhibitors from noninhibitors. A SVMF-FP regression model was also created that showed an R 2 of 0.39, Spearman’s rho equal to 0.76, and was capable of predicting 69% of the prospective test set within the experimental variability of the assay (3-fold). In addition to the in silico quantitative structure–activity relationship (QSAR) models, physicochemical trends were examined to provide structure activity relationship guidance to early discovery teams. A JMP partition tree analysis showed that among the compounds with calculated logP >3.5 and ≥1 negatively charged atom, 94% were identified as OATP1B1 inhibitors. The combination of the physicochemical trends along with an in silico QSAR model provides discovery project teams a valuable tool to identify and address drug–drug interaction liability due to OATP1B1 inhibition.",,
W2123295749,2010,Robust and accurate prediction of noncoding RNAs from aligned sequences,"BACKGROUND: Computational prediction of noncoding RNAs (ncRNAs) is an important task in the post-genomic era. One common approach is to utilize the profile information contained in alignment data rather than single sequences. However, this strategy involves the possibility that the quality of input alignments can influence the performance of prediction methods. Therefore, the evaluation of the robustness against alignment errors is necessary as well as the development of accurate prediction methods. RESULTS: We describe a new method, called Profile BPLA kernel, which predicts ncRNAs from alignment data in combination with support vector machines (SVMs). Profile BPLA kernel is an extension of base-pairing profile local alignment (BPLA) kernel which we previously developed for the prediction from single sequences. By utilizing the profile information of alignment data, the proposed kernel can achieve better accuracy than the original BPLA kernel. We show that Profile BPLA kernel outperforms the existing prediction methods which also utilize the profile information using the high-quality structural alignment dataset. In addition to these standard benchmark tests, we extensively evaluate the robustness of Profile BPLA kernel against errors in input alignments. We consider two different types of error: first, that all sequences in an alignment are actually ncRNAs but are aligned ignoring their secondary structures; second, that an alignment contains unrelated sequences which are not ncRNAs but still aligned. In both cases, the effects on the performance of Profile BPLA kernel are surprisingly small. Especially for the latter case, we demonstrate that Profile BPLA kernel is more robust compared to the existing prediction methods. CONCLUSIONS: Profile BPLA kernel provides a promising way for identifying ncRNAs from alignment data. It is more accurate than the existing prediction methods, and can keep its performance under the practical situations in which the quality of input alignments is not necessarily high.",,
W3091841106,2020,DeepCycle reconstructs a cyclic cell cycle trajectory from unsegmented cell images using convolutional neural networks,"The advent of single-cell methods is paving the way for an in-depth understanding of the cell cycle with unprecedented detail. Due to its ramifications in nearly all biological processes, the evaluation of cell cycle progression is critical for an exhaustive cellular characterization. Here, we present DeepCycle, a deep learning method for estimating a cell cycle trajectory from unsegmented single-cell microscopy images, relying exclusively on the brightfield and nuclei-specific fluorescent signals. DeepCycle was evaluated on 2.6 million single-cell microscopy images of MDCKII cells with the fluorescent FUCCI2 system. DeepCycle provided a latent representation of cell images revealing a continuous and closed trajectory of the cell cycle. Further, we validated the DeepCycle trajectories by showing its nearly perfect correlation with real time measured from live-cell imaging of cells undergoing an entire cell cycle. This is the first model able to resolve the closed cell cycle trajectory, including cell division, solely based on unsegmented microscopy data from adherent cell cultures.",,
W2802889623,2018,Defining Phenotypes from Clinical Data to Drive Genomic Research,"The rise in available longitudinal patient information in electronic health records (EHRs) and their coupling to DNA biobanks has resulted in a dramatic increase in genomic research using EHR data for phenotypic information. EHRs have the benefit of providing a deep and broad data source of health-related phenotypes, including drug response traits, expanding the phenome available to researchers for discovery. The earliest efforts at repurposing EHR data for research involved manual chart review of limited numbers of patients but now typically involve applications of rule-based and machine learning algorithms operating on sometimes huge corpora for both genome-wide and phenome-wide approaches. We highlight here the current methods, impact, challenges, and opportunities for repurposing clinical data to define patient phenotypes for genomics discovery. Use of EHR data has proven a powerful method for elucidation of genomic influences on diseases, traits, and drug-response phenotypes and will continue to have increasing applications in large cohort studies.",,
W2799009700,2018,De novo protein structure prediction using ultra-fast molecular dynamics simulation,"ABSTRACT Modern genomics sequencing techniques have provided a massive amount of protein sequences, but experimental endeavor in determining protein structures is largely lagging far behind the vast and unexplored sequences. Apparently, computational biology is playing a more important role in protein structure prediction than ever. Here, we present a system of de novo predictor, termed NiDelta , building on a deep convolutional neural network and statistical potential enabling molecular dynamics simulation for modeling protein tertiary structure. Combining with evolutionary-based residue-contacts, the presented predictor can predict the tertiary structures of a number of target proteins with remarkable accuracy. The proposed approach is demonstrated by calculations on a set of eighteen large proteins from different fold classes. The results show that the ultra-fast molecular dynamics simulation could dramatically reduce the gap between the sequence and its structure at atom level, and it could also present high efficiency in protein structure determination if sparse experimental data is available.",,
W3092264656,2020,Using data science for medical decision making case: role of gut microbiome in multiple sclerosis,"BACKGROUND: A decade ago, the advancements in the microbiome data sequencing techniques initiated the development of research of the microbiome and its relationship with the host organism. The development of sophisticated bioinformatics and data science tools for the analysis of large amounts of data followed. Since then, the analyzed gut microbiome data, where microbiome is defined as a network of microorganisms inhabiting the human intestinal system, has been associated with several conditions such as irritable bowel syndrome - IBS, colorectal cancer, diabetes, obesity, and metabolic syndrome, and lately in the study of Parkinson's and Alzheimer's diseases as well. This paper aims to provide an understanding of differences between microbial data of individuals who have been diagnosed with multiple sclerosis and those who were not by exploiting data science techniques on publicly available data. METHODS: This study examines the relationship between multiple sclerosis (MS), an autoimmune central nervous system disease, and gut microbial community composition, using the samples acquired by 16s rRNA sequencing technique. We have used three different sets of MS samples sequenced during three independent studies (Jangi et al, Nat Commun 7:1-11, 2016), (Miyake et al, PLoS ONE 10:0137429, 2015), (McDonald et al, Msystems 3:00031-18, 2018) and this approach strengthens our results. Analyzed sequences were from healthy control and MS groups of sequences. The extracted set of statistically significant bacteria from the (Jangi et al, Nat Commun 7:1-11, 2016) dataset samples and their statistically significant predictive functions were used to develop a Random Forest classifier. In total, 8 models based on two criteria: bacteria abundance (at six taxonomic levels) and predictive functions (at two levels), were constructed and evaluated. These include using taxa abundances at different taxonomy levels as well as predictive function analysis at different hierarchical levels of KEGG pathways. RESULTS: The highest accuracy of the classification model was obtained at the genus level of taxonomy (76.82%) and the third hierarchical level of KEGG pathways (70.95%). The second dataset's 18 MS samples (Miyake et al, PLoS ONE 10:0137429, 2015) and 18 self-reported healthy samples from the (McDonald et al, Msystems 3:00031-18, 2018) dataset were used to validate the developed classification model. The significance of this step is to show that the model is not overtrained for a specific dataset but can also be used on other independent datasets. Again, the highest classification model accuracy for both validating datasets combined was obtained at the genus level of taxonomy (70.98%) and third hierarchical level of KEGG pathways (67.24%). The accuracy of the independent set remained very relevant. CONCLUSIONS: Our results demonstrate that the developed classification model provides a good tool that can be used to suggest the presence or absence of MS condition by collecting and analyzing gut microbiome samples. The accuracy of the model can be further increased by using sequencing methods that allow higher taxa resolution (i.e. shotgun metagenomic sequencing).",,
W3111423020,2020,In situ characterization of the 3D microanatomy of the pancreas and pancreatic cancer at single cell resolution,"Abstract Pancreatic ductal adenocarcinoma (PDAC) is one of the deadliest forms of cancer. Accumulating evidence indicates the tumor microenvironment is highly associated with tumorigenesis through regulation of cellular physiology, signaling systems, and gene expression profiles of cancer cells. Yet the mechanisms by which the microenvironment evolves from normal pancreas architecture to precursor lesions and invasive cancer is poorly understood. Obtaining high-content and high-resolution information from a complex tumor microenvironment in large volumetric landscapes represents a key challenge in the field of cancer biology. To address this challenge, we established a novel method to reconstruct three-dimensional (3D) centimeter-scale tissues containing billions of cells from serially sectioned histological samples, utilizing deep learning approaches to recognize eight distinct tissue subtypes from hematoxylin and eosin stained sections at micrometer and single-cell resolution. Using samples from a range of normal, precancerous, and invasive pancreatic cancer tissue, we map in 3D modes of cancer invasion in the tumor microenvironment, and emphasize the need for further 3D quantification of biological systems.",,
W2484222071,2016,"Analysis of Gene Expression Profiles in the Human Brain Stem, Cerebellum and Cerebral Cortex","The human brain is one of the most mysterious tissues in the body. Our knowledge of the human brain is limited due to the complexity of its structure and the microscopic nature of connections between brain regions and other tissues in the body. In this study, we analyzed the gene expression profiles of three brain regions-the brain stem, cerebellum and cerebral cortex-to identify genes that are differentially expressed among these different brain regions in humans and to obtain a list of robust, region-specific, differentially expressed genes by comparing the expression signatures from different individuals. Feature selection methods, specifically minimum redundancy maximum relevance and incremental feature selection, were employed to analyze the gene expression profiles. Sequential minimal optimization, a machine-learning algorithm, was employed to examine the utility of selected genes. We also performed a literature search, and we discuss the experimental evidence for the important physiological functions of several highly ranked genes, including NR2E1, DAO, and LRRC7, and we give our analyses on a gene (TFAP2B) that have not been investigated or experimentally validated. As a whole, the results of our study will improve our ability to predict and understand genes related to brain regionalization and function.",,
W1966470419,2015,Genome-wide features of neuroendocrine regulation in Drosophila by the basic helix-loop-helix transcription factor DIMMED,"Neuroendocrine (NE) cells use large dense core vesicles (LDCVs) to traffic, process, store and secrete neuropeptide hormones through the regulated secretory pathway. The dimmed (DIMM) basic helix-loop-helix transcription factor of Drosophila controls the level of regulated secretory activity in NE cells. To pursue its mechanisms, we have performed two independent genome-wide analyses of DIMM's activities: (i) in vivo chromatin immunoprecipitation (ChIP) to define genomic sites of DIMM occupancy and (ii) deep sequencing of purified DIMM neurons to characterize their transcriptional profile. By this combined approach, we showed that DIMM binds to conserved E-boxes in enhancers of 212 genes whose expression is enriched in DIMM-expressing NE cells. DIMM binds preferentially to certain E-boxes within first introns of specific gene isoforms. Statistical machine learning revealed that flanking regions of putative DIMM binding sites contribute to its DNA binding specificity. DIMM's transcriptional repertoire features at least 20 LDCV constituents. In addition, DIMM notably targets the pro-secretory transcription factor, creb-A, but significantly, DIMM does not target any neuropeptide genes. DIMM therefore prescribes the scale of secretory activity in NE neurons, by a systematic control of both proximal and distal points in the regulated secretory pathway.",,
W2787306398,2017,Interaction of quercetin with transcriptional regulator LasR of Pseudomonas aeruginosa: Mechanistic insights of the inhibition of virulence through quorum sensing,"ABSTRACT Background Pseudomonas aeruginosa is one of the most dangerous superbugs in the list of bacteria for which new antibiotics are urgently needed, which was published by World Health Organization. P. aeruginosa is an antibiotic-resistant opportunistic human pathogen. It affects patients with AIDS, cystic fibrosis, cancer, burn victims and people with prosthetics and implants. P. aeruginosa also forms biofilms. Biofilms increase resistance to antibiotics and host immune responses. Because of biofilms, current therapies are not effective. It is important to find new antibacterial treatment strategies against P. aeruginosa . Biofilm formation is regulated through a system called quorum sensing. Thus disrupting this system is considered a promising strategy to combat bacterial pathogenicity. It is known that quercetin inhibits Pseudomonas aeruginosa biofilm formation, but the mechanism of action is unknown. In the present study, we tried to analyse the mode of interactions of LasR with quercetin. Results We used a combination of molecular docking, molecular dynamics (MD) simulations and machine learning techniques for the study of the interaction of the LasR protein of P. aeruginosa with quercetin. We assessed the conformational changes of the interaction and analysed the molecular details of the binding of quercetin with LasR. We show that quercetin has two binding modes. One binding mode is the interaction with ligand binding domain, this interaction is not competitive and it has also been shown experimentally. The second binding mode is the interaction with the bridge, it involves conservative amino acid interactions from LBD, SLR, and DBD and it is also not competitive. Experimental studies show hydroxyl group of ring A is necessary for inhibitory activity, in our model the hydroxyl group interacts with Leu177 during the second binding mode. This could explain the molecular mechanism of how quercetin inhibits LasR protein. Conclusions This study may offer insights on how quercetin inhibits quorum sensing circuitry by interacting with transcriptional regulator LasR. The capability of having two binding modes may explain why quercetin is effective at inhibiting biofilm formation and virulence gene expression. List of abbreviations PDB Protein data bank MD Molecular Dynamics PCA Principal Component Analysis PC Principal Component SLR Short Linker Region BLAST Basic local alignment search tool DBI David-Bouldin Index psF pseudo-F statistic",,
W2951706013,2019,Blended alginate/collagen hydrogels promote neurogenesis and neuronal maturation,"Brain extracellular matrix (ECM) is complex, heterogeneous and often poorly replicated in traditional 2D cell culture systems. The development of more physiologically relevant 3D cell models capable of emulating the native ECM is of paramount importance for the study of human induced pluripotent stem cell (iPSC)-derived neurons. Due to its structural similarity with hyaluronic acid, a primary component of brain ECM, alginate is a potential biomaterial for 3D cell culture systems. However, a lack of cell adhesion motifs within the chemical structure of alginate has limited its application in neural culture systems. This study presents a simple and accessible method of incorporating collagen fibrils into an alginate hydrogel by physical mixing and controlled gelation under physiological conditions and tests the hypothesis that such a substrate could influence the behaviour of human neurons in 3D culture. Regulation of the gelation process enabled the penetration of collagen fibrils throughout the hydrogel structure as demonstrated by transmission electron microscopy. Encapsulated human iPSC-derived neurons adhered to the blended hydrogel as evidenced by the increased expression of α1, α2 and β1 integrins. Furthermore, immunofluorescence microscopy revealed that encapsulated neurons formed complex neural networks and matured into branched neurons expressing synaptophysin, a key protein involved in neurotransmission, along the neurites. Mechanical tuning of the hydrogel stiffness by modulation of the alginate ionic crosslinker concentration also influenced neuron-specific gene expression. In conclusion, we have shown that by tuning the physicochemical properties of the alginate/collagen blend it is possible to create different ECM-like microenvironments where complex mechanisms underpinning the growth and development of human neurons can be simulated and systematically investigated.",,
W2524309234,2016,Studying Microarray Gene Expression Data of Schizophrenic Patients for Derivation of a Diagnostic Signature through the Aid of Machine Learning,"Schizophrenia is a complex psychiatric disease that is affected by multiple genes, some of which could be used as biomarkers for specific diagnosis of the disease. In this work, we explore the powe ...",,
W2963816291,2014,Recognition of CDNA Microarray Image using Feedforward Artificial Neural Network,"The complementary DNA (cDNA) sequence considered the magic biometric technique for personal identification.Microarray image processing used for the concurrent genes identification.In this paper, we present a new method for cDNA recognition based on the artificial neural network (ANN).We have segmented the location of the spots in a cDNA microarray.Thus, a precise localization and segmenting of a spot are essential to obtain a more exact intensity measurement, leading to a more accurate gene expression measurement.The segmented cDNA microarray image resized and used as an input for the proposed artificial neural network.For matching and recognition, we have trained the artificial neural network.Recognition results are given for the galleries of cDNA sequences .The numerical results show that, the proposed matching technique is an effective in the cDNA sequences process.The experimental results of our matching approach using different databases shows that, the proposed technique is an effective matching performance.",,
W3025754288,2020,Mutation severity spectrum of rare alleles in the human genome is predictive of disease type,"The human genome harbors a variety of genetic variations. Single-nucleotide changes that alter amino acids in protein-coding regions are one of the major causes of human phenotypic variation and diseases. These single-amino acid variations (SAVs) are routinely found in whole genome and exome sequencing. Evaluating the functional impact of such genomic alterations is crucial for diagnosis of genetic disorders. We developed DeepSAV, a deep-learning convolutional neural network to differentiate disease-causing and benign SAVs based on a variety of protein sequence, structural and functional properties. Our method outperforms most stand-alone programs, and the version incorporating population and gene-level information (DeepSAV+PG) has similar predictive power as some of the best available. We transformed DeepSAV scores of rare SAVs in the human population into a quantity termed ""mutation severity measure"" for each human protein-coding gene. It reflects a gene's tolerance to deleterious missense mutations and serves as a useful tool to study gene-disease associations. Genes implicated in cancer, autism, and viral interaction are found by this measure as intolerant to mutations, while genes associated with a number of other diseases are scored as tolerant. Among known disease-associated genes, those that are mutation-intolerant are likely to function in development and signal transduction pathways, while those that are mutation-tolerant tend to encode metabolic and mitochondrial proteins.",,
W2998075897,2019,Machine learning and its applications in plant molecular studies,"The advent of high-throughput genomic technologies has resulted in the accumulation of massive amounts of genomic information. However, biologists are challenged with how to effectively analyze these data. Machine learning can provide tools for better and more efficient data analysis. Unfortunately, because many plant biologists are unfamiliar with machine learning, its application in plant molecular studies has been restricted to a few species and a limited set of algorithms. Thus, in this study, we provide the basic steps for developing machine learning frameworks and present a comprehensive overview of machine learning algorithms and various evaluation metrics. Furthermore, we introduce sources of important curated plant genomic data and R packages to enable plant biologists to easily and quickly apply appropriate machine learning algorithms in their research. Finally, we discuss current applications of machine learning algorithms for identifying various genes related to resistance to biotic and abiotic stress. Broad application of machine learning and the accumulation of plant sequencing data will advance plant molecular studies.",,
W2123994260,2012,Plant MicroRNA Prediction by Supervised Machine Learning Using C5.0 Decision Trees,"MicroRNAs (miRNAs) are nonprotein coding RNAs between 20 and 22 nucleotides long that attenuate protein production. Different types of sequence data are being investigated for novel miRNAs, including genomic and transcriptomic sequences. A variety of machine learning methods have successfully predicted miRNA precursors, mature miRNAs, and other nonprotein coding sequences. MirTools, mirDeep2, and miRanalyzer require ""read count"" to be included with the input sequences, which restricts their use to deep-sequencing data. Our aim was to train a predictor using a cross-section of different species to accurately predict miRNAs outside the training set. We wanted a system that did not require read-count for prediction and could therefore be applied to short sequences extracted from genomic, EST, or RNA-seq sources. A miRNA-predictive decision-tree model has been developed by supervised machine learning. It only requires that the corresponding genome or transcriptome is available within a sequence window that includes the precursor candidate so that the required sequence features can be collected. Some of the most critical features for training the predictor are the miRNA:miRNA(∗) duplex energy and the number of mismatches in the duplex. We present a cross-species plant miRNA predictor with 84.08% sensitivity and 98.53% specificity based on rigorous testing by leave-one-out validation.",,
W3107629351,2020,Comprehensive prediction of secondary metabolite structure and biological activity from microbial genome sequences,"Novel antibiotics are urgently needed to address the looming global crisis of antibiotic resistance. Historically, the primary source of clinically used antibiotics has been microbial secondary metabolism. Microbial genome sequencing has revealed a plethora of uncharacterized natural antibiotics that remain to be discovered. However, the isolation of these molecules is hindered by the challenge of linking sequence information to the chemical structures of the encoded molecules. Here, we present PRISM 4, a comprehensive platform for prediction of the chemical structures of genomically encoded antibiotics, including all classes of bacterial antibiotics currently in clinical use. The accuracy of chemical structure prediction enables the development of machine-learning methods to predict the likely biological activity of encoded molecules. We apply PRISM 4 to chart secondary metabolite biosynthesis in a collection of over 10,000 bacterial genomes from both cultured isolates and metagenomic datasets, revealing thousands of encoded antibiotics. PRISM 4 is freely available as an interactive web application at http://prism.adapsyn.com .",,
W3005188734,2020,A deep learning system accurately classifies primary and metastatic cancers using passenger mutation patterns,"In cancer, the primary tumour's organ of origin and histopathology are the strongest determinants of its clinical behaviour, but in 3% of cases a patient presents with a metastatic tumour and no obvious primary. Here, as part of the ICGC/TCGA Pan-Cancer Analysis of Whole Genomes (PCAWG) Consortium, we train a deep learning classifier to predict cancer type based on patterns of somatic passenger mutations detected in whole genome sequencing (WGS) of 2606 tumours representing 24 common cancer types produced by the PCAWG Consortium. Our classifier achieves an accuracy of 91% on held-out tumor samples and 88% and 83% respectively on independent primary and metastatic samples, roughly double the accuracy of trained pathologists when presented with a metastatic tumour without knowledge of the primary. Surprisingly, adding information on driver mutations reduced accuracy. Our results have clinical applicability, underscore how patterns of somatic passenger mutations encode the state of the cell of origin, and can inform future strategies to detect the source of circulating tumour DNA.",,
W3084109721,2020,Computational studies on breast cancer analysis,"In women, breast cancer is a heterogeneous type of cancer; its classification is entirely established on clinical testimony and needs pathological advice for biological clarification. Various problems are associated with breast cancer research like its diagnosis, prognosis, redundancy prediction and survivability. Only relevant treatment according to cancer type is helpful. This paper deals with analysing the gene expression data for accurately identifying breast cancer type using deep learning model. It highlights how deep learning can be powerful tool for the cancer classification thus giving them required treatment. Our results show that Deep Learning can be an effective tool to interpret micro-array gene expression data and help in identifying breast cancer according to its ER status. The proposed model has shown effectiveness in terms of accuracy as compared to other machine learning algorithms.",,
W2105092596,2011,Improved risk prediction for Crohn's disease with a multi-locus approach,"Genome-wide association studies have identified numerous loci demonstrating genome-wide significant association with Crohn's disease. However, when many single nucleotide polymorphisms (SNPs) have weak-to-moderate disease risks, genetic risk prediction models based only on those markers that pass the most stringent statistical significance testing threshold may be suboptimal. Haplotype-based predictive models may provide advantages over single-SNP approaches by facilitating detection of associations driven by cis-interactions among nearby SNPs. In addition, these approaches may be helpful in assaying non-genotyped, rare causal variants. In this study, we investigated the use of two-marker haplotypes for risk prediction in Crohn's disease and show that it leads to improved prediction accuracy compared with single-point analyses. With large numbers of predictors, traditional classification methods such as logistic regression and support vector machine approaches may be suboptimal. An alternative approach is to apply the risk-score method calculated as the number of risk haplotypes an individual carries, both within and across loci. We used the area under the curve (AUC) of the receiver operating curve to assess the performance of prediction models in large-scale genetic data, and observed that the prediction performance in the validation cohort continues to improve as thousands of haplotypes are included in the model, with the AUC reaching its plateau at 0.72 at ∼7000 haplotypes, and begins to gradually decline after that point. In contrast, using the SNP as predictors, we only obtained maximum AUC of 0.65. Validation studies in independent cohorts further support improved prediction capacity with multi-marker, as opposed to single marker analyses.",,
W3038127722,2020,Transporter genes in biosynthetic gene clusters predict metabolite characteristics and siderophore activity,"Abstract Biosynthetic gene clusters (BGCs) are operonic sets of microbial genes that synthesize specialized metabolites with diverse functions, including siderophores and antibiotics, which often require export to the extracellular environment. For this reason, genes for transport across cellular membranes are essential for the production of specialized metabolites, and are often genomically co-localized with BGCs. Here we conducted a comprehensive computational analysis of transporters associated with characterized BGCs. In addition to known exporters, in BGCs we found many importer-specific transmembrane domains that co-occur with substrate binding proteins possibly for uptake of siderophores or metabolic precursors. Machine learning models using transporter gene frequencies were predictive of known siderophore activity, molecular weights, and a measure of lipophilicity (log P ) for corresponding BGC-synthesized metabolites. Transporter genes associated with BGCs were often equally or more predictive of metabolite features than biosynthetic genes. Given the importance of siderophores as pathogenicity factors, we used transporters specific for siderophore BGCs to identify both known and uncharacterized siderophore-like BGCs in genomes from metagenomes from the infant and adult gut microbiome. We find that 23% of microbial genomes from the infant gut have siderophore-like BGCs, but only 3% of those assembled from adult gut microbiomes do. While siderophore-like BGCs from the infant gut are predominantly associated with Enterobactericaee and Staphylococcus , siderophore-like BGCs can be identified from taxa in the adult gut microbiome that have rarely been recognized for siderophore production. Taken together, these results show that consideration of BGC-associated transporter genes can inform predictions of specialized metabolite structure and function.",,
W3015715722,2020,Top ten discoveries of the year: Neurodegeneration,"As we embark on a new year of scientific inquiry in neurodegenerative disease research, it is helpful to take a look back and consider the contributions in the field with the potential to be the most impactful. The purpose of this review is to highlight recent advances in 2019 which have the potential to be transformative in the field of neurodegenerative neuropathology. Substantive scientific progress rarely occurs as a ""eureka moment"", and when possible, we opted to highlight collaborative efforts and research trends. We also included groundbreaking methodologies and tools. The generous increases in federal funding in the United States and elsewhere have massively expanded the total number of active programs researching Alzheimer's disease. This exacerbates an imbalance, and an effort was made to highlight innovations across disease categories, and not to permit dementia to crowd out movement disorders, motor neuron disease, ataxias, etc. Thus, our overall goal was to highlight some of the most important discoveries, tools or methods that we feel will most likely directly enhance our ability to understand and diagnose neurodegenerative brain diseases. Given space limitations and the targeted readership of this journal, we selected ten topics most relevant to neuropathologists and clinical neuroscientists: 1. A new neurodegenerative disease category, 2. A new approach to probing gene expression on the single cell level, 3. A new approach merging histology and gene expression profiling, 4. A new computational approach using deep machine learning and computer vision, 5. A neuropathological substrate for sleep disturbance in Alzheimer's disease, 6. A candidate pathogenic agent for Alzheimer's disease, 7. A comprehensive approach to morphometric analysis of cerebellar neurodegeneration, 8. The strongest evidence yet linking neurodegeneration to contact sports, 9. Mounting evidence for gut to central nervous system transmission in Parkinson's disease, and 10. A spotlight on glia in Huntington's disease.",,
W2770536593,2017,Medical laboratory in autoimmunity 2017,"Abstract With big data algorithms and artificial intelligence (AI) at stake the optimal assembly of the most appropriate lab assays selected to diagnose, treat and follow up patients suffering from well-delineated disease may get lost. The physician ordering a lab test, instead of asking for a good composition of screening tests is tempted to order a large number of assays, including genome sequencing hoping to find the diagnostic evidence for his/her patient at once. Four major specialities of medical laboratory assays, i.e. clinical chemistry, hematology, immunology and microbiology are embraced by genome sequencing techniques and have attained the degree of robotics, facilitating assays to such a degree, that the prescriber is free of concern as to how costly/complicated an investigation might become. Diagnostics with autoimmune diseases is not an exemption and autoantibody screening using multiplex assays or therapeutic drug monitoring to adjust treatments of inflammatory/autoimmune diseases is bound to become more and more informative even more so as the pharmacodynamics of modern pharmaceutical agents are explored. As the most appropriate therapeutical agents to monitor in the lab, biological response modifiers, immunosuppressants and monoclonal antibodies are at the forefront and we need to explore their efficacy and side effect profiles not only using phase III clinical studies but also by using postmarketing surveillance. Behind the profiles provided by big data and artificial intelligence, the therapeutically-induced regained immune balance can thus be traced to the single best lab assay. The next decade promises a series of new assays, e.g. inflammasome profiles, lymphocyte markers by fluorescence activated cell sorters as well as single cell secretome analysis.",,
W3094708881,2020,amPEPpy 1.0: a portable and accurate antimicrobial peptide prediction tool,"SUMMARY: Antimicrobial peptides (AMPs) are promising alternative antimicrobial agents. Currently, however, portable, user-friendly and efficient methods for predicting AMP sequences from genome-scale data are not readily available. Here we present amPEPpy, an open-source, multi-threaded command-line application for predicting AMP sequences using a random forest classifier. AVAILABILITY AND IMPLEMENTATION: amPEPpy is implemented in Python 3 and is freely available through GitHub (https://github.com/tlawrence3/amPEPpy). SUPPLEMENTARY INFORMATION: Supplementary data are available at Bioinformatics online.",,
W2944955712,2019,Machine learning applied to whole-blood RNA-sequencing data uncovers distinct subsets of patients with systemic lupus erythematosus,"ABSTRACT Objective Systemic lupus erythematosus (SLE) is a heterogeneous autoimmune disease that is difficult to treat. There is currently no optimal stratification of patients with SLE, and thus responses to available treatments are unpredictable. Here, we developed a new stratification scheme for patients with SLE, based on the whole-blood transcriptomes of patients with SLE. Methods We applied machine learning approaches to RNA-sequencing (RNA-seq) datasets to stratify patients with SLE into four distinct clusters based on their gene expression profiles. A meta-analysis on two recently published whole-blood RNA-seq datasets was carried out and an additional similar dataset of 30 patients with SLE and 29 healthy donors was contributed in this research; 141 patients with SLE and 51 healthy donors were analysed in total. Results Examination of SLE clusters, as opposed to unstratified SLE patients, revealed underappreciated differences in the pattern of expression of disease-related genes relative to clinical presentation. Moreover, gene signatures correlated to flare activity were successfully identified. Conclusion Given that disease heterogeneity has confounded research studies and clinical trials, our approach addresses current unmet medical needs and provides a greater understanding of SLE heterogeneity in humans. Stratification of patients based on gene expression signatures may be a valuable strategy to harness disease heterogeneity and identify patient populations that may be at an increased risk of disease symptoms. Further, this approach can be used to understand the variability in responsiveness to therapeutics, thereby improving the design of clinical trials and advancing personalised therapy.",,
W2972612455,2019,Machine-Learning Prediction of Tumor Antigen Immunogenicity in the Selection of Therapeutic Epitopes,"Current tumor neoantigen calling algorithms primarily rely on epitope/major histocompatibility complex (MHC) binding affinity predictions to rank and select for potential epitope targets. These algorithms do not predict for epitope immunogenicity using approaches modeled from tumor-specific antigen data. Here, we describe peptide-intrinsic biochemical features associated with neoantigen and minor histocompatibility mismatch antigen immunogenicity and present a gradient boosting algorithm for predicting tumor antigen immunogenicity. This algorithm was validated in two murine tumor models and demonstrated the capacity to select for therapeutically active antigens. Immune correlates of neoantigen immunogenicity were studied in a pan-cancer data set from The Cancer Genome Atlas and demonstrated an association between expression of immunogenic neoantigens and immunity in colon and lung adenocarcinomas. Lastly, we present evidence for expression of an out-of-frame neoantigen that was capable of driving antitumor cytotoxic T-cell responses. With the growing clinical importance of tumor vaccine therapies, our approach may allow for better selection of therapeutically relevant tumor-specific antigens, including nonclassic out-of-frame antigens capable of driving antitumor immunity.",,
W2397935820,2014,Exploration of ovarian cancer micro array data focus on gene expression patterns relevant to survival using artificial neural networks.,"A stage III ovarian cancer diagnosis yields a 22% 5-year survival rate, this applies to over half of the 7000 new cases diagnosed each year in the UK. Stratification of patients with this heterogeneous disease, based on active molecular pathways in their cancer, would aid a targeted treatment and improve prognosis. Hundreds of genes have been significantly associated with ovarian cancer, few have yet been verified. Exploration of published microarray data sets using Artificial Neural Networks confirmed the robustness of PRELP as a biomarker for survival time from stage III ovarian cancer, and generated a new panel of 44 genes that significantly predicted survival length of a blind valida- tion set (p=0.00073).",,
W2785671534,2018,Chromatin organisation and cancer prognosis: a pan-cancer study,"BACKGROUND: Chromatin organisation affects gene expression and regional mutation frequencies and contributes to carcinogenesis. Aberrant organisation of DNA has been correlated with cancer prognosis in analyses of the chromatin component of tumour cell nuclei using image texture analysis. As yet, the methodology has not been sufficiently validated to permit its clinical application. We aimed to define and validate a novel prognostic biomarker for the automatic detection of heterogeneous chromatin organisation. METHODS: Machine learning algorithms analysed the chromatin organisation in 461 000 images of tumour cell nuclei stained for DNA from 390 patients (discovery cohort) treated for stage I or II colorectal cancer at the Aker University Hospital (Oslo, Norway). The resulting marker of chromatin heterogeneity, termed Nucleotyping, was subsequently independently validated in six patient cohorts: 442 patients with stage I or II colorectal cancer in the Gloucester Colorectal Cancer Study (UK); 391 patients with stage II colorectal cancer in the QUASAR 2 trial; 246 patients with stage I ovarian carcinoma; 354 patients with uterine sarcoma; 307 patients with prostate carcinoma; and 791 patients with endometrial carcinoma. The primary outcome was cancer-specific survival. FINDINGS: In all patient cohorts, patients with chromatin heterogeneous tumours had worse cancer-specific survival than patients with chromatin homogeneous tumours (univariable analysis hazard ratio [HR] 1·7, 95% CI 1·2-2·5, in the discovery cohort; 1·8, 1·0-3·0, in the Gloucester validation cohort; 2·2, 1·1-4·5, in the QUASAR 2 validation cohort; 3·1, 1·9-5·0, in the ovarian carcinoma cohort; 2·5, 1·8-3·4, in the uterine sarcoma cohort; 2·3, 1·2-4·6, in the prostate carcinoma cohort; and 4·3, 2·8-6·8, in the endometrial carcinoma cohort). After adjusting for established prognostic patient characteristics in multivariable analyses, Nucleotyping was prognostic in all cohorts except for the prostate carcinoma cohort (HR 1·7, 95% CI 1·1-2·5, in the discovery cohort; 1·9, 1·1-3·2, in the Gloucester validation cohort; 2·6, 1·2-5·6, in the QUASAR 2 cohort; 1·8, 1·1-3·0, for ovarian carcinoma; 1·6, 1·0-2·4, for uterine sarcoma; 1·43, 0·68-2·99, for prostate carcinoma; and 1·9, 1·1-3·1, for endometrial carcinoma). Chromatin heterogeneity was a significant predictor of cancer-specific survival in microsatellite unstable (HR 2·9, 95% CI 1·0-8·4) and microsatellite stable (1·8, 1·2-2·7) stage II colorectal cancer, but microsatellite instability was not a significant predictor of outcome in chromatin homogeneous (1·3, 0·7-2·4) or chromatin heterogeneous (0·8, 0·3-2·0) stage II colorectal cancer. INTERPRETATION: The consistent prognostic prediction of Nucleotyping in different biological and technical circumstances suggests that the marker of chromatin heterogeneity can be reliably assessed in routine clinical practice and could be used to objectively assist decision making in a range of clinical settings. An immediate application would be to identify high-risk patients with stage II colorectal cancer who might have greater absolute benefit from adjuvant chemotherapy. Clinical trials are warranted to evaluate the survival benefit and cost-effectiveness of using Nucleotyping to guide treatment decisions in multiple clinical settings. FUNDING: The Research Council of Norway, the South-Eastern Norway Regional Health Authority, the National Institute for Health Research, and the Wellcome Trust.",,
W2724377567,2017,Epigenomic annotation-based interpretation of genomic data: from enrichment analysis to machine learning,"MOTIVATION: One of the goals of functional genomics is to understand the regulatory implications of experimentally obtained genomic regions of interest (ROIs). Most sequencing technologies now generate ROIs distributed across the whole genome. The interpretation of these genome-wide ROIs represents a challenge as the majority of them lie outside of functionally well-defined protein coding regions. Recent efforts by the members of the International Human Epigenome Consortium have generated volumes of functional/regulatory data (reference epigenomic datasets), effectively annotating the genome with epigenomic properties. Consequently, a wide variety of computational tools has been developed utilizing these epigenomic datasets for the interpretation of genomic data. RESULTS: The purpose of this review is to provide a structured overview of practical solutions for the interpretation of ROIs with the help of epigenomic data. Starting with epigenomic enrichment analysis, we discuss leading tools and machine learning methods utilizing epigenomic and 3D genome structure data. The hierarchy of tools and methods reviewed here presents a practical guide for the interpretation of genome-wide ROIs within an epigenomic context. CONTACT: mikhail.dozmorov@vcuhealth.org. SUPPLEMENTARY INFORMATION: Supplementary data are available at Bioinformatics online.",,
W2903631495,2018,Genome-wide de novo risk score implicates promoter variation in autism spectrum disorder,"INTRODUCTION The DNA of protein-coding genes is transcribed into mRNA, which is translated into proteins. The “coding genome” describes the DNA that contains the information to make these proteins and represents ~1.5% of the human genome. Newly arising de novo mutations (variants observed in a child but not in either parent) in the coding genome contribute to numerous childhood developmental disorders, including autism spectrum disorder (ASD). Discovery of these effects is aided by the triplet code that enables the functional impact of many mutations to be readily deciphered. In contrast, the “noncoding genome” covers the remaining ~98.5% and includes elements that regulate when, where, and to what degree protein-coding genes are transcribed. Understanding this noncoding sequence could provide insights into human disorders and refined control of emerging genetic therapies. Yet little is known about the role of mutations in noncoding regions, including whether they contribute to childhood developmental disorders, which noncoding elements are most vulnerable to disruption, and the manner in which information is encoded in the noncoding genome. RATIONALE Whole-genome sequencing (WGS) provides the opportunity to identify the majority of genetic variation in each individual. By performing WGS on 1902 quartet families including a child affected with ASD, one unaffected sibling control, and their parents, we identified ~67 de novo mutations across each child’s genome. To characterize the functional role of these mutations, we integrated multiple datasets relating to gene function, genes implicated in neurodevelopmental disorders, conservation across species, and epigenetic markers, thereby combinatorially defining 55,143 categories. The scope of the problem—testing for an excess of de novo mutations in cases relative to controls for each category—is challenging because there are more categories than families. RESULTS Comparing cases to controls, we observed an excess of de novo mutations in cases in individual categories in the coding genome but not in the noncoding genome. To overcome the challenge of detecting noncoding association, we used machine learning tools to develop a de novo risk score to look for an excess of de novo mutations across multiple categories. This score demonstrated a contribution to ASD risk from coding mutations and a weaker, but significant, contribution from noncoding mutations. This noncoding signal was driven by mutations in the promoter region, defined as the 2000 nucleotides upstream of the transcription start site (TSS) where mRNA synthesis starts. The strongest promoter signals were defined by conservation across species and transcription factor binding sites. Well-defined promoter elements (e.g., TATA-box) are usually observed within 80 nucleotides of the TSS; however, the strongest ASD association was observed distally, 750 to 2000 nucleotides upstream of the TSS. CONCLUSION We conclude that de novo mutations in the noncoding genome contribute to ASD. The clearest evidence of noncoding ASD association came from mutations at evolutionarily conserved nucleotides in the promoter region. The enrichment for transcription factor binding sites, primarily in the distal promoter, suggests that these mutations may disrupt gene transcription via their interaction with enhancer elements in the promoter region, rather than interfering with transcriptional initiation directly. Promoter regions in autism. De novo mutations from 1902 quartet families are assigned to 55,143 annotation categories, which are each assessed for autism spectrum disorder (ASD) association by comparing mutation counts in cases and sibling controls. A de novo risk score demonstrated a noncoding contribution to ASD driven by promoter mutations, especially at sites conserved across species, in the distal promoter or targeted by transcription factors.",,
W2919492582,2019,Decoding Complexity in Metabolic Networks using Integrated Mechanistic and Machine Learning Approaches,"How can we get living cells to do what we want? What do they actually ‘want’? What ‘rules’ do they observe? How can we better understand and manipulate them? Answers to fundamental research questions like these are critical to overcoming bottlenecks in metabolic engineering and optimizing heterologous pathways for synthetic biology applications. Unfortunately, biological systems are too complex to be completely described by physicochemical modeling alone. In this research, I developed and applied integrated mechanistic and data-driven frameworks to help uncover the mysteries of cellular regulation and control. These tools provide a computational framework for seeking answers to pertinent biological questions. Four major tasks were accomplished. First, I developed innovative tools for key areas in the genome-to-phenome mapping pipeline. An efficient gap filling algorithm (called BoostGAPFILL) that integrates mechanistic and machine learning techniques was developed for the refinement of genome-scale metabolic network reconstructions. Genome-scale metabolic network reconstructions are finding ever increasing applications in metabolic engineering for industrial, medical and environmental purposes. Second, I designed a thermodynamics-based framework (called REMEP) for mutant phenotype prediction (integrating metabolomics, fluxomics and thermodynamics data). These tools will go a long way in improving the fidelity of model predictions of microbial cell factories. Third, I designed a data-driven framework for characterizing and predicting the effectiveness of metabolic engineering strategies. This involved building a knowledgebase of historical microbial cell factory performance from published literature. Advanced machine learning concepts, such as ensemble learning and data augmentation, were employed in combination with standard mechanistic models to develop a predictive platform for important industrial biotechnology metrics such as yield, titer, and productivity. Fourth, my modeling tools and skills have been used for case studies on fungal lipid metabolism analyses, E. coli resource allocation balances, reconstruction of the genome-scale metabolic network for a non-model species, R. opacus, as well as the rapid prediction of bacterial heterotrophic fluxomics. In the long run, this integrated modeling approach will significantly shorten the “design-build-test-learn” cycle of metabolic engineering, as well as provide a platform for biological discovery.",,
W2083697083,2013,Visualized Computational Predictions of Transcriptional Effects by Intronic Endogenous Retroviruses,"When endogenous retroviruses (ERVs) or other transposable elements (TEs) insert into an intron, the consequence on gene transcription can range from negligible to a complete ablation of normal transcripts. With the advance of sequencing technology, more and more insertionally polymorphic or private TE insertions are being identified in humans and mice, of which some could have a significant impact on host gene expression. Nevertheless, an efficient and low cost approach to prioritize their potential effect on gene transcription has been lacking. By building a computational model based on artificial neural networks (ANN), we demonstrate the feasibility of using machine-learning approaches to predict the likelihood that intronic ERV insertions will have major effects on gene transcription, focusing on the two ERV families, namely Intracisternal A-type Particle (IAP) and Early Transposon (ETn)/MusD elements, which are responsible for the majority of ERV-induced mutations in mice. We trained the ANN model using properties associated with these ERVs known to cause germ-line mutations (positive cases) and properties associated with likely neutral ERVs of the same families (negative cases), and derived a set of prediction plots that can visualize the likelihood of affecting gene transcription by ERV insertions. Our results show a highly reliable prediction power of our model, and offer a potential approach to computationally screen for other types of TE insertions that may affect gene transcription or even cause disease.",,
W3093783017,2020,A generalized machine‐learning aided method for targeted identification of industrial enzymes from metagenome: A xylanase temperature dependence case study,"Growing industrial utilization of enzymes and the increasing availability of metagenomic data highlight the demand for effective methods of targeted identification and verification of novel enzymes from various environmental microbiota. Xylanases are a class of enzymes with numerous industrial applications and are involved in the degradation of xylose, a component of lignocellulose. The optimum temperature of enzymes is an essential factor to be considered when choosing appropriate biocatalysts for a particular purpose. Therefore, in silico prediction of this attribute is a significant cost and time-effective step in the effort to characterize novel enzymes. The objective of this study was to develop a computational method to predict the thermal dependence of xylanases. This tool was then implemented for targeted screening of putative xylanases with specific thermal dependencies from metagenomic data and resulted in the identification of three novel xylanases from sheep and cow rumen microbiota. Here we present thermal activity prediction for xylanase, a new sequence-based machine learning method that has been trained using a selected combination of various protein features. This random forest classifier discriminates non-thermophilic, thermophilic, and hyper-thermophilic xylanases. The model's performance was evaluated through multiple iterations of sixfold cross-validations as well as holdout tests, and it is freely accessible as a web-service at arimees.com.",,
W2969701269,2019,An elastic-net logistic regression approach to generate classifiers and gene signatures for types of immune cells and T helper cell subsets,"BACKGROUND: Host immune response is coordinated by a variety of different specialized cell types that vary in time and location. While host immune response can be studied using conventional low-dimensional approaches, advances in transcriptomics analysis may provide a less biased view. Yet, leveraging transcriptomics data to identify immune cell subtypes presents challenges for extracting informative gene signatures hidden within a high dimensional transcriptomics space characterized by low sample numbers with noisy and missing values. To address these challenges, we explore using machine learning methods to select gene subsets and estimate gene coefficients simultaneously. RESULTS: Elastic-net logistic regression, a type of machine learning, was used to construct separate classifiers for ten different types of immune cell and for five T helper cell subsets. The resulting classifiers were then used to develop gene signatures that best discriminate among immune cell types and T helper cell subsets using RNA-seq datasets. We validated the approach using single-cell RNA-seq (scRNA-seq) datasets, which gave consistent results. In addition, we classified cell types that were previously unannotated. Finally, we benchmarked the proposed gene signatures against other existing gene signatures. CONCLUSIONS: Developed classifiers can be used as priors in predicting the extent and functional orientation of the host immune response in diseases, such as cancer, where transcriptomic profiling of bulk tissue samples and single cells are routinely employed. Information that can provide insight into the mechanistic basis of disease and therapeutic response. The source code and documentation are available through GitHub: https://github.com/KlinkeLab/ImmClass2019 .",,
W2885894921,2018,Prognosis in myelodysplastic syndromes: The attractions and limitations of simplicity,"Legendary physicist Enrico Fermi (1901–1954) was known for making surprisingly accurate quantitative estimates on the fly, often with few definitive data from which to work. He famously estimated to within a few kilotons the strength of the initial atomic bomb burst at the 1945 Trinity test site, merely by tossing some papers into the New Mexico desert air at the moment the atomic wind reached his observing station and measuring how far they flew.1 Fermi's back-of-the-envelope style of estimates, which became known as “Fermi problems,” are still widely used by scientists and engineers today, since they provide a first approximation that can reveal whether subsequent calculations are likely to be erroneous. Fermi problems can be used to guess everything from the number of piano tuners in St. Louis to the quantity of leaves in Central Park or hairs on a human scalp. In the natural sciences, sometimes just being in the ballpark with an estimate can provide an interesting insight or can sketch the outlines of a more definitive solution. When it comes to estimating prognosis for a human disease, there is a tension between such quick calculations versus results generated using more detailed, but time-consuming, approaches. This tension is heightened by the increasingly hectic environment of clinical practice, especially in the United States, where documentation burden and poorly chosen payer metrics mean that the average patient encounter requires doctors to spend more than twice as much time charting as face-to-face with the patient.2 Under such malignant time pressures, practicing clinicians prefer to make calculations for patient management using simple tools they can memorize or post on the wall of a clinic workroom, rather than needing to take the time to log in to a dedicated website or a mobile app. For example, while frailty indices that incorporate multiple tests and lengthy depression screening questionnaires are all well validated, geriatricians can learn a lot just from watching an older person get up from a chair and walk, and palliative care physicians know that asking a patient, “Are you depressed?” is a screening tool with startlingly high sensitivity and specificity.3, 4 In the context of myelodysplastic syndromes (MDS), risk stratification is especially important for counseling patients and selecting treatment, because MDS are highly heterogeneous with a diverse natural history.5 Some patients will die of complications of cytopenias within just a few months of diagnosis, while others will live more than a decade with smoldering, indolent disease that has only a modest impact on their lifestyle. The most widely used risk stratification tool in MDS to distinguish between these groups is the revised International Prognostic Scoring System (IPSS-R), published by the International Working Group for Prognosis in MDS (IWG-PM) in 2012.6 The IPSS-R includes the number and depth of cytopenias, marrow blast proportion, and karyotype, and separates patients into five distinct risk groups. The IPSS-R does not include molecular genetic data, since it was developed from datasets created before the contemporary era in which next generation sequencing is widely used in clinical practice. Therefore, it is a high priority to integrate molecular data into existing risk stratification systems such as the IPSS-R, as well as to try to overcome other limitations of the IPSS-R, such as its validity only at the time of initial diagnosis in untreated patients with de novo disease. But genomics in particular is challenging to incorporate in a simple fashion into familiar clinicopathological risk stratification systems, since a binary yes/no answer about a mutation provides only limited information about disease biology, and mutation status is highly dependent on context. As Einstein allegedly said, “Everything should be made as simple as possible—but not simpler.” MDS are associated with tremendous molecular heterogeneity, with dozens of genes recurrently mutated; none of the individual alterations are observed in more than 25%-30% of patients.7 These diseases are also often oligoclonal with a complex clonal architecture,8 and some altered proteins encoded by mutant genes may interact while others have no cross-talk. In addition, while for some genes there are recurrent hotspots (eg, almost all U2AF1 mutations are S34 or Q157P, and NRAS mutations cluster in codons 12, 13, and 61), for other genes such as TP53 there are myriad variations including point mutations that differ from each other in prognosis and that differ from gene deletions. Further, some variants picked up on current sequencing platforms are even germline, which is not always straightforward to determine but can have important implications both for treatment approach and for counseling of families.9 Gangat et al. from Mayo Clinic have studied 300 patients with primary MDS and analyzed the implications of mutations detected by a targeted capture assay of 27 genes in the context of the Mayo cytogenetic risk stratification system.10 The investigators had previously reported this karyotyping risk model, which recognizes the high risk of monosomal karyotype and weights such karyotypes accordingly.11 For simplicity's sake, the Mayo cytogenetic system groups IPSS-R-associated karyotype changes into two groups (Mayo intermediate risk = IPSS-R intermediate/poor/very poor, while Mayo low risk = IPSS-R good/very good). In the new Mayo series incorporating targeted DNA sequencing, RUNX1 and ASXL1 mutations were associated with independent adverse prognosis, while SF3B1 mutations were more favorable. TP53 mutations—identified in most other series as indicative of a grim prognosis (and uncommon in de novo disease compared with therapy-related MDS/AML)—were identified as adverse in univariate analysis; however, TP53 did not have independent significance in multivariable analysis, probably because these mutations cluster with complex and monosomal karyotype already accounted for by the cytogenetic component of the Mayo system. The current Mayo series benefits from high-quality hematopathology and cytogenetics, and detailed clinical characterization of patients by the Mayo hematology consultants. Because of the mutational complexity in MDS, properly accounting for clonal heterogeneity will require a very large dataset indeed. The IWG-PM is currently coordinating a multinational effort that will include sequencing data for 17 genes more than 3500 patients from 19 centers and result in an IPSS-R with molecular data (“IPSS-RM”). Bejar et al. presented a first pass of these data in abstract form in 2015, at which time mutation in SF3B1 was reported as independently favorable and TP53 unfavorable; illustrating the potential interaction between co-mutations, DNMT3A was moderately unfavorable with respect to overall survival, but when co-mutated with SF3B1, DNMT3A was associated with outcomes just as good as for SF3B1 mutation alone.12 But even this large IWG-PM dataset will not include substantial numbers of patients with all possible co-mutation patterns, or dynamic information obtained across the disease course—nor can it include relevant non-cell-autonomous information such as the status of the marrow microenvironment or immune response to the mutant cells, which are clearly important in risk of clonal progression and clinical outcome, but are currently not easily measurable.13 There will always be a place for back-of-the-envelope estimates such as that proposed by Gangat et al., but the complexity of clonal architecture in a disease like MDS mean that machine learning will be required to sort out what gene mutations mean, and electronic computational tools will be needed in the clinic to apply next-generation sequencing results in individual cases. The major electronic medical record tools as currently designed cannot even automatically calculate something as basic as the IPSS-R, and they make physicians' lives more difficult, but ultimately well-designed electronic tools will be our salvation. Even Fermi used computers when available: ENIAC, the first general-purpose computer, debuted in 1946, and Fermi was a member of the very first team granted access to this “Great Brain.” Nothing to report. The authors have no relevant disclosures.",,
W2523062606,2016,iRSpot-DACC: a computational predictor for recombination hot/cold spots identification based on dinucleotide-based auto-cross covariance,"Meiotic recombination presents an uneven distribution across the genome. Genomic regions that exhibit at relatively high frequencies of recombination are called hotspots, whereas those with relatively low frequencies of recombination are called coldspots. Therefore, hotspots and coldspots would provide useful information for the study of the mechanism of recombination. In this study, we proposed a computational predictor called iRSpot-DACC to predict hot/cold spots across the yeast genome. It combined Support Vector Machines (SVMs) and a feature called dinucleotide-based auto-cross covariance (DACC), which is able to incorporate the global sequence-order information and fifteen local DNA properties into the predictor. Combined with Principal Component Analysis (PCA), its performance was further improved. Experimental results on a benchmark dataset showed that iRSpot-DACC can achieve an accuracy of 82.7%, outperforming some highly related methods.",,
W3114052947,2020,Benchmarking Small-Dataset Structure-Activity-Relationship Models for Prediction of Wnt Signaling Inhibition,"Quantitative structure-activity relationship (QSAR) models based on machine learning algorithms are powerful tools to expedite drug discovery processes and therapeutics development. Given the cost in acquiring large-sized training datasets, it is useful to examine if QSAR analysis can reasonably predict drug activity with only a small-sized dataset (size <; 100) and benchmark these small-dataset QSAR models in application-specific studies. To this end, here we present a systematic benchmarking study on small-dataset QSAR models built for prediction of effective Wnt signaling inhibitors, which are essential to therapeutics development in prevalent human diseases (e.g., cancer). Specifically, we examined a total of 72 two-dimensional (2D) QSAR models based on 4 best-performing algorithms, 6 commonly used molecular fingerprints, and 3 typical fingerprint lengths. We trained these models using a training dataset (56 compounds), benchmarked their performance on 4 figures-of-merit (FOMs), and examined their prediction accuracy using an external validation dataset (14 compounds). Our data show that the model performance is maximized when: 1) molecular fingerprints are selected to provide sufficient, unique, and not overly detailed representations of the chemical structures of drug compounds; 2) algorithms are selected to reduce the number of false predictions due to class imbalance in the dataset; and 3) models are selected to reach balanced performance on all 4 FOMs. These results may provide general guidelines in developing high-performance small-dataset QSAR models for drug activity prediction.",,
W4256651141,2020,Artificial Intelligence Tracks Down Acute Myeloid Leukemia,"Acute Myeloid Leukemia: Acute Myeloid LeukemiaArtificial intelligence can detect one of the most common forms of blood cancer—acute myeloid leukemia (AML)—with high reliability. Researchers at the German Center for Neurodegenerative Diseases (DZNE) and the University of Bonn have now shown this in a proof-of-concept study. Their approach is based on the analysis of the gene activity of cells found in the blood. Used in practice, this approach could support conventional diagnostics and possibly accelerate the beginning of therapy. The research results have been published in the journal iScience (2019; doi: 10.1016/j.isci.2019.100780). Artificial intelligence is a much-discussed topic in medicine, especially in the field of diagnostics. “We aimed to investigate the potential on the basis of a specific example,” explained Joachim Schultze, PhD, a research group leader at the DZNE and Head of the Department for Genomics and Immunoregulation at the LIMES Institute of the University of Bonn. “Because this requires large amounts of data, we evaluated data on the gene activity of blood cells. Numerous studies have been carried out on this topic and the results are available through databases. Thus, there is an enormous data pool. We have collected virtually everything that is currently available.” Fingerprint of Gene Activity Schultze and his colleagues focused on the transcriptome, which is a kind of fingerprint of gene activity. In each and every cell, depending on its condition, only certain genes are actually “switched on,” which is reflected in their profiles of gene activity. Exactly such data—derived from cells in blood samples and spanning many thousands of genes—were analyzed in the current study. “The transcriptome holds important information about the condition of cells. However, classical diagnostics is based on different data. We therefore wanted to find out what an analysis of the transcriptome can achieve using artificial intelligence, that is to say trainable algorithms,” said Schultze, who is member of the Bonn-based “ImmunoSensation” cluster of excellence. “In the long term, we intend to apply this approach to further topics, in particular in the field of dementia.” The current study focused on AML. It is associated with the proliferation of pathologically altered bone marrow cells, which can ultimately enter the bloodstream. Ultimately both healthy cells and tumor cells drift in the blood. All these cells exhibit typical gene activity patterns, which were all considered in the analysis. Data from more than 12,000 blood samples—these came from 105 different studies—were taken into account: the largest dataset to date for a meta-study on AML. Approximately 4,100 of these blood samples derived from individuals diagnosed with AML, the remaining ones had been taken from individuals with other diseases or from healthy individuals. The scientists fed their algorithms parts of this data set. The input included information about whether a sample came from an AML patient or not. “The algorithms then searched the transcriptome for disease-specific patterns. This is a largely automated process. It's called machine learning,” said Schultze. Based on this pattern recognition, further data was analyzed and classified by the algorithms, i.e., categorized into samples with AML and without AML. “Of course, we knew the classification as it was listed in the original data, but the software did not. We then checked the hit rate. It was above 99 percent for some of the applied methods. In fact, we tested various methods from the repertoire of machine learning and artificial intelligence. There was actually one algorithm that was particularly good, but the others were close behind.” Application in Practice? Put into application, this method could support conventional diagnostics and help save costs, said Schultze. “In principle, a blood sample taken by the family doctor and sent to a laboratory for analysis could suffice.” Classical AML diagnostics includes a variety of methods. Some of these cost a few hundred euros per run, Schultze noted. “However, we have not yet developed a workable test. We have only shown that the approach works in principle. So we have laid the groundwork for developing a test.” Schultze emphasized that the diagnosis of AML will continue to require specialized physicians in the future. “The aim is to provide the experts with a tool that supports them in their diagnosis. In addition, many patients go through a real odyssey until they finally end up with a specialist and get a diagnosis.” Because in the early stages the symptoms of AML can resemble those of a bad cold. However, AML is a life-threatening disease that should be treated as quickly as possible. “With a blood test, as it seems possible on the basis of our study, it is conceivable that the family doctor would already clarify a suspicion of AML. And when the suspicion is confirmed, the patient is referred to a specialist. Possibly, the diagnosis would then happen earlier than it does now and therapy could start earlier.” Find More Leukemia Content Online Oncology Times offers a collection of leukemia articles all in one place. Visit www.oncology-times.com and click on the Collections tab. There you can sign up to be notified when new leukemia content goes live. Sign up today!",,
W2465806025,2015,CBM-16TUMOR-EDUCATED PLATELET-BASED LIQUID BIOPSIES IN GLIOBLASTOMA PATIENTS,"INTRODUCTION: Blood-based liquid biopsies are a potential approach for leveraging clinical cancer diagnostics and patients' treatment. However, so far, diagnostic, prognostic, predictive, and monitoring biomarkers for patients with diffuse glioma are only limitedly available, and require further validation. Tumor-educated blood platelets (TEPs) sequester several biomolecules, including EGFRvIII mRNA, during tumor growth, thereby altering their RNA profile. Therefore, we reasoned that TEPs may serve as an potential biosource for blood-based biomarkers. METHODS: Blood platelets of patients with glioblastoma and healthy individuals were isolated and subjected to total RNA isolation. Platelet mRNA was amplified using full-length SMARTer mRNA amplification, and processed for sequencing on the Illumina platform. Raw sequencing data was aligned and summarized to the human reference genome using STAR and HTseq, and subjected to differential expression analyses, hierarchical clustering and support vector machine (SVM) classification. RESULTS: We characterized the platelet RNA of 39 glioblastoma patients, and 52 healthy individuals by high-throughput RNA-sequencing. Glioblastoma patient-derived TEPs contained 457 RNAs (FDR < 0.001) that were differentially expressed as compared to healthy individuals. Gene ontology showed that these RNAs are implicated in several biological processes such as RNA translation, immune response, and DNA repair. Using SVM classification we readily separated both groups from each other (accuracy: 94%, AUC: 0.982). CONCLUSIONS AND FUTURE EXPERIMENTS: Our results suggest that TEPs harbour potential as a diagnostic biosource. To further evaluate the biomarker potential, follow-up studies using additional samples, including samples of lower grade glioma and brain metastases patients are under way. Furthermore, we have initiated the collection of clinical follow-up platelet samples to identify the potential of TEPs as disease monitoring biomarkers in glioma patients. Eventually, we believe TEPs have the potential to guide clinical decision making in every day practice.",,
W3035863125,2020,Infinity Flow: High-throughput single-cell quantification of 100s of proteins using conventional flow cytometry and machine learning,"Abstract Modern immunologic research increasingly requires high-dimensional analyses in order to understand the complex milieu of cell-types that comprise the tissue microenvironments of disease. To achieve this, we developed Infinity Flow combining hundreds of overlapping flow cytometry panels using machine learning to enable the simultaneous analysis of the co-expression patterns of 100s of surface-expressed proteins across millions of individual cells. In this study, we demonstrate that this approach allows the comprehensive analysis of the cellular constituency of the steady-state murine lung and to identify novel cellular heterogeneity in the lungs of melanoma metastasis bearing mice. We show that by using supervised machine learning, Infinity Flow enhances the accuracy and depth of clustering or dimensionality reduction algorithms. Infinity Flow is a highly scalable, low-cost and accessible solution to single cell proteomics in complex tissues.",,
W2103194603,2011,Volatile Compound Fingerprinting of Mixed-Culture Fermentations,"With the advent of the -omics era, classical technology platforms, such as hyphenated mass spectrometry, are currently undergoing a transformation toward high-throughput application. These novel platforms yield highly detailed metabolite profiles in large numbers of samples. Such profiles can be used as fingerprints for the accurate identification and classification of samples as well as for the study of effects of experimental conditions on the concentrations of specific metabolites. Challenges for the application of these methods lie in the acquisition of high-quality data, data normalization, and data mining. Here, a high-throughput fingerprinting approach based on analysis of headspace volatiles using ultrafast gas chromatography coupled to time of flight mass spectrometry (ultrafast GC/TOF-MS) was developed and evaluated for classification and screening purposes in food fermentation. GC-MS mass spectra of headspace samples of milk fermented by different mixed cultures of lactic acid bacteria (LAB) were collected and preprocessed in MetAlign, a dedicated software package for the preprocessing and comparison of liquid chromatography (LC)-MS and GC-MS data. The Random Forest algorithm was used to detect mass peaks that discriminated combinations of species or strains used in fermentations. Many of these mass peaks originated from key flavor compounds, indicating that the presence or absence of individual strains or combinations of strains significantly influenced the concentrations of these components. We demonstrate that the approach can be used for purposes like the selection of strains from collections based on flavor characteristics and the screening of (mixed) cultures for the presence or absence of strains. In addition, we show that strain-specific flavor characteristics can be traced back to genetic markers when comparative genome hybridization (CGH) data are available.",,
W2779910604,2017,New Deep Learning Methods for Protein Loop Modeling,"Computational protein structure prediction is a long-standing challenge in bioinformatics. In the process of predicting protein 3D structures, it is common that parts of an experimental structure are missing or parts of a predicted structure need to be remodeled. The process of predicting local protein structures of particular regions is called loop modeling. In this paper, five new loop modeling methods based on machine learning techniques, called NearLooper, ConLooper, ResLooper, HyLooper1, and HyLooper2 are proposed. NearLooper is based on the nearest neighbor technique. ConLooper applies deep convolutional neural networks to predict ${\mathrm{C}}_{{{\alpha }}}$Cα atoms distance matrix as an orientation-independent representation of protein structure. ResLooper uses residual neural networks instead of deep convolutional neural networks. HyLooper1 combines the results of NearLooper and ConLooper while HyLooper2 combines NearLooper and ResLooper. Three commonly used benchmarks for loop modeling are used to compare the performance between these methods and existing state-of-the-art methods. The experiment results show promising performance in which our best method improves existing state-of-the-art methods by 28 and 54 percent of average RMSD on two datasets while being comparable on the other one.",,
W2901933822,2018,Systematic Analysis and Biomarker Study for Alzheimer’s Disease,"Revealing the relationship between dysfunctional genes in blood and brain tissues from patients with Alzheimer's Disease (AD) will help us to understand the pathology of this disease. In this study, we conducted the first such large systematic analysis to identify differentially expressed genes (DEGs) in blood samples from 245 AD cases, 143 mild cognitive impairment (MCI) cases, and 182 healthy control subjects, and then compare these with DEGs in brain samples. We evaluated our findings using two independent AD blood datasets and performed a gene-based genome-wide association study to identify potential novel risk genes. We identified 789 and 998 DEGs common to both blood and brain of AD and MCI subjects respectively, over 77% of which had the same regulation directions across tissues and disease status, including the known ABCA7, and the novel TYK2 and TCIRG1. A machine learning classification model containing NDUFA1, MRPL51, and RPL36AL, implicating mitochondrial and ribosomal function, was discovered which discriminated between AD patients and controls with 85.9% of area under the curve and 78.1% accuracy (sensitivity = 77.6%, specificity = 78.9%). Moreover, our findings strongly suggest that mitochondrial dysfunction, NF-κB signalling and iNOS signalling are important dysregulated pathways in AD pathogenesis.",,
W2170148579,2013,Highlights of Recent Articles on Data Mining in Genomics and Proteomics,"Advancements in ‘Omics’ technologies continue to enhance research to solve the world’s medical and agricultural problems. The 2012 issues of Data Mining in Genomics & Proteomics solicited contributions from leading authors covering various aspects of data mining technologies for genomics and proteomics, and the application of these technologies to biological sciences. Zhou et al. [1] developed a computational platform called OmicsMiner to facilitate the design of customized pipelines to process multiple biological datasets. The platform is adaptable and can easily be expanded by integrating new algorithms and protocols. OmicsMiner has a well-designed graphical interface for data processing that utilizes Java protocols, which do not require additional sub-protocol installations. Gomase and Chitlange [2] describe a microbial proteomic approach to predict the binding ability of antigen protein for selecting nonamers for use in rational vaccine design and increase understanding of the roles of the immune system in infectious diseases. They demonstrated the utility of this approach in a project to examine the tapeworm parasite of sheep, Taenia ovis, which causes Sheep Measles. The authors used position specific scoring matrices (PSSM) for antigen design. Prediction of antigen binding ability is important in vaccine development for Sheep Measles and was obtained by using the support vector machine (SVM) based method. A proteomic approach employing 2-dimensional polyacrylamide gel electrophoresis (2D-PAGE) was used by Yang et al. [3] to separate the membrane proteins of the Chinese Brucella melitensis M5 strain that causes livestock and human disease. Characterization and identification of immunogenic proteins were accomplished using protein blots, mass spectrometry and bioinformatics. Using this approach, they were able to identify immune reactive proteins that show promise as vaccine candidates. In another protein related article, Sharma and Bhalla [4] reported on the computational analysis of nitrilase enzymes to define unique motifs, and correlated physiochemical and phylogenetic analyses. The results can be applied to the prediction and differentiation of these enzymes based on their substrate specificity and to find new sources of nitrilase across various databases. Several approaches to disease control and prevention were discussed in articles addressing the association of increased B-cell activating factor (BAFF) expression with disease markers in patients with Lupus Nephritis (LN), the potential advantages of retinoids treatment in LN, and the role of glycoprotein M64 (GPM6A) in human thyroid cancer. Eilertsen et al. [5] utilized quantitative RT-PCR to analyze gene expression in systemic lupus erythematosus patients and further investigated their reaction with clinical, histological and acute phase protein. They found increased BAFF mRNA expression and concluded that the increase is not reflective of histological disease severity. A review article by Khalid et al. [6] presents an overview of therapeutic use of retinoids, a group of natural and synthetic derivatives of vitamin A for LN. The review discusses the details of LN pathogenesis and severity in humans, and current and new agents for the treatment.",,
W3110637724,2020,Single-Cell Spatial Analysis of Tumor and Immune Microenvironment on Whole-Slide Image Reveals Hepatocellular Carcinoma Subtypes,"Hepatocellular carcinoma (HCC) is a heterogeneous disease with diverse characteristics and outcomes. Here, we aim to develop a histological classification for HCC by integrating computational imaging features of the tumor and its microenvironment. We first trained a multitask deep-learning neural network for automated single-cell segmentation and classification on hematoxylin- and eosin-stained tissue sections. After confirming the accuracy in a testing set, we applied the model to whole-slide images of 304 tumors in the Cancer Genome Atlas. Given the single-cell map, we calculated 246 quantitative image features to characterize individual nuclei as well as spatial relations between tumor cells and infiltrating lymphocytes. Unsupervised consensus clustering revealed three reproducible histological subtypes, which exhibit distinct nuclear features as well as spatial distribution and relation between tumor cells and lymphocytes. These histological subtypes were associated with somatic genomic alterations (i.e., aneuploidy) and specific molecular pathways, including cell cycle progression and oxidative phosphorylation. Importantly, these histological subtypes complement established molecular classification and demonstrate independent prognostic value beyond conventional clinicopathologic factors. Our study represents a step forward in quantifying the spatial distribution and complex interaction between tumor and immune microenvironment. The clinical relevance of the imaging subtypes for predicting prognosis and therapy response warrants further validation.",,
W2063442567,2011,Automated gene oscillation phase classification for zebrafish presomitic mesoderm cells,"Zebrafish somitogenesis is governed by a segmentation clock that generates oscillations of gene expression in the zebrafish presomitic mesoderm (PSM) cells. The segmentation clock causes cells to undergo repeated cycles of transcriptional activation and repression, which can be divided into eight phases based on their distinct mRNA co-localizations. Recognizing different gene oscillation phases of cells is important in zebrafish research, but manual analysis is time-consuming and difficult. In this article, an effective automated gene oscillation phase classification framework is established for zebrafish PSM cell images. The framework consists of three major steps: (1) identify the individual cells by a two-stage segmentation procedure; (2) extract multiple features on each cell patch to measure the subcellular mRNA distribution; (3) employ a support vector machine (SVM) with a combined kernel to complete feature fusion and classification. To evaluate the effectiveness of this framework, a dataset containing 2,227 cell samples is constructed. Experimental results on this dataset indicate that our approach can achieve reasonably good performance for this gene oscillation classification problem. The feature sets NF9 and SPIN introduced in this article have proved to be superior to other cell features in this problem. Besides, the kernel fusion method used in the third step provides a way to combine heterogeneous features together, i.e., numerical feature set and histogram-based feature set, and classification performance with the combined kernel is better than single feature.",,
W3001669356,2020,Large-scale DNA-based phenotypic recording and deep learning enable highly accurate sequence-function mapping,"Abstract Predicting quantitative effects of gene regulatory elements (GREs) on gene expression is a longstanding challenge in biology. Machine learning models for gene expression prediction may be able to address this challenge, but they require experimental datasets that link large numbers of GREs to their quantitative effect. However, current methods to generate such datasets experimentally are either restricted to specific applications or limited by their technical complexity and error-proneness. Here we introduce DNA-based phenotypic recording as a widely applicable and practical approach to generate very large datasets linking GREs to quantitative functional readouts of high precision, temporal resolution, and dynamic range, solely relying on sequencing. This is enabled by a novel DNA architecture comprising a site-specific recombinase, a GRE that controls recombinase expression, and a DNA substrate modifiable by the recombinase. Both GRE sequence and substrate state can be determined in a single sequencing read, and the frequency of modified substrates amongst constructs harbouring the same GRE is a quantitative, internally normalized readout of this GRE’s effect on recombinase expression. Using next-generation sequencing, the quantitative expression effect of extremely large GRE sets can be assessed in parallel. As a proof of principle, we apply this approach to record translation kinetics of more than 300,000 bacterial ribosome binding sites (RBSs), collecting over 2.7 million sequence-function pairs in a single experiment. Further, we generalize from these large-scale datasets by a novel deep learning approach that combines ensembling and uncertainty modelling to predict the function of untested RBSs with high accuracy, substantially outperforming state-of-the-art methods. The combination of DNA-based phenotypic recording and deep learning represents a major advance in our ability to predict quantitative function from genetic sequence.",,
W2122590558,2014,A document classifier for medicinal chemistry publications trained on the ChEMBL corpus,"BACKGROUND: The large increase in the number of scientific publications has fuelled a need for semi- and fully automated text mining approaches in order to assist in the triage process, both for individual scientists and also for larger-scale data extraction and curation into public databases. Here, we introduce a document classifier, which is able to successfully distinguish between publications that are 'ChEMBL-like' (i.e. related to small molecule drug discovery and likely to contain quantitative bioactivity data) and those that are not. The unprecedented size of the medicinal chemistry literature collection, coupled with the advantage of manual curation and mapping to chemistry and biology make the ChEMBL corpus a unique resource for text mining. RESULTS: The method has been implemented as a data protocol/workflow for both Pipeline Pilot (version 8.5) and KNIME (version 2.9) respectively. Both workflows and models are freely available at: ftp://ftp.ebi.ac.uk/pub/databases/chembl/text-mining. These can be readily modified to include additional keyword constraints to further focus searches. CONCLUSIONS: Large-scale machine learning document classification was shown to be very robust and flexible for this particular application, as illustrated in four distinct text-mining-based use cases. The models are readily available on two data workflow platforms, which we believe will allow the majority of the scientific community to apply them to their own data. ᅟ: Graphical AbstractMultidimensional scaling analysis applied to document vectors derived from titles and abstracts in different corpora. Notably, there is large overlap between the documents in the different ChEMBL versions and BindingDB, while the background MEDLINE set is largely divergent.",,
W2780476878,2017,A Comparative Study of Different Machine Learning Algorithms on Gene Expression Profile Classification,"Many machine learning algorithms have been used to classify gene expression profiles in recently years. In order to furtherly study the performances of different machine learning algorithms on gene expression profiles classification, this paper compare the classification accuracy, run time and stability the of different machine learning algorithms including SVM, Decision tree, PNN, k-Nearest Neighbor, Bayesian and ELM on benchmark gene expression profile datasets. It provides a basis for scientific use of machine learning algorithms on gene expression profiles classification.",,
W3005928777,2020,Graph Traversal Edit Distance and Extensions,"Many problems in applied machine learning deal with graphs (also called networks), including social networks, security, web data mining, protein function prediction, and genome informatics. The kernel paradigm beautifully decouples the learning algorithm from the underlying geometric space, which renders graph kernels important for the aforementioned applications. In this article, we give a new graph kernel, which we call graph traversal edit distance (GTED). We introduce the GTED problem and give the first polynomial time algorithm for it. Informally, the GTED is the minimum edit distance between two strings formed by the edge labels of respective Eulerian traversals of the two graphs. Also, GTED is motivated by and provides the first mathematical formalism for sequence co-assembly and de novo variation detection in bioinformatics. We demonstrate that GTED admits a polynomial time algorithm using a linear program in the graph product space that is guaranteed to yield an integer solution. To the best of our knowledge, this is the first approach to this problem. We also give a linear programming relaxation algorithm for a lower bound on GTED. We use GTED as a graph kernel and evaluate it by computing the accuracy of a support vector machine (SVM) classifier on a few data sets in the literature. Our results suggest that our kernel outperforms many of the common graph kernels in the tested data sets. As a second set of experiments, we successfully cluster viral genomes using GTED on their assembly graphs obtained from de novo assembly of next-generation sequencing reads.",,
W3004519915,2020,"A robust and interpretable, end-to-end deep learning model for cytometry data","Abstract Cytometry technologies are essential tools for immunology research, providing high-throughput measurements of the immune cells at the single-cell level. Traditional approaches in interpreting and using cytometry measurements include manual or automated gating to identify cell subsets from the cytometry data, providing highly intuitive results but may lead to significant information loss, in that additional details in measured or correlated cell signals might be missed. In this study, we propose and test a deep convolutional neural network for analyzing cytometry data in an end-to-end fashion, allowing a direct association between raw cytometry data and the clinical outcome of interest. Using nine large CyTOF studies from the open-access ImmPort database, we demonstrated that the deep convolutional neural network model can accurately diagnose the latent cytomegalovirus (CMV) in healthy individuals, even when using highly heterogeneous data from different studies. In addition, we developed a permutation-based method for interpreting the deep convolutional neural network model and identified a CD27-CD94+ CD8+ T cell population significantly associated with latent CMV infection. Finally, we provide a tutorial for creating, training and interpreting the tailored deep learning model for cytometry data using Keras and TensorFlow ( github.com/hzc363/DeepLearningCyTOF ).",,
W2940719679,2019,"DNA Microarray Gene Expression Data Classification Using SVM, MLP, and RF with Feature Selection Methods Relief and LASSO","DNA microarray technology is a novel method to monitor expression levels of large number of genes simultaneously. These gene expressions can be and is being used to detect various forms of diseases. Using multiple microarray datasets, this paper cross compares two different methods for classification and feature selection. Since individual gene count in microarray datas are too many, most informative genes should be selected and used. For this selection, we have tried Relief and LASSO feature selection methods. After selecting informative genes from microarray data, classification is performed with Support Vector Machines (SVM) and Multilayer Perceptron Networks (MLP) which both are widely used in multiple classification tasks. The overall accuracy with LASSO and SVM outperforms most of the approaches proposed.",,
W3129451988,2020,Potential biomarker detection for liver cancer stem cell by machine learning approach,"Objectives: In this study, we aimed to identify putative biomarkers for identification and characterization of these cells in liver cancer. Methods: We employed a supervised machine learning method, XGBoost, to data from 13 GEO data series to classify samples using gene expression data. Results. Across the 376 samples (129 CSCs and 247 non-CSCs cases), XGBoost displayed high performance in the classification of data. XGBoost feature importance scores and SHAP (Shapley Additive explanation) values were used for the interpretation of results and analysis of individual gene importance. We confirmed that expression levels of a 10-gene set (PTGER3, AURKB, C15orf40, IDI2, OR8D1, NACA2, SERPINB6, L1CAM, SMC1A, and RASGRF1) were predictive. The results showed that these 10 genes can detect CSCs robustly with accuracy, sensitivity, and specificity of 97 %, 100 %, and 95 %, respectively. Conclusions. We suggest that the ten-gene set may be used as a biomarker set for detecting and characterizing CSCs using gene expression data.",,
W4289760577,2018,"On the ChEMBL Platform, a Large-scale Evaluation of Machine Learning Algorithms for Drug Target Prediction","Deep learning is currently the most successful machine learning technology in a wide range of application fields, and it has recently been used to forecast possible therapeutic targets and screen for active compounds in drug discovery research. However, it is unclear whether deep learning can outperform existing computational methods in drug discovery tasks due to the lack of large-scale studies, the compound series bias that is common in drug discovery datasets, and the hyperparameter selection bias that comes with the large number of potential deep learning architectures. As a result, we compared the outcomes of different deep learning methods to those of other machine learning and target prediction methods on a large-scale drug development dataset. We employed a stacked cluster-cross-validation technique to avoid any biases from hyperparameter selection or compound series. We discovered that (i) deep learning methods beat all competing methods, and (ii) deep learning's prediction performance is often comparable to that of tests conducted in wet labs (i.e., in vitro assays).",,
W2945689624,2019,Hermes: an ensemble machine learning architecture for protein secondary structure prediction,"Abstract Motivation Protein structure predictions, that combine theoretical chemistry and bioinformatics, are an increasingly important technique in biotechnology and biomedical research, for example in the design of novel enzymes and drugs. Here, we present a new ensemble bi-layered machine learning architecture, that directly builds on ten existing pipelines providing rapid, high accuracy, 3-State secondary structure prediction of proteins. Results After training on 1348 solved protein structures, we evaluated the model with four independent datasets: JPRED4 - compiled by the authors of the successful predictor with the same name, and CASP11, CASP12 & CASP13 - assembled by the Critical Assessment of protein Structure Prediction consortium who run biannual experiments focused on objective testing of predictors. These rigorous, pre-established protocols included 7-fold cross-validation and blind testing. This led to a mean Hermes accuracy of 95.5%, significantly (p<0.05) better than the ten previously published models analysed in this paper. Furthermore, Hermes yielded a reduction in standard deviation, lower boundary outliers, and reduced dependency on solved structures of homologous proteins, as measured by NEFF score. This architecture provides advantages over other pipelines, while remaining accessible to users at any level of bioinformatics experience. Availability and Implementation The source code for Hermes is freely available at: https://github.com/HermesPrediction/Hermes . This page also includes the cross-validation with corresponding models, and all training/testing data presented in this study with predictions and accuracy.",,
W4381616266,2018,Global bioethics in medicine and healthcare: The Why and How? (Analytical),"A world without bioethics is like a child in a candy store without supervision. Bioethics is crucial in guiding the scientific community to ensure that their research and practises are ethical, moral, and socially responsible. Without bioethics, there would be a high risk of unethical experimentation and exploitation of vulnerable populations. This has important implications for global bioethical trends in medicine and healthcare. For example, it provides a framework for addressing ethical issues related to emerging technologies such as gene editing and artificial intelligence. Bioethics ensures that these technologies are developed and used in ways that are ethical, moral, and socially responsible and that they do not harm individuals or society. Without bioethics, there would also be a risk of scientific research being driven solely by profit or political interests rather than ethical considerations. For instance, there have been cases of pharmaceutical companies prioritising profits over patient safety by releasing drugs that had not undergone sufficient testing or had dangerous side effects. Therefore, it is imperative to work in accordance with regulatory and legal frameworks, for any mistake can have tremendously grave consequences, especially in a field like medicine and healthcare, which primarily deals with the lives of people and their families.",,
W4244467939,2019,Classification of Gene Expression Data with Optimized Feature Selection,"There are different types of fatal diseases that could possibly outspread to various parts of the body. It thus becomes obligatory to predict the existence of such anomalies, in order to prune the extent of their spread. Examining the characteristics of genes provides a deep intuition about the disease classification, as they play a vital role in influencing how an organism appears, behaves and survives in an environment. The detection of the abnormal genes could be efficiently modelled using statistical methods and machine learning approaches. Gene expression data derived from a microarray could act as an aid for this statistical computation. Microarray being a recent leap in molecular biology, provides a scope for hybridization of DNA samples that can be interpreted as values based on the gene expression level that the genome possesses. We propose an idea to select a subset of features from the huge number of samples retrieved from the gene expression profiles using Boruta feature selection algorithm. A comparative study with various supervised classification algorithms is made to categorize this subset to a normal and deviant gene. This serves to discover the most appropriate algorithm to classify the gene expression data. Hence assorting the abnormal genes in future could be accelerated with ease.",,
W2996691247,2019,Machine learning applied to whole‐blood RNA‐sequencing data uncovers distinct subsets of patients with systemic lupus erythematosus,"OBJECTIVES: Systemic lupus erythematosus (SLE) is a heterogeneous autoimmune disease that is difficult to treat. There is currently no optimal stratification of patients with SLE, and thus, responses to available treatments are unpredictable. Here, we developed a new stratification scheme for patients with SLE, based on the computational analysis of patients' whole-blood transcriptomes. METHODS: We applied machine learning approaches to RNA-sequencing (RNA-seq) data sets to stratify patients with SLE into four distinct clusters based on their gene expression profiles. A meta-analysis on three recently published whole-blood RNA-seq data sets was carried out, and an additional similar data set of 30 patients with SLE and 29 healthy donors was incorporated in this study; a total of 161 patients with SLE and 57 healthy donors were analysed. RESULTS: Examination of SLE clusters, as opposed to unstratified SLE patients, revealed underappreciated differences in the pattern of expression of disease-related genes relative to clinical presentation. Moreover, gene signatures correlated with flare activity were successfully identified. CONCLUSION: Given that SLE disease heterogeneity is a key challenge hindering the design of optimal clinical trials and the adequate management of patients, our approach opens a new possible avenue addressing this limitation via a greater understanding of SLE heterogeneity in humans. Stratification of patients based on gene expression signatures may be a valuable strategy allowing the identification of separate molecular mechanisms underpinning disease in SLE. Further, this approach may have a use in understanding the variability in responsiveness to therapeutics, thereby improving the design of clinical trials and advancing personalised therapy.",,
W3017959485,2020,Medusa: Software to build and analyze ensembles of genome-scale metabolic network reconstructions,"Uncertainty in the structure and parameters of networks is ubiquitous across computational biology. In constraint-based reconstruction and analysis of metabolic networks, this uncertainty is present both during the reconstruction of networks and in simulations performed with them. Here, we present Medusa, a Python package for the generation and analysis of ensembles of genome-scale metabolic network reconstructions. Medusa builds on the COBRApy package for constraint-based reconstruction and analysis by compressing a set of models into a compact ensemble object, providing functions for the generation of ensembles using experimental data, and extending constraint-based analyses to ensemble scale. We demonstrate how Medusa can be used to generate ensembles and perform ensemble simulations, and how machine learning can be used in conjunction with Medusa to guide the curation of genome-scale metabolic network reconstructions. Medusa is available under the permissive MIT license from the Python Packaging Index (https://pypi.org) and from github (https://github.com/opencobra/Medusa), and comprehensive documentation is available at https://medusa.readthedocs.io/en/latest.",,
W1426701972,2015,Medication Reconciliation and Medication Error Prevention in an Emergency Department of a Tertiary Care Hospital,Review Articles A Comprehensive Review of Quality by Design (QbD) and Its Realization in Pharmaceutical Development of Oral Solid Dosage Forms Healthcare-associated Infections: A Ten-year Bibliometric Analysis Artificial Intelligence: The Futuristic Technology in the Drug Discovery Process Overview of Pharmacological Activities of Spirulina Original Articles Nexus between Plasma Homocysteine Levels in Chronic Periodontitis Patients &,,
W2319669589,2012,Spinal Cord Explants Use Carbon Nanotube Interfaces To Enhance Neurite Outgrowth and To Fortify Synaptic Inputs,"New developments in nanotechnology are increasingly designed to modulate relevant interactions between nanomaterials and neurons, with the aim of exploiting the physical properties of synthetic materials to tune desired and specific biological processes. Carbon nanotubes have been applied in several areas of nerve tissue engineering to study cell behavior or to instruct the growth and organization of neural networks. Recent reports show that nanotubes can sustain and promote electrical activity in networks of cultured neurons. However, such results are usually limited to carbon nanotube/neuron hybrids formed on a monolayer of dissociated brain cells. In the present work, we used organotypic spinal slices to model multilayer tissue complexity, and we interfaced such spinal segments to carbon nanotube scaffolds for weeks. By immunofluorescence, scanning and transmission electronic microscopy, and atomic force microscopy, we investigated nerve fiber growth when neuronal processes exit the spinal explant and develop in direct contact to the substrate. By single-cell electrophysiology, we investigated the synaptic activity of visually identified ventral interneurons, within the ventral area of the explant, thus synaptically connected, but located remotely, to the substrate/network interface. Here we show that spinal cord explants interfaced for weeks to purified carbon nanotube scaffolds expand more neuronal fibers, characterized by different mechanical properties and displaying higher growth cones activity. On the other hand, exploring spontaneous and evoked synaptic activity unmasks an increase in synaptic efficacy in neurons located at as far as 5 cell layers from the cell-substrate interactions.",,
W3029179904,2014,Sequences and functional information based protein-protein interaction characteristics evaluation and database construction,"Objective Protein-protein interaction (PPI) studies are important for understanding the DNA function andfunctional mechanism of genomic elements.A lot of works had been done towards the direction of calculating predictions of PPIs,and these methods are a very important tool for determining the PPI chaiacteristics.Still much more works remain to be done for evaluating the PPI characteristics and building a related database.Methods we extracted 27 PPI features from gene,protein sequences and functional information in human,then apphed them to various classifiers and evaluated the performance of all the classifiers and features by ROC curve.Results Through our analysis,we found that logistic regression and bayesian network classification are best for PPI characteristics.Biological Process,Cell Composition,Molecular Function,Gene Expression Values,Organization,and Availability of interactions between domain were obviously more useful than other characteristics.Meanwhile,we built a easy using Human Protein Feature Database (HPFD).Conclusion We discovered PPI characteristics with better performance usability in evaluation of function characteristic.However,some of these characteristics,still need to be further optimized in terms of improved PPI coverage.

Key words: 
Protein-protein interactions ;  Machine learning ;  Feature evaluations ;  Database",,
W2998304121,2019,Feature Selection and Machine Learning Method for Classification of Lung Cancer Types,"Microarray technology and computational methods have enabled researchers to obtain significant amount of gene expression data for lung cancer, which have allowed them to select genes that are specific to particular types of lung cancer. In this paper, a relational matrix is proposed, which is used to find genes with high correlations, depending on the types of lung cancer by using microarray expression data. We perform machine learning on the genes discovered from the relational matrix by using the weighted neuro-fuzzy algorithm to accurately classify the types of lung cancer. In addition, some genes among the discovered genes were investigated in the relative pathways, and p-values were obtained to analyze the validity of those genes in the given pathways. The relational matrix is constructed by enumerating the number of meaningful relationships identified through observations of the changes in gene expression values between different types of lung cancer. The weighted neuro fuzzy algorithm uses a bounded sum function into which the three functions are combined during learning and classification. We obtained 405 type-dependent genes using the proposed relational matrix and classified 203 samples into five types of lung cancer by using those genes. We obtained a classification accuracy of 99.5% for all samples; the results of Leave One Out Cross Validation test showed an accuracy of 87.19%. Moreover, we obtained valid p-values from 12 pathways in KEGG.",,
W4367191368,2012,Protein Structure Prediction Using Support Vector Machine,"Support Vector Machine (SVM) is used for predict the protein structural. Bioinformatics method use to protein structure prediction mostly depends on the amino acid sequence. In this paper, work predicted of 1-D, 2-D, and 3-D protein structure prediction. Protein structure prediction is one of the most important problems in modern computation biology. Support Vector Machine haves shown strong generalization ability protein structure prediction. Binary classification techniques of Support Vector Machine are implemented and RBF kernel function is used in SVM. This Radial Basic Function (RBF) of SVM produces better accuracy in terms of classification and the learning results.",,
W2131474431,2014,"SSpro/ACCpro 5: almost perfect prediction of protein secondary structure and relative solvent accessibility using profiles, machine learning and structural similarity","MOTIVATION: Accurately predicting protein secondary structure and relative solvent accessibility is important for the study of protein evolution, structure and function and as a component of protein 3D structure prediction pipelines. Most predictors use a combination of machine learning and profiles, and thus must be retrained and assessed periodically as the number of available protein sequences and structures continues to grow. RESULTS: We present newly trained modular versions of the SSpro and ACCpro predictors of secondary structure and relative solvent accessibility together with their multi-class variants SSpro8 and ACCpro20. We introduce a sharp distinction between the use of sequence similarity alone, typically in the form of sequence profiles at the input level, and the additional use of sequence-based structural similarity, which uses similarity to sequences in the Protein Data Bank to infer annotations at the output level, and study their relative contributions to modern predictors. Using sequence similarity alone, SSpro's accuracy is between 79 and 80% (79% for ACCpro) and no other predictor seems to exceed 82%. However, when sequence-based structural similarity is added, the accuracy of SSpro rises to 92.9% (90% for ACCpro). Thus, by combining both approaches, these problems appear now to be essentially solved, as an accuracy of 100% cannot be expected for several well-known reasons. These results point also to several open technical challenges, including (i) achieving on the order of ≥ 80% accuracy, without using any similarity with known proteins and (ii) achieving on the order of ≥ 85% accuracy, using sequence similarity alone. AVAILABILITY AND IMPLEMENTATION: SSpro, SSpro8, ACCpro and ACCpro20 programs, data and web servers are available through the SCRATCH suite of protein structure predictors at http://scratch.proteomics.ics.uci.edu.",,
W2951209146,2017,Deep Learning–Based Multi-Omics Integration Robustly Predicts Survival in Liver Cancer,"Abstract Identifying robust survival subgroups of hepatocellular carcinoma (HCC) will significantly improve patient care. Currently, endeavor of integrating multi-omics data to explicitly predict HCC survival from multiple patient cohorts is lacking. To fill this gap, we present a deep learning (DL)–based model on HCC that robustly differentiates survival subpopulations of patients in six cohorts. We built the DL-based, survival-sensitive model on 360 HCC patients' data using RNA sequencing (RNA-Seq), miRNA sequencing (miRNA-Seq), and methylation data from The Cancer Genome Atlas (TCGA), which predicts prognosis as good as an alternative model where genomics and clinical data are both considered. This DL-based model provides two optimal subgroups of patients with significant survival differences (P = 7.13e−6) and good model fitness [concordance index (C-index) = 0.68]. More aggressive subtype is associated with frequent TP53 inactivation mutations, higher expression of stemness markers (KRT19 and EPCAM) and tumor marker BIRC5, and activated Wnt and Akt signaling pathways. We validated this multi-omics model on five external datasets of various omics types: LIRI-JP cohort (n = 230, C-index = 0.75), NCI cohort (n = 221, C-index = 0.67), Chinese cohort (n = 166, C-index = 0.69), E-TABM-36 cohort (n = 40, C-index = 0.77), and Hawaiian cohort (n = 27, C-index = 0.82). This is the first study to employ DL to identify multi-omics features linked to the differential survival of patients with HCC. Given its robustness over multiple cohorts, we expect this workflow to be useful at predicting HCC prognosis prediction. Clin Cancer Res; 24(6); 1248–59. ©2017 AACR.",,
W2804646658,2018,Epigenetic modifications in KDM lysine demethylases associate with survival of early-stage NSCLC,"KDM lysine demethylase family members are related to lung cancer clinical outcomes and are potential biomarkers for chemotherapeutics. However, little is known about epigenetic alterations in KDM genes and their roles in lung cancer survival. Tumor tissue samples of 1230 early-stage non-small cell lung cancer (NSCLC) patients were collected from the five independent cohorts. The 393 methylation sites in KDM genes were extracted from epigenome-wide datasets and analyzed by weighted random forest (Ranger) in discovery phase and validation dataset, respectively. The variable importance scores (VIS) for the sites in top 5% of both discovery and validation sets were carried forward for Cox regression to further evaluate the association with patient’s overall survival. TCGA transcriptomic data were used to evaluate the correlation with the corresponding DNA methylation. DNA methylation at sites cg11637544 in KDM2A and cg26662347 in KDM1A were in the top 5% of VIS in both discovery phase and validation for squamous cell carcinomas (SCC), which were also significantly associated with SCC survival ( HR cg11637544 = 1.32, 95%CI, 1.16–1.50, P = 1.1 × 10 −4 ; HR cg26662347 = 1.88, 95%CI, 1.37–2.60, P = 3.7 × 10 −3 ), and correlated with corresponding gene expression (cg11637544 for KDM2A , P = 1.3 × 10 −10 ; cg26662347 for KDM1A P = 1.5 × 10 −5 ). In addition, by using flexible criteria for Ranger analysis followed by survival classification tree analysis, we identified four clusters for adenocarcinomas and five clusters for squamous cell carcinomas which showed a considerable difference of clinical outcomes with statistical significance. These findings highlight the association between somatic DNA methylation in KDM genes and early-stage NSCLC patient survival, which may reveal potential epigenetic therapeutic targets.",,
W2889272421,2018,Genomic and machine-learning analysis of germline variants in cancer,"Cancer often develops from specific DNA alterations, and these cancer-associated mutations influence precision cancer treatment. These alterations can be specific to the tumor DNA (somatic mutations) or they can be heritable and present in normal and tumor DNA (germline mutations). Germline variants can affect how patients respond to therapy and can influence clinical surveillance of patients and their families. While identifying cancer-associated germline variants traditionally required studying families with inherited cancer predispositions, large-scale cancer sequencing cohorts enable alternative analysis of germline variants. In this dissertation, we develop and apply multiple strategies for analyzing germline DNA from cancer sequencing cohorts. First, we develop the Tumor-Only Boosting Identification framework (TOBI) to learn biological features of true somatic mutations and generate a classification model that identifies DNA variants with somatic characteristics. TOBI has high sensitivity in identifying true somatic variants across several cancer types, particularly in known driver genes. After predicting somatic variants with TOBI, we assess the identified somatic-like germline variants for known oncogenic germline variants and enrichment in biological pathways. We find germline and somatic variants inactivating the Fanconi anemia pathway in 11% of patients with bladder cancer. Finally, we investigate germline, diagnosis, and relapse variants in a large cohort of patients with pediatric acute lymphoblastic leukemia (ALL). Our somatic analysis captures known ALL driver genes, and we describe the sequential order of diagnosis and relapse mutations, including late events in NT5C2. We apply both the TOBI framework and guidelines American College of Medical Genetics and Genomics to identify potentially cancer-associated germline variants, and nominate nonsynonymous variants in TERT and ATM.",,
W2953571450,2019,Predicting Gene Expression Between Species with Neural Networks,"We train a neural network to predict human gene expression levels based on experimental data for rat cells. The network is trained with paired human/rat samples from the Open TG-GATES database, where paired samples were treated with the same compound at the same dose. When evaluated on a test set of held out compounds, the network successfully predicts human expression levels. On the majority of the test compounds, the list of differentially expressed genes determined from predicted expression levels agrees well with the list of differentially expressed genes determined from actual human experimental data.",,
W2935818358,2019,A molecular tool for menstrual cycle phase dating of endometrial samples in endometriosis transcriptome studies†,"Dear Editor, Here we report the usability of a panel of transcriptomic markers to determine the menstrual cycle phase of undated endometrial tissue samples for gene expression studies. Endometrial tissue transcriptomic studies are an important approach to find molecular characteristics and biomarkers of endometriosis and other endometrium-related diseases. However, endometrial gene expression is under strict hormonal control and the menstrual cycle phase-specific signature has to be considered in molecular studies of reproductive age women to avoid false-positive or -negative findings that may occur if studied individuals are from different menstrual cycle phases. The endometrial specimens’ collection is generally well tolerated by patients: however, unnecessary procedures can be avoided if archival well-preserved RNA samples are available for research. Still, the use of archival samples may be complicated if there is no accompanying menstrual cycle information or only patients’ self-reported menstrual cycle day is available, and no tissue has been left for histological evaluation and classification of samples. Although the self-reported menstrual cycle history has been extensively used in molecular studies, the length of the normal menstrual cycle varies between 24 and 35 days and thus self-reported menstrual history or calendar-based counting methods are insufficient to accurately determine menstrual cycle phase, or discriminate ovulatory cycles from anovulatory cycles [1]. Ponnampalam et al. [2] utilized high-throughput microarray technology and demonstrated that classification of the endometrial samples according to the global transcriptional profile is concordant with the histological evaluation. However, as global expression profiling is rather costly, we aimed to use a new cost-effective Targeted Allele Counting by sequencing (TAC-seq) methodology [3] to explore the capability of a panel of 57 well-described endometrial receptivity genes [4] to determine the exact molecular menstrual cycle phases of endometrial samples. For that purpose, RNA was extracted from endometrial tissue samples collected from 45 women with and 33 women without endometriosis (suffering from pelvic pain or infertility) in menstrual (M, cycle days 1–5, n = 4), proliferative (P, cycle days 6–14, n = 17), early-secretory (ES, cycle days 15–18, n = 19), mid-secretory (MS, cycle days 19–23, n = 19), and late-secretory (LS, cycle days 24–28, n = 19) phases according to the self-reported menstrual cycle days (Supplementary Table S1 and Supplementary Materials and Methods). The average age of women with and without endometriosis was 31.0 ± 4.7 and 32.0 ± 5.1 years, respectively, and they had not received any hormonal treatments for at least 3 months prior to the laparoscopy in Tartu University Hospital (Tartu, Estonia). The TAC-seq libraries were sequenced with NextSeq 500/550 v2.5 Kit (Illumina). Sequencing data analysis was performed as described previously [3], and each sample was normalized using geometric mean of gene expression levels of four housekeeper genes. The same sequencing protocol was applied to 54 paired endometrial samples from 27 healthy parous women, collected at the histologically and biochemically [predicted from the luteinizing hormone (LH) peak in urine] confirmed ES and MS cycle phases (described in [5]). The resulting data were used to create a machine learning support vector machine (SVM) model for discrimination of ES and MS phase samples. Multidimensional scaling plot of normalized RNA sequencing data showed that expression pattern of the 57 endometrial receptivity genes divided the samples roughly into four distinct groups (Figure 1A). Also, no clear segregation was seen between women with and without endometriosis, which is concordant with a recent study by Garcia-Velasco et al. [6]. All endometrial samples from P phase clustered together and a subset of LS phase samples (n = 8) formed a distinct cluster; however, several samples from LS phase (n = 8) were more similar to MS samples and two LS samples grouped together with M phase samples. A similar phenomenon was described by Ponnampalam et al. [2], who suggested that the menstrual cycle is a continuum and the samples from the boarders of cycle phases may cluster to the adjacent phases. Interestingly, one LS sample showed similar gene expression pattern to P samples. We hypothesized that expression of the receptivity-related genes in anovulatory cycles remains similar to P phase throughout the cycle. Although the data about the endometrial receptivity-specific gene expression signature in women with anovulatory menstrual cycles is scarce, the level of glycodelin, which normally increases considerably and stays elevated during the secretory phase, has been shown to remain low throughout the anovulatory cycle [7]. The PAEP gene encoding glycodelin was also among the 57 genes analyzed in the current study and its low level in this LS sample was comparable to P samples, supporting our assumption about anovulatory cycle. Multidimensional scaling plot of normalized RNA sequencing data of 57 endometrial receptivity genes in women with and without endometriosis. (A) Clustering analysis of RNA sequencing data. (B) Clustering after applying support vector machine classifier to ES and MS phase samples. P—proliferative, ES—early secretory, MS—mid-secretory, LS—late secretory, M—menstrual phase endometrial samples. Triangles represent women without endometriosis and circles mark women with endometriosis. Furthermore, ES and MS samples formed one diffuse cluster (Figure 1A), indicating that self-reported menstrual cycle day does not allow reliable distinction between samples from these adjacent phases. Thereafter, the SVM model was successfully applied to segregate the studied self-reported ES and MS samples (Figure 1B) according to the receptivity gene expression pattern in endometrial tissues from women in biochemically confirmed ES and MS phases. After adjustment, 4 out of 19 ES phase samples were re-classified as MS samples and 9 MS samples were re-classified as ES, showing that molecular profiling helped to assign the endometrial samples from adjacent phases correctly even without precise chronological dating. The most widely used method to assign the endometrial samples collected at the second half of the cycle to ES or MS phase is determination of the LH peak from urine, which correlates significantly better with the histological dating than the calculations based on the onset of the next menstrual period [8]. However, as collection of tissue samples for research is for ethical reasons usually combined with clinical procedures that are scheduled long in advance, it is difficult if not impossible to obtain specimens at the particular LH day. Furthermore, the value of histological dating has been questioned as there are too many confounding factors influencing the interpretation of the results [9]. Therefore, new molecular tools, such as described in the current report, are useful to help specify the precise menstrual cycle phase of not only archived endometrial RNA samples but also of endometrial samples from uncertain cycle phases in transcriptomic studies to facilitate the discovery of true disease-related markers. Supplementary Table S1. General characteristics of the study participants. The authors have declared that no conflict of interest exists.",,
W2948035163,2019,Graph convolutional networks for computational drug development and discovery,"Despite the fact that deep learning has achieved remarkable success in various domains over the past decade, its application in molecular informatics and drug discovery is still limited. Recent advances in adapting deep architectures to structured data have opened a new paradigm for pharmaceutical research. In this survey, we provide a systematic review on the emerging field of graph convolutional networks and their applications in drug discovery and molecular informatics. Typically we are interested in why and how graph convolution networks can help in drug-related tasks. We elaborate the existing applications through four perspectives: molecular property and activity prediction, interaction prediction, synthesis prediction and de novo drug design. We briefly introduce the theoretical foundations behind graph convolutional networks and illustrate various architectures based on different formulations. Then we summarize the representative applications in drug-related problems. We also discuss the current challenges and future possibilities of applying graph convolutional networks to drug discovery.",,
W3028039738,2020,HECNet: a hierarchical approach to enzyme function classification using a Siamese Triplet Network,"MOTIVATION: Understanding an enzyme's function is one of the most crucial problem domains in computational biology. Enzymes are a key component in all organisms and many industrial processes as they help in fighting diseases and speed up essential chemical reactions. They have wide applications and therefore, the discovery of new enzymatic proteins can accelerate biological research and commercial productivity. Biological experiments, to determine an enzyme's function, are time-consuming and resource expensive. RESULTS: In this study, we propose a novel computational approach to predict an enzyme's function up to the fourth level of the Enzyme Commission (EC) Number. Many studies have attempted to predict an enzyme's function. Yet, no approach has properly tackled the fourth and final level of the EC number. The fourth level holds great significance as it gives us the most specific information of how an enzyme performs its function. Our method uses innovative deep learning approaches along with an efficient hierarchical classification scheme to predict an enzyme's precise function. On a dataset of 11 353 enzymes and 402 classes, we achieved a hierarchical accuracy and Macro-F1 score of 91.2% and 81.9%, respectively, on the 4th level. Moreover, our method can be used to predict the function of enzyme isoforms with considerable success. This methodology is broadly applicable for genome-wide prediction that can subsequently lead to automated annotation of enzyme databases and the identification of better/cheaper enzymes for commercial activities. AVAILABILITY AND IMPLEMENTATION: The web-server can be freely accessed at http://hecnet.cbrlab.org/. SUPPLEMENTARY INFORMATION: Supplementary data are available at Bioinformatics online.",,
W2282840184,2015,Rational Polypharmacology: Systematically Identifying and Engaging Multiple Drug Targets To Promote Axon Growth,"Mammalian central nervous system (CNS) neurons regrow their axons poorly following injury, resulting in irreversible functional losses. Identifying therapeutics that encourage CNS axon repair has been difficult, in part because multiple etiologies underlie this regenerative failure. This suggests a particular need for drugs that engage multiple molecular targets. Although multitarget drugs are generally more effective than highly selective alternatives, we lack systematic methods for discovering such drugs. Target-based screening is an efficient technique for identifying potent modulators of individual targets. In contrast, phenotypic screening can identify drugs with multiple targets; however, these targets remain unknown. To address this gap, we combined the two drug discovery approaches using machine learning and information theory. We screened compounds in a phenotypic assay with primary CNS neurons and also in a panel of kinase enzyme assays. We used learning algorithms to relate the compounds' kinase inhibition profiles to their influence on neurite outgrowth. This allowed us to identify kinases that may serve as targets for promoting neurite outgrowth as well as others whose targeting should be avoided. We found that compounds that inhibit multiple targets (polypharmacology) promote robust neurite outgrowth in vitro. One compound with exemplary polypharmacology was found to promote axon growth in a rodent spinal cord injury model. A more general applicability of our approach is suggested by its ability to deconvolve known targets for a breast cancer cell line as well as targets recently shown to mediate drug resistance.",,
W4404770484,2010,THE NEW HYBRID METHOD FOR CLASSIFICATION OF PATIENTS BY GENE EXPRESSION PROFILING,"Genetic researches have gradually become an area which is intensively studied on in recent years. The reason of that is the fact that a lot of diseases and features are transferred to the other generations by genes. These transfers are generally at the base of diseases. The evaluation of the input which is reached as the result of the researches is also accepted as a separate field. The aim of this study is to develop a model which enables the best classification of the patients by DNA microarray expression inputs. For this purpose, the classification which is based on Unsupervised Learning has mainly been used, by bringing together various methods. The Independent Components Analysis is used for dimension reduction, Kohonen Map Method is used for clustering and Random Forest Method is used for classification purposes. The model which is formed by combining these methods and very popular classification method Support Vector Machines (SVMs) has been studied and their classification performance is compared by True Classification Rate (TCR) on two real publicity data sets. The highest value that TCR can take on is one. The aim is to close this value to one. By the help of the model proposed in this study, we expect a reduction in the cost of these researches and aim to prevent wrong diagnoses as much as possible.",,
W2911605870,2019,Genomes of a major nosocomial pathogen Enterococcus faecium are shaped by adaptive evolution of the chromosome and plasmidome,"Abstract Enterococcus faecium is a gut commensal of many mammals but is also recognized as a major nosocomial human pathogen, as it is listed on the WHO global priority list of multi-drug resistant organisms. Previous research has suggested that nosocomial strains have multiple zoonotic origins and are only distantly related to those involved in human commensal colonization. Here we present the first comprehensive population-wide joint genomic analysis of hospital, commensal and animal isolates using both short- and long-read sequencing techniques. This enabled us to investigate the population plasmidome, core genome variation and genome architecture in detail, using a combination of machine learning, population genomics and genome-wide co-evolution analysis. We observed a high level of genome plasticity with large-scale inversions and heterogeneous chromosome sizes, collectively painting a high-resolution picture of the adaptive landscape of E. faecium, and identified plasmids as the main indicator for host-specificity. Given the increasing availability of long-read sequencing technologies, our approach could be widely applied to other human and animal pathogen populations to unravel fine-scale mechanisms of their evolution.",,
W2807692668,2018,SOV_refine: A further refined definition of segment overlap score and its significance for protein structure similarity,"BACKGROUND: The segment overlap score (SOV) has been used to evaluate the predicted protein secondary structures, a sequence composed of helix (H), strand (E), and coil (C), by comparing it with the native or reference secondary structures, another sequence of H, E, and C. SOV's advantage is that it can consider the size of continuous overlapping segments and assign extra allowance to longer continuous overlapping segments instead of only judging from the percentage of overlapping individual positions as Q3 score does. However, we have found a drawback from its previous definition, that is, it cannot ensure increasing allowance assignment when more residues in a segment are further predicted accurately. RESULTS: A new way of assigning allowance has been designed, which keeps all the advantages of the previous SOV score definitions and ensures that the amount of allowance assigned is incremental when more elements in a segment are predicted accurately. Furthermore, our improved SOV has achieved a higher correlation with the quality of protein models measured by GDT-TS score and TM-score, indicating its better abilities to evaluate tertiary structure quality at the secondary structure level. We analyzed the statistical significance of SOV scores and found the threshold values for distinguishing two protein structures (SOV_refine > 0.19) and indicating whether two proteins are under the same CATH fold (SOV_refine > 0.94 and > 0.90 for three- and eight-state secondary structures respectively). We provided another two example applications, which are when used as a machine learning feature for protein model quality assessment and comparing different definitions of topologically associating domains. We proved that our newly defined SOV score resulted in better performance. CONCLUSIONS: The SOV score can be widely used in bioinformatics research and other fields that need to compare two sequences of letters in which continuous segments have important meanings. We also generalized the previous SOV definitions so that it can work for sequences composed of more than three states (e.g., it can work for the eight-state definition of protein secondary structures). A standalone software package has been implemented in Perl with source code released. The software can be downloaded from http://dna.cs.miami.edu/SOV/.",,
W3091117486,2020,SICaRiO: short indel call filtering with boosting,"Despite impressive improvement in the next-generation sequencing technology, reliable detection of indels is still a difficult endeavour. Recognition of true indels is of prime importance in many applications, such as personalized health care, disease genomics and population genetics. Recently, advanced machine learning techniques have been successfully applied to classification problems with large-scale data. In this paper, we present SICaRiO, a gradient boosting classifier for the reliable detection of true indels, trained with the gold-standard dataset from 'Genome in a Bottle' (GIAB) consortium. Our filtering scheme significantly improves the performance of each variant calling pipeline used in GIAB and beyond. SICaRiO uses genomic features that can be computed from publicly available resources, i.e. it does not require sequencing pipeline-specific information (e.g. read depth). This study also sheds lights on prior genomic contexts responsible for the erroneous calling of indels made by sequencing pipelines. We have compared prediction difficulty for three categories of indels over different sequencing pipelines. We have also ranked genomic features according to their predictivity in determining false positives.",,
W2123085274,2012,Improved model quality assessment using ProQ2,"BACKGROUND: Employing methods to assess the quality of modeled protein structures is now standard practice in bioinformatics. In a broad sense, the techniques can be divided into methods relying on consensus prediction on the one hand, and single-model methods on the other. Consensus methods frequently perform very well when there is a clear consensus, but this is not always the case. In particular, they frequently fail in selecting the best possible model in the hard cases (lacking consensus) or in the easy cases where models are very similar. In contrast, single-model methods do not suffer from these drawbacks and could potentially be applied on any protein of interest to assess quality or as a scoring function for sampling-based refinement. RESULTS: Here, we present a new single-model method, ProQ2, based on ideas from its predecessor, ProQ. ProQ2 is a model quality assessment algorithm that uses support vector machines to predict local as well as global quality of protein models. Improved performance is obtained by combining previously used features with updated structural and predicted features. The most important contribution can be attributed to the use of profile weighting of the residue specific features and the use features averaged over the whole model even though the prediction is still local. CONCLUSIONS: ProQ2 is significantly better than its predecessors at detecting high quality models, improving the sum of Z-scores for the selected first-ranked models by 20% and 32% compared to the second-best single-model method in CASP8 and CASP9, respectively. The absolute quality assessment of the models at both local and global level is also improved. The Pearson's correlation between the correct and local predicted score is improved from 0.59 to 0.70 on CASP8 and from 0.62 to 0.68 on CASP9; for global score to the correct GDT_TS from 0.75 to 0.80 and from 0.77 to 0.80 again compared to the second-best single methods in CASP8 and CASP9, respectively. ProQ2 is available at http://proq2.wallnerlab.org.",,
W2752271597,2017,Machine Learning based Protein Sequence to (un)Structure Mapping and Interaction Prediction,"Proteins are the fundamental macromolecules within a cell that carry out most of the biological functions. The computational study of protein structure and its functions, using machine learning and data analytics, is elemental in advancing the life-science research due to the fast-growing biological data and the extensive complexities involved in their analyses towards discovering meaningful insights. Mapping of protein’s primary sequence is not only limited to its structure, we extend that to its disordered component known as Intrinsically Disordered Proteins or Regions in proteins (IDPs/IDRs), and hence the involved dynamics, which help us explain complex interaction within a cell that is otherwise obscured. The objective of this dissertation is to develop machine learning based effective tools to predict disordered protein, its properties and dynamics, and interaction paradigm by systematically mining and analyzing large-scale biological data. In this dissertation, we propose a robust framework to predict disordered proteins given only sequence information, using an optimized SVM with RBF kernel. Through appropriate reasoning, we highlight the structure-like behavior of IDPs in disease-associated complexes. Further, we develop a fast and effective predictor of Accessible Surface Area (ASA) of protein residues, a useful structural property that defines protein’s exposure to partners, using regularized regression with 3rd-degree polynomial kernel function and genetic algorithm. As a key outcome of this research, we then introduce a novel method to extract position specific energy (PSEE) of protein residues by modeling the pairwise thermodynamic interactions and hydrophobic effect. PSEE is found to be an effective feature in identifying the enthalpy-gain of the folded state of a protein and otherwise the neutral state of the unstructured proteins. Moreover, we study the peptide-protein transient interactions that involve the induced folding of short peptides through disorder-to-order conformational changes to bind to an appropriate partner. A suite of predictors is developed to identify the residue-patterns of Peptide-Recognition Domains from protein sequence that can recognize and bind to the peptide-motifs and phospho-peptides with post-translational-modifications (PTMs) of amino acid, responsible for critical human diseases, using the stacked generalization ensemble technique. The involved biologically relevant case-studies demonstrate possibilities of discovering new knowledge using the developed tools.",,
W2964112643,2017,Real-value and confidence prediction of protein backbone dihedral angles through a hybrid method of clustering and deep learning,"Abstract Background Protein dihedral angles provide a detailed description of protein local conformation. Predicted dihedral angles can be used to narrow down the conformational space of the whole polypeptide chain significantly, thus aiding protein tertiary structure prediction. However, direct angle prediction from sequence alone is challenging. Method In this study, we present a novel method to predict realvalued angles by combining clustering and deep learning. That is, we first generate certain clusters of angles (each assigned a label) and then apply a deep residual neural network to predict the label posterior probability. Finally, we output real-valued prediction by a mixture of the clusters with their predicted probabilities. At the same time, we also estimate the bound of the prediction errors at each residue from the predicted label probabilities. Result In this article, we present a novel method (named RaptorX-Angle) to predict real-valued angles by combining clustering and deep learning. Tested on a subset of PDB25 and the targets in the latest two Critical Assessment of protein Structure Prediction (CASP), our method outperforms the existing state-of-art method SPIDER2 in terms of Pearson Correlation Coefficient (PCC) and Mean Absolute Error (MAE). Our result also shows approximately linear relationship between the real prediction errors and our estimated bounds. That is, the real prediction error can be well approximated by our estimated bounds. Conclusions Our study provides an alternative and more accurate prediction of dihedral angles, which may facilitate protein structure prediction and functional study.",,
W3033617175,2020,Chemical space exploration based on recurrent neural networks: applications in discovering kinase inhibitors,"With the rise of artificial intelligence (AI) in drug discovery, de novo molecular generation provides new ways to explore chemical space. However, because de novo molecular generation methods rely on abundant known molecules, generated molecules may have a problem of novelty. Novelty is important in highly competitive areas of medicinal chemistry, such as the discovery of kinase inhibitors. In this study, de novo molecular generation based on recurrent neural networks was applied to discover a new chemical space of kinase inhibitors. During the application, the practicality was evaluated, and new inspiration was found. With the successful discovery of one potent Pim1 inhibitor and two lead compounds that inhibit CDK4, AI-based molecular generation shows potentials in drug discovery and development.",,
W2752444636,2017,Assessing the accuracy of blood RNA profiles to identify patients with post-concussion syndrome: A pilot study in a military patient population,"Mild traumatic brain injury (mTBI) is a complex, neurophysiological condition that can have detrimental outcomes. Yet, to date, no objective method of diagnosis exists. Physical damage to the blood-brain-barrier and normal waste clearance via the lymphatic system may enable the detection of biomarkers of mTBI in peripheral circulation. Here we evaluate the accuracy of whole transcriptome analysis of blood to predict the clinical diagnosis of post-concussion syndrome (PCS) in a military cohort. Sixty patients with clinically diagnosed chronic concussion and controls (no history of concussion) were recruited (retrospective study design). Male patients (46) were split into a training set comprised of 20 long-term concussed (> 6 months and symptomatic) and 12 controls (no documented history of concussion). Models were validated in a testing set (control = 9, concussed = 5). RNA_Seq libraries were prepared from whole blood samples for sequencing using a SOLiD5500XL sequencer and aligned to hg19 reference genome. Patterns of differential exon expression were used for diagnostic modeling using support vector machine classification, and then validated in a second patient cohort. The accuracy of RNA profiles to predict the clinical diagnosis of post-concussion syndrome patients from controls was 86% (sensitivity 80%; specificity 89%). In addition, RNA profiles reveal duration of concussion. This pilot study shows the potential utility of whole transcriptome analysis to establish the clinical diagnosis of chronic concussion syndrome.",,
