work_id,year,title,abstract
W2887561261,2018,Robust high dimensional factor models with applications to statistical machine learning,"Factor models are a class of powerful statistical models that have been widely used to deal with dependent measurements that arise frequently from various applications from genomics and neuroscience to economics and finance. As data are collected at an ever-growing scale, statistical machine learning faces some new challenges: high dimensionality, strong dependence among observed variables, heavy-tailed variables and heterogeneity. High-dimensional robust factor analysis serves as a powerful toolkit to conquer these challenges. This paper gives a selective overview on recent advance on high-dimensional factor models and their applications to statistics including Factor-Adjusted Robust Model selection (FarmSelect) and Factor-Adjusted Robust Multiple testing (FarmTest). We show that classical methods, especially principal component analysis (PCA), can be tailored to many new problems and provide powerful tools for statistical estimation and inference. We highlight PCA and its connections to matrix perturbation theory, robust statistics, random projection, false discovery rate, etc., and illustrate through several applications how insights from these fields yield solutions to modern challenges. We also present far-reaching connections between factor models and popular statistical learning problems, including network analysis and low-rank matrix recovery."
W2349076608,2010,Visualization Methods Based on NLPCA in Cluster,To project high-dimensional data into low-dimensional space can be effectively utilized to visualize and explore properties of data. An approach of NLPCA ( NonLinear Principal Component Analysis) and SOM ( Self-Organizing Map) neural network is presented for clustering and visualization of gene expression data. The experiment results show that the performance of clustering gene expression data based on the SOM network is efficient.
W3109811043,2020,Integrating long-range regulatory interactions to predict gene expression using graph convolutional networks,"Abstract Long-range spatial interactions among genomic regions are critical for regulating gene expression, and their disruption has been associated with a host of diseases. However, when modeling the effects of regulatory factors, most deep learning models either neglect long-range interactions or fail to capture the inherent 3D structure of the underlying genomic organization. To address these limitations, we present GC-MERGE, a G raph C onvolutional M odel for E pigenetic R egulation of G ene E xpression. Using a graph-based framework, the model incorporates important information about long-range interactions via a natural encoding of spatial interactions into the graph representation. It integrates measurements of both the spatial genomic organization and local regulatory factors, specifically histone modifications, to not only predict the expression of a given gene of interest but also quantify the importance of its regulatory factors. We apply GC-MERGE to datasets for three cell lines - GM12878 (lymphoblastoid), K562 (myelogenous leukemia), and HUVEC (human umbilical vein endothelial) - and demonstrate its state-of-the-art predictive performance. Crucially, we show that our model is interpretable in terms of the observed biological regulatory factors, high-lighting both the histone modifications and the interacting genomic regions contributing to a gene’s predicted expression. We provide model explanations for multiple exemplar genes and validate them with evidence from the literature. Our model presents a novel setup for predicting gene expression by integrating multimodal datasets in a graph convolutional framework. More importantly, it enables interpretation of the biological mechanisms driving the model’s predictions. Available at: https://github.com/rsinghlab/GC-MERGE ."
W2933997711,2019,5th Annual Immuno-Oncology 360° Conference: Spanning Science and Business to Bring New Therapies to Patients,"The atmosphere at the 5th Annual Immuno-Oncology 360° (IO360°) Conference, which took place on February 6–8 at the Crowne Plaza Times Square in New York City, was truly collaborative. Co-chaired by Axel Hoos, MD, PhD (GSK), James Gulley, MD, PhD (National Cancer Institute [NCI]), and Andrew Baum, MD (Citi), the conference featured almost 100 speakers and 10 plenary sessions, including 4 keynote talks and 7 panel discussions. More than 400 attendees representing the pharma, biotech, academic, regulatory, and private investment communities gathered to discuss the rapid advancement in scientific, clinical, and business developments in IO, with the goal of accelerating the development of new therapeutics for patients. Over 350 partnering meetings took place over the 3-day conference.“360 degrees means we really want to speak to all stakeholders,” stated Dr. Hoos. The meeting is structured for the scientists to bring their most promising next-generation mechanisms that will help address these challenges. However, it is also important to look at therapies that haven't worked, so we don't repeat the same challenges of the past, he noted. “But IO360° is not just the science, it's about the entire ecosystem in which the science exists, and that includes the patients and those that provide the funding to make the science happen.”Michel Sadelain, MD, PhD, of Memorial Sloan Kettering Cancer Center, opened the meeting with a keynote, Chimeric Antigen Receptor (CAR) - T Cell Therapy and the CD19 Paradigm. With two CD19 CAR-T cells (CAR Ts) approved in 2017, Dr. Sadelain identified three new directions being taken to optimize CAR T therapy and develop next-generation CAR Ts. The first is addressing exhaustion (loss of functionality) using genome engineering at a carefully select locus (TRAC) to create more potent CAR Ts and incorporating new designs that modify the activating portion of the CAR and balance rapid expansion and retained memory (1XX CAR). The second is gaining insight into the pathophysiology of cytokine release syndrome, including CAR T–macrophage interactions, to try and reduce toxicity. The third is employing new strategies for circumventing antigen escape, such as use of radiosensitization and combinatorial targeting.The Discovery and Preclinical Science plenary focused on strategies being investigated to modify the tumor microenvironment and address limitations of patient-sourced therapies. According to the plenary chair, Ronald Herbst, PhD, “we are all excited about the potential for immunotherapy for patients with cancer, but many patients don't respond to checkpoint inhibitors.” Part of the problem is explained by the fact that “immune contexture varies within and across tumor types, and so-called ‘hot’ versus ‘cold’ tumors,” he noted. In order to increase the efficacy of immunotherapy, a number of areas are actively being targeted, including antigen presentation, innate mechanisms of activation, the tumor microenvironment, and overcoming immunosuppression.A variety of cells, growth factors, and cytokines in the tumor microenvironment play a pivotal role in whether or not immunotherapy is effective. Various strategies are being employed that attempt to modify the tumor microenvironment to overcome immunosuppressive mechanisms, such as blocking adenosine with an anti-CD73 monoclonal antibody (oleclumab, Medimmune) or an A2A receptor antagonist (CPI-144, Corvus), or inhibiting the IDO (indoleamine 2,3-dioxygenase) pathway (indoximod, NewLink Genetics). Other strategies are being employed to enhance the efficacy of cytokines to augment the expansion and activation of T cells, such as engineering enhanced versions of growth factors such as interleukin-2 (IL-2; NKTR-214, Nektar, and MDNA109, Medicenna) and IL-10 (pegilodecakin, ARMO). For example, pegilodecakin, a long-acting pegylated form of IL-10, induces hallmarks of CD8+ T cell immunity in cancer patients. According to Aung Naing, MD, and Martin Oft, MD, pegilodecakin demonstrated clinical benefit in studies as a single agent and in combination with both chemotherapy and checkpoint inhibitors across several tumor types. The agent is currently being investigated in a Phase 3 trial in metastatic pancreatic cancer.Off-the-shelf hematopoietic cell products are being developed to address some of the limitations of patient-sourced cell therapies, such as heterogeneity, single-patient manufacturing, need for sufficient cells, extended production time, and cost. For example, engineered CAR natural killer cells, derived from induced pluripotent stem cells, are being developed that incorporate several individual components that together help to enhance persistence and antitumor efficacy (FT596, Fate Therapeutics). Multicombinatorial strategies such as this may be key in reigniting the endogenous immune system and improving efficacy in solid tumor space.Genentech's Priti Hegde, PhD, opened the Translational Science and Emerging Biomarkers plenary, part 1, with a keynote, Biomarker Signaling: Turning Cold Tumors Hot. Individual cancer types can be characterized along the tumor immunity continuum based on immune phenotype (i.e. inflamed or noninflamed) and tumor mutational burden (TMB). How can we generate an immune response signal in noninflamed tumors when most do not achieve the TMB threshold that selects for benefit? Dr. Hedge highlighted two approaches: adaptive immunity, which has the potential to drive memory response, and synthetic immunity, which has the potential to sustain efficacy and drive log kill. An example of an adaptive immunity approach is neoantigen-specific T-cell therapy, in which there are limited but encouraging data demonstrating its ability to promote adaptive immunity in noninflamed tumors. Synthetic immunity approaches include engineered T cells (e.g. NY-ESO SPEAR T cells [GSK/Adaptimmune], BMCA CAR Ts) and bi-specific biologics (e.g. antibodies, BITEs® [Amgen], ImmTAC® [Immunocore]), in which there is a proof of concept that these approaches are feasible in solid tumors and checkpoint inhibitor-refractory hematologic malignancies.One may also need to address the underlying biology to turn cold tumors hot. According to Dr. Hegde, the future of immunotherapy may be highly personalized, and one will need to look at a variety of markers in biopsy specimens using a variety of techniques. This will only be possible if we have: (1) a tissue-conserving, regulatory-grade decentralized platform to be able to run all of these assays in trials and (2) trial designs and statistical analysis plans that enable diagnostic signal-seeking validation and a path for registration.The remainder of the plenary reported on translational data and evolving biomarkers and applications to help support decision-making for IO drug development.Negative results from the Phase 3 study of the therapeutic prostate cancer vaccine PROSTVAC (Bavarian Nordic) show that a combinatorial approach may be needed with vaccines. Similarly, oncolytic viruses may need multiple transgenes and mechanisms to reverse complex immunosuppressive microenvironments. To address this issue, T-Stealth™ oncolytic viruses (BeneVir) can incorporate multiple genes, evade clearance by the innate and adaptive immune systems, and be combined with other drugs and IO agents.With the increasing need for biomarker support, the clinical trial laboratory reality in the IO space is complex. Patrice Hugo, PhD (Q2 Solutions), summarized important features to consider when selecting a lab partner for drug development. Key strategies to successfully introduce innovation in the clinical trial lab space include joint review of pros and cons of technologies, consideration of joint investments, performing Phase 1 specialized testing in niche labs/academic settings with transfer to a central lab, and discussion and planning for regulatory requirements.Advances in positron emission tomography (PET) imaging and radiomics provide a quantitative, noninvasive way to assess the dynamic changes of the immune system. For example, CD8 PET (Imaging Endpoints) may help distinguish between hot and cold tumors and address fundamental questions regarding the role of CD8 cells in the tumor microenvironment.Other unique biomarkers and applications under investigation include MultiOmyx™ (NeoGenomics), a proprietary multi “omic” technology that enables detection and visualization of up to 60 biomarkers on a single slide; immunosequencing (immunoSEQ, Adaptive Biotechnologies), a clinical diagnostic for monitoring clonal expansion and predicting/evaluating response to therapy that can also be used in combination with cellular immunology and computational biology (Multiplexed Identification of T cell Receptor Antigen [MIRA] assay, Adaptive Biotechnologies) to map T-cell receptors; and CANscript™ (Mitra), a personalized ex vivo histoculture approach that can be used to evaluate drug-induced modulation of the tumor microenvironment and predict clinical performance.The IO Novel Technologies and Innovative Solutions plenary showcased companies that have technologies and solutions that will help stakeholders in the IO field advance developments for cancer therapeutics. Presenters included Advaxis, Bioxcel Therapeutics, IAG, Provecs Medical, Rgenix, and Sensei Bio.Andrew Baum, MD (Citi), opened the Financial and Commercial Implications plenary with a keynote, Evaluation and Forecast of the IO Space. He started off by discussing key questions on health-care investors' minds. According to Dr. Baum, “what investors don't like very much about IO is that the technology cycles are short, so you can go from here to zero very quickly very easily.” He cited ipilimumab and the fact that it was quickly eclipsed by anti-PD (L)-1 agents. Another issue is the “paradox of choice,” as there are so many different modalities. “It's almost overwhelming,” he noted, “especially for someone that doesn't have a deep scientific background to interpret a Phase one trial.” Other questions involve primary and secondary resistance, cell therapy manufacturing constraints, minimizing/managing toxicity, and financial toxicity. However, despite these questions, “the good news is the amount of capital, the enthusiasm, and the scientific advancement all mean that we're going to make huge strides in IO, I have no doubt.”Dr. Baum stressed the importance of learning from historic disappointments and noted that we need better biomarkers, better trials, and patience so that the benefits can be extended to more patients. He ended his presentation with a slide showing Citi's top 10 novel IO targets for 2020, in which IL-2/IL-15 took the top spot.Khalil Barrage (Invus) agreed that the IO revolution has led to unprecedented investor enthusiasm for oncology, unlocking massive commercial opportunities. However, the discovery of checkpoints and their curative potential has led to hype in IO drug discovery, resulting in risky behavior. In addition, the flood of capital has lowered potential returns and there are a lot of IO agents in development with poorly validated rationale. As a result, Invus' approach to investing incorporates strategies such as diversification, selectivity, exploring synergistic opportunities, investing where innovation is happening, paying a premium for validated approaches when warranted, and assessing reimbursement.The plenary concluded with a panel discussion on monetizing science: the preparation of an IPO, straight licensing with the transition to a public company, and decision-making on prioritization within portfolios. Key takeaways included strategies for building out scientific and executive talent, the importance of having a scientific advisory board to test out the research, and being prepared to be a public company.The Trends and Collaborations plenary featured presentations by three major industry media companies in the IO field, which discussed new trends and their effect on the investment landscape.BioCentury analyzes IO trends at recent medical meetings using machine learning, began Simone Fishburn, PhD, VP, and Executive Editor. Despite the huge focus on PD (L)-1, academics and companies are aggressively looking for, and finding new targets, with LAG3 topping the list in company oncology pipelines in 2019. CAR T activity is moving into solid tumors, with new constructs and multiple tumor antigens targeted. Immunometabolism and tumor mutation burden are hot topics. Funding for IO start-ups is outstripping other areas, both inside and outside oncology, drawing traditional and corporate investors.According to John D. Carroll (Endpoints News), these trends are supported by global data published by the Cancer Research Institute, which show that there were 3394 IO agents representing 417 targets in the pipeline in 2018, representing a 67% increase over 2017.How are these trends affecting the investment landscape? According to Jeff Bockman, PhD (Cello Health BioConsulting), IO dominates oncology growth, but not sales. Moreover, although IO deals have shown evidence of slowing, whether due to maturation, saturation, or fatigue, and oncology and IO investments remain robust.The Business Development plenary, hosted by Solebury Trout, included panel discussions on partnering, fundraising, and rational investing. The first panel discussed IO partnering strategies from the viewpoint of pharma and academia. According to Dr. Hoos, who the partnering in this space have but there has much and is only that companies have started their unique which will a partnering the for is tumor and the and the companies on the panel and there to be both and with some moving from and on those that can IO and agents are being by most in the and are to play which was for and discussed in the IO space and a number of For example, the panel stressed the importance of at and and on key and as a private on their ecosystem their investors with in the past, key to their than at with the top at the with key the of and companies introduce than need to so that can panel focused on IO investment investors this an time, with a future for many modalities. However, the massive of data is it to to to from a The investors on the panel on a variety of such as the of and whether the data support a or whether an agent has a or has a niche in the IO important is a in their and their to plenary ended with a with of by Solebury Trout, the discussion focused on in the company, with a an For companies looking for highlighted the fact that as a and stressed the need to and where are are some very so both and in to a with a can try and to more like in As industry are companies can be quickly with limited capital, like companies have in the began with a keynote, to led by and MD, of of According to Dr. we are at an in it has from one to has the and of tumor types, agents and trials are and there is an to use to enable to of trials are the way new therapies are developed for cancer, make better and more personalized The of are testing drugs where most (i.e. the order of therapy to about response in the of building an to evaluate drugs and using imaging and biomarker and being by is a platform trial for of biopsy is used to assess and imaging and adaptive The and the are structured to enable and release of agents the The primary is response which is a highly of and and is in biomarker The from biomarker and is to drug to Dr. we want innovation to we have to The focus of new drug development be a a from of metastatic to is a huge is also a huge goal of is to of patients to with and of therapy based on Dr. ended with one of for drug from finding out which drug be to the with two The first Science and Emerging Biomarkers Part was led by PhD, of and to focus on biology and to help predict to Technologies discussed included to enhance antibody therapeutics mechanisms of to immune the for biomarker discovery a and a receptor in second for IO was led by of and was for clinical trial who to it to an IO clinical discussed included an clinical trial study a complex Phase 1 trial in IO and clinical trial for The ended in a panel discussion on the challenges with IO data and to advance to PhD, at the and (i.e. may not the clinical benefit of IO agents. As a result, trends include the use of immune response machine learning to the of imaging and new techniques. The IO plenary up the with a discussion of novel imaging are unique challenges with the use of response at IO clinical as a of complex According to some of these challenges can be by the and of response and including a of in the can be by the use of and and analysis and PhD are being used in with to more from to as as better between and such as the CD8 PET discussed is also an evolving Similarly, imaging using PET an to assess all of a tumors for with a single PET and assess use of a novel three opened with the of with cancer, cancer 10 as metastatic chemotherapy and therapies, and of an immunotherapy trial at the The the that cancer, and those cells in the an of the cells and the cancer has the of being the first to be of metastatic cancer a of to to from in the concluded with some to patients who be in the same the same to with cancer or out as much as you can about to a cancer to to not just one of therapy but several of out about clinical trials and whether you can in The is out there and you as try and on the was a panel discussion on to IO in a The are to but be and and the of a tumor to be want to if the tumor has by the adaptive immune is it by T cells if do have an immunosuppressive factors are in the tumor However, are an important the is the of the cell types are but also and able to look in the is but it doesn't provide all the can all these be with a new plenary for Cell According to Dr. Gulley, therapy has the to on the of cancer there is activity in hematologic but it's is needed to achieve the same effect in solid tumors, so this is where there is much The is to was in studies but the benefit to a of patients. The new technologies and targets discussed in this plenary to do just technology to a T cells their However, in the of approved CAR are According to MD of this as a of of and of He cited a where CD19 in a single cell led to by the CD19 which may have important for manufacturing and other cell therapies. For and the can be with a CAR T or it can be with a new of CAR that the SPEAR are an engineered T-cell of cells that are to a that a antigen in many technology an over CAR T therapy in that it to both and results have in a cancer for which there are no therapies the of noted products a number of over CAR Ts. CAR Ts Chimeric Antigen Receptor developed using the platform are being investigated in and multiple The is to multiple to create T cells with such as the ability to or overcome may an over other therapies in solid tumors in that multiple tumor antigens and there is a of or The technology used to develop the that has and of efficacy have in and the for the has from to to and the is a therapies have the potential to enhance CAR T activity in solid tumors. combination strategies consider both and can be used to enhance cell and and factors in the tumor microenvironment, or and plenary ended with a panel discussion on and clinical to IO therapeutics that will to more and therapies. of the strategies discussed were including a to and products and addressing antigen with or combination In order to we need to address like the when moving from in to the clinical as as cell and the used to create the may the cells, manufacturing and we need to cell therapies so that more patients will have conference concluded with the IO Development plenary, which discussed recent IO clinical The plenary began with an of data for the activity has demonstrated in more than cancer types. The agent has across more than including in is moving into the of therapy, and next-generation biomarkers are to help promising were also for a a and combination immunotherapy and the tumor receptor has to more benefit in Dr. Hoos. However, there is a lot of As a result, “we need to new to the benefit PD Cell therapy has really to the of engineered and we are to the benefit from to solid tumors and overcoming the such as T-cell that in the for patients is"
W2016739482,2014,Do antioxidants promote cancer growth?,Review Articles A Comprehensive Review of Quality by Design (QbD) and Its Realization in Pharmaceutical Development of Oral Solid Dosage Forms Healthcare-associated Infections: A Ten-year Bibliometric Analysis Artificial Intelligence: The Futuristic Technology in the Drug Discovery Process Overview of Pharmacological Activities of Spirulina Original Articles Nexus between Plasma Homocysteine Levels in Chronic Periodontitis Patients &
W3016273480,2020,Machine Learning Approaches for Quality Assessment of Protein Structures,"Protein structures play a very important role in biomedical research, especially in drug discovery and design, which require accurate protein structures in advance. However, experimental determinations of protein structure are prohibitively costly and time-consuming, and computational predictions of protein structures have not been perfected. Methods that assess the quality of protein models can help in selecting the most accurate candidates for further work. Driven by this demand, many structural bioinformatics laboratories have developed methods for estimating model accuracy (EMA). In recent years, EMA by machine learning (ML) have consistently ranked among the top-performing methods in the community-wide CASP challenge. Accordingly, we systematically review all the major ML-based EMA methods developed within the past ten years. The methods are grouped by their employed ML approach-support vector machine, artificial neural networks, ensemble learning, or Bayesian learning-and their significances are discussed from a methodology viewpoint. To orient the reader, we also briefly describe the background of EMA, including the CASP challenge and its evaluation metrics, and introduce the major ML/DL techniques. Overall, this review provides an introductory guide to modern research on protein quality assessment and directions for future research in this area."
W2100316620,2014,Network-based Prediction of Cancer under Genetic Storm,"Classification of cancer patients using traditional methods is a challenging task in the medical practice. Owing to rapid advances in microarray technologies, currently expression levels of thousands of genes from individual cancer patients can be measured. The classification of cancer patients by supervised statistical learning algorithms using the gene expression datasets provides an alternative to the traditional methods. Here we present a new network-based supervised classification technique, namely the NBC method. We compare NBC to five traditional classification techniques (support vector machines (SVM), k-nearest neighbor (kNN), naïve Bayes (NB), C4.5, and random forest (RF)) using 50-300 genes selected by five feature selection methods. Our results on five large cancer datasets demonstrate that NBC method outperforms traditional classification techniques. Our analysis suggests that using symmetrical uncertainty (SU) feature selection method with NBC method provides the most accurate classification strategy. Finally, in-depth analysis of the correlation-based co-expression networks chosen by our network-based classifier in different cancer classes shows that there are drastic changes in the network models of different cancer types."
W1996202672,2010,A Review of Ensemble Methods in Bioinformatics,"Ensemble learning is an intensively studied technique in machine learning and pattern recognition. Recent work in computational biology has seen an increasing use of ensemble learning methods due to their unique advantages in dealing with small sample size, high-dimensionality, and complex data structures. The aim of this article is two-fold. Firstly, it is to provide a review of the most widely used ensemble learning methods and their application in various bioinformatics problems, including the main topics of gene expression, mass spectrometry-based proteomics, gene-gene interaction identification from genome-wide association studies, and prediction of regulatory elements from DNA and protein sequences. Secondly, we try to identify and summarize future trends of ensemble methods in bioinformatics. Promising directions such as ensemble of support vector machines, meta-ensembles, and ensemble based feature selection are discussed. Keywords: Ensemble learning, bioinformatics, microarray, mass spectrometry-based proteomics, gene-gene interaction, regulatory elements prediction, ensemble of support vector machines, meta ensemble, ensemble feature selection."
W2800291939,2018,Min-Redundancy and Max-Relevance Multi-view Feature Selection for Predicting Ovarian Cancer Survival using Multi-omics Data,"Abstract Background Large-scale collaborative precision medicine initiatives (e.g., The Cancer Genome Atlas (TCGA)) are yielding rich multi-omics data. Integrative analyses of the resulting multi-omics data, such as somatic mutation, copy number alteration (CNA), DNA methylation, miRNA, gene expression, and protein expression, offer the tantalizing possibilities of realizing the potential of precision medicine in cancer prevention, diagnosis, and treatment by substantially improving our understanding of underlying mechanisms as well as the discovery of novel biomarkers for different types of cancers. However, such analyses present a number of challenges, including the heterogeneity of data types, and the extreme high-dimensionality of omics data. Methods In this study, we propose a novel framework for integrating multi-omics data based on multi-view feature selection, an emerging research problem in machine learning research. We also present a novel multi-view feature selection algorithm, MRMR-mv, which adapts the well-known Min-Redundancy and Maximum-Relevance (MRMR) single-view feature selection algorithm for the multi-view settings. Results We report results of experiments on the task of building a predictive model of cancer survival from an ovarian cancer multi-omics dataset derived from the TCGA database. Our results suggest that multi-view models for predicting ovarian cancer survival outperform both view-specific models (i.e., models trained and tested using one multi-omics data source) and models based on two baseline data fusion methods. Conclusions Our results demonstrate the potential of multi-view feature selection in integrative analyses and predictive modeling from multi-omics data."
W2328464414,2013,Microbiota Involvement in the Gut–Brain Axis,"The intestinal microbiota consists of approximately 1013 to 1014 microorganisms, a global microbial community dominated by bacteria, mainly strict anaerobes, but also including viruses, protozoa, archaea, and fungi (1). Although several studies have investigated the bacterial communities in infants, our understanding of the microbiota in children of different ages remains limited because only 20% of the bacterial species have been successfully cultured (2). The limitation of these quantitative and qualitative descriptions reflects the methodological difficulty encountered when trying to delineate and enumerate the constituents of a normal microbiota. Traditional culture-based analyses are adequate only for the minority of the gut microbes that are amenable to cultivation. As new culture-independent techniques, such as genome sequencing and metagenomic techniques, become available and less expensive, the likelihood of a more comprehensive analysis will increase (3). Although gut microbiota comprises a wide variety of bacterial species and strains whose composition and density vary along the gastrointestinal (GI) tract, it is largely defined by 2 bacterial phylotypes, Bacterioidetes and Firmicutes, with Proteonacteria, Acinobacteria, Fusobacteria, and Verrucomicrobia phyla present in relatively low numbers. The size of 1 microbial metagenome, also called microbiome, is 150 times larger than the human genome and encodes 100 times more genes than our own genome. This extensive gene catalogue may enable us to study potential associations between microbial genes and human phenotypes and even environmental factors throughout our lifetime. Indeed, the microbiota acts as a personalized organ that can be modified by diet, lifestyle, prebiotics, probiotics, and antibiotics. COLONIZATION OF THE GI TRACT The GI tract of a normal fetus has traditionally been thought of as sterile; however, studies suggest that the fetal intestine may be exposed to microbes via swallowing of colonized amniotic fluid. Nevertheless, colonization of the infant gut commences at birth, when delivery exposes the infant to a complex microflora with aerobic or facultative bacteria, such as enterobacteria, enterococci, and staphylococci, colonizing the GI tract immediately (4). During growth, the intestinal milieu changes, creating the conditions for the proliferation of anaerobic bacteria. The numbers and diversity of strict anaerobes such as Bifidobacterium, Clostridium, and Bacteriodes increase later as a result of diet and environment and after weaning. At age 1 year, a complex adult-like microbiota is evident. A complex microbiota dominated by obligate anaerobes provides a strong barrier against the establishment and proliferation of new bacterial strains, a phenomenon termed “colonization resistance.” An infant's gestational age at birth (preterm or full-term infants) and mode of delivery (vaginal birth or caesarean section [CS]) seem to have significant effects on the intestinal microbiota. Preterm infants admitted to the neonatal intensive care unit, where they are exposed to increased use of antibiotics, parenteral nutrition, and the like, show delayed colonization and a limited number of bacterial species, often selected based upon their resistance to broad-spectrum antibiotics (5). When infants are born by CS, they are deprived of contact with their mother's vaginal and intestinal microbiota and have lower numbers of Bifidobacteria, Bacteroides, and Escherichia coli compared with vaginally delivered infants (6). Other bacteria expand in CS-delivered infants as a result of reduced competition. Infants living under poor sanitary and crowded conditions in developing countries are colonised earlier than infants in affluent Western societies by E coli and other Enterobacteriaceae, enterococci, and lactobacilli (7). They also have a larger number of species and a more rapid turnover of bacterial strains. It is possible that the establishment of a complex microbiota proceeds faster in developing counties than in developed countries. Because of the differences in composition between human milk and standard infant formula, there is evidence in the literature that GI flora composition differs substantially in breast- and formula-fed infants (8). Studies using quantitative real-time polymerase chain reaction assays on infants’ fecal samples show that Bifidobacteria are the most prevalent bacteria found in the flora of both feeding groups, but their amount is significantly higher in breast-fed than in formula-fed infants (9). Instead, the amount of E coli and bacteroides is significantly higher in formula-fed than in breast-fed infants (10). The gut microbiota is a major stimulus for the immune system, and a late acquisition of gut bacteria or a reduced complexity of the microbiota may delay immune maturation. MICROBIOTA AND HEALTH BENEFIT Despite a significant interpersonal variation, there seems to be a balance among bacterial species in a microbial stable core that confers health benefits. An alteration in beneficial bacteria by infection, disease, diet, and antibiotics can negatively influence the well-being of the individual. Altered microbiota can revert to the stable diversity established in infancy once the initial modifying factor has subsided. Within the GI tract, different microbiota has a mutually beneficial relationship with their host. The microbiota plays a critical role in supporting normal digestion; for example, human milk oligosaccharides (11) and host metabolism promote bacterial fermentation of unused energy substrates of dietary fibre to short-chain fatty acids. Short-chain fatty acids play an important role in appetite regulation through increasing anorexigenic enteroendocrine hormones such as peptide YY and glucagon-like peptide-1 and through modulation of energy storage, extracting calories from otherwise unavailable oligosaccharides (12). Conventionally reared mice have 40% higher body fat content than germfree mice, despite lower food consumption (13). It is also now known that the microbiota is essential for normal peristalsis. Normal intestinal motility requires coordination between the extrinsic neurons, enteric motor neurons, interstitial cells of Cajal and smooth muscle cells. The enteric nervous system (ENS) is a complex integrative division of the autonomic nervous system that is capable of controlling GI function. The abnormal motility of germ-free mice probably reflects a combination of the lack of a mature enteroendocrine system, changes in neurotransmission, and immaturity of the mucosal immune system (14). The prevention of colonization by pathogens is achieved in large part through the resident microbiota by competing for nutrients and receptors, producing antimicrobial compounds, and triggering the expression of multiple antimicrobial factors in Paneth cells (15). Based upon different animal studies, it is clear that the microbiota is involved in the maintenance of barrier function, inducing increased epithelial cell proliferation and enhancing intestinal epithelial integrity through translocation of the tight junction protein zonula occludens 1 and upregulation of genes involved in desmosome maintenance (16). The gut microbiota contains a host of inflammatory components, and its presence evokes low-grade inflammation, influencing the entire organism. Germ-free studies revealed that the microbiota is essential for the development of the gut-associated lymphoid tissue and plays an important role in shaping the immunological response through the stimulation of the synthesis and secretion of immunoglobulin A and through the production of a balanced T-helper cell response (optimal equilibrium between TH1 and TH2-like immunity) (17). Germ-free animals have few immune cells in the intestinal lamina propria and few intraepithelial lymphocytes. Their Peyer's patches and mesenteric lymph nodes are small and lack germinal centers. Reduced microbial stimulation during infancy results in slower postnatal maturation of the immune system, with difficulty in the capacity to differentiate potentially dangerous from harmless antigens (18). Pathogen or commensal recognition by T-cell receptors results in a cascade of different events and different outcomes in triggering immune responses and intestinal neural pathways (19). The health benefits of human microbiota are as follows: Supports normal digestion Modulates normal intestinal peristalsis Prevents colonisation by pathogens Maintains barrier function Evokes low grade of inflammation Shapes the immunologic response GUT–BRAIN INTERACTION The gut–brain interaction is a complex bidirectional communication system that exists between the central nervous system (CNS) and the GI tract (20). This interaction has been reflected in the form of a revised nomenclature to the more inclusive term “brain–gut–microbiota axis” and there is now a sustained research effort to establish how communication along this axis contributes to both normal and pathological conditions. The gut–brain axis integrates cognitive and emotional centres in the CNS with the neuroendocrine and neuroimmune systems, the sympathetic and parasympathetic arms of the autonomic nervous system, the hypothalamic–pituitary–adrenal axis, the ENS, also called the “little brain,” and the intestinal microbiota. Through this bidirectional complex network, the CNS and the gut are intimately connected. Signals from the brain influence the motor, sensory, and secretory functions of the GI tract by releasing neuropeptides and hormones, and conversely visceral messages from the GI tract can influence brain function, mood, and behaviour (21,22). There is evidence of a beneficial effect of using probiotics and prebiotics in hepatic encephalopathy (23), and there are numerous animal studies that indicate a CNS change in responses to alteration in the composition of gut microbes. One approach that is being used to study the role of microbiota on the host's health is the use of germ-free animals. Germ-free mice, which are animals devoid of any bacterial contamination, offer the possibility of studying the impact of the complete absence of microbiota on GI functions and gut–brain axis–related functions. The cross-talk among the gut microbiota, the immune system, and the gut–brain axis also seems to play an important role in the modulation of the stress response. Microbiota communicates with gut–brain axis through different mechanisms and multiple routes, as follows: Direct interaction with mucosal cell (endocrine message) through the release of bacterial substances, fermentation products such as short-chain fatty acids, and indirectly stimulating the production of intestinal neuroendocrine factors Via immune cells (immune message) through recognition of pathogen-associated molecular patterns by Toll-like receptors, which modulate the expression of factors, such as cytokines and chemokines, that recruit and change the phenotype and function of immune and inflammatory cells. Mast cells are important effectors of the gut–brain axis, which translate the stress signals into the release of a wide range of neurotransmitters and proinflammatory cytokines. Neurons, astrocytes, and microglial cells express membrane surface receptors that are specific to the molecular products of immune cells, which underlie brain cellular responses to immunological signals. Via contact with neural endings (neuronal message) through increasing expression of GABA receptors, by inducing the expression of opioid and cannabinoid receptors in intestinal epithelial cells; via elevation in the plasma of tryptophan, a precursor to serotonin, which is a key neurotransmitter within the gut–brain axis; among other pathways. Obviously, multiple mechanisms are possible and further studies will clarify both neural and humoral routes through which the intestinal communal microflora may influence ENS and CNS signalling (Fig. 1). Taken together, it is clear that microbiota can modulate various aspects of the gut–brain axis; however, these effects are bacterial strain dependent and care must be taken in extrapolating data obtained from one organism to another.FIGURE 1: The interaction among the immune, neuronal, and endocrine components of the communication between the central nervous system and the gastrointestinal tract.A disturbance in the primary colonization or in the balance of normal intestinal microflora (or the host response to this) has been shown to play a critical role in the pathogenesis of a wide variety of intestinal and extraintestinal disorders. Bacterial colonization of the intestine plays a major role in the postnatal development and maturation of the immune nervous and endocrine systems. These processes are key factors underpinning CNS signalling and suggest a role for microbiota in the modulation of mood and behaviour (24). Microbiota plays an important role in the modulation of the hypothalamic–pituitary–adrenal axis, activated in response to a variety of physical and psychological stressors (25). One of the important coordinators of the endocrine, behavioural, and immune responses to stress is corticothropin-releasing factor (CRF). CRF has a potent effect on gut via modulation of inflammation, increase of gut permeability, contribution to visceral hypersensitivity, and modulation of the gut motility (26). Stressors in GF mice induce an exaggerated release of CRF with an abnormal activation of the hypothalamic–pituitary–adrenal axis involved in stress response. The pituitary gland responds to CRF by releasing adrenocorticotropic hormone to stimulate the adrenal glands’ secretion of cortisol. This abnormal stress response in GF mice is partially reversed by bacterial recolonisation (27). Other authors report in GF mice a reduction in anxiety behaviour and an upregulation in the expression of brain-derived neurotrophic factor, a protein involved in multiple aspects of cognitive and emotional behaviours through the modulation of new neuron and synapse growth and differentiation. A strategy using antibiotic-induced dysbiosis of the microbiota resulted in mice displaying less anxiety-like behaviour and altered protein levels of brain-derived neurotrophic factor. The discontinuation of the antibiotic cocktail restored the normal behavioural profile of the animals (28). Similar perturbation of the microbiota by administration of pathogen bacteria has been shown to increase anxiety-like behaviour and produce stress-induced memory dysfunction, reverted by daily administration of a probiotic cocktail. The human brain achieves its nearly complete neuronal capacity by birth, but brain development does not cease at birth. Rather, during infancy the brain establishes the myriad synaptic connections that provide the essential substrate for functional brain networks that underlie perception, cognition, and action. A recent study revealed that the bacterial content of the gut can modulate brain developmental pathways (29). This regulation has explicit time constraints, with a critical developmental window in the early postnatal period during which gut microbiota may modulate synaptogenesis through changes in the expression of genes whose products influence neurotransmitter modulation in the nervous system. The microbial colonization process modulates signalling mechanisms that affect neuronal circuits involved in motor and sensitive control and can influence the neural network responsible for controlling stress responsiveness. Although the microbiota exerts a broad influence on brain functions, the converse is also true. The brain can alter the microbiota through modulation of intestinal secretion, permeability, and motility, removing excessive bacteria from the lumen and preventing bacterial overgrowth (30). Signalling molecules released into the gut lumen from cells in the lamina propria that are under the control of the CNS can result in changes in GI motility and secretion as well as intestinal permeability, thus altering the GI environment in which the bacteria reside (29). There is evidence that exposure to stress may be responsible for the dysregulation of the gut–brain axis, thus leading to the different diseases of the gut. Changes in bidirectional interplay between the microbiota and the brain have been implicated in the pathophysiology of functional GI disorders, such as infant colic or irritable bowel syndrome (31) and in the pathogenesis of other GI diseases, such as inflammatory bowel disease, food antigen-related adverse responses, peptic ulcer, and gastroesophageal reflux disease (32). ROLE OF PROBIOTICS IN THE GUT–BRAIN AXIS An aberrant gut microbial composition, such as an inadequate lactobacilli level and an increased concentration of coliforms in the first months of life, may play an important role in the pathogenesis of GI stress-related disorders. Indeed, intestinal colonization by lactobacilli may be a prerequisite for normal gut–brain axis function. Growing evidence supports that the gut–brain axis is responsive in humans to a variety of nutritional interventions, including the administration of probiotics. Gut microbiota may modulate the sensory response to pain and some probiotics may inhibit hypersensitivity and perhaps intestinal permeability (33). The postulated mechanisms of action of probiotics on stressed GI mucosa include improvement of the barrier function of the epithelium, suppression of the growth and binding of pathogenic bacteria, positive effect on visceral hypersensitivity, and immunomodulatory effect. Although the exact mechanisms are not well understood, evidence is mounting to support the role of probiotic intervention in reducing anxiety and stress response, with some probiotics having the potential to lower inflammatory cytokines and decrease oxidative stress and others altering the expression of the GABA receptor in the CNS (34). Interestingly, vagotomy prevented this effect of probiotics, suggesting that parasympathetic innervation plays an important role in the transmission of information from gut to brain and also in homeostasis associated with the immune system. It is now known that specific microbes alter pain pathways in the intestine, inducing the expression of opioid and cannabinoid receptors in intestinal epithelial cells and mediating analgesic functions in the gut, similar to the effects of morphine (35). A role for the gut microbiota also has been proposed in decreasing visceral hypersensitivity through the modulation of dorsal root ganglion single-unit activity to colorectal distension (36). The benefit of supplementation with L reuteri has been reported in infants and experimental data suggest that the effect of probiotics may be related to the influence on immune response, gut motility, and pain transmission and perception (37). Despite the high number of studies using probiotics, several questions remain unanswered, such as the optimal dose, the role of combination therapy, strain-specific activity, stability within the GI tract, possible development of antibiotic resistance, and the duration of therapy. CONCLUSIONS The brain and the intestine constantly communicate with each other and the gut microbiota seems to play a critical role in this interaction. There is a time window when the gut microbiota may affect the structure and the function of the brain. Administration of probiotics may lead to behavioural changes in humans, but this conclusion warrants further investigation."
W3036962145,2020,Classification of Cancer Types Using Graph Convolutional Neural Networks,"Background: Cancer has been a leading cause of death in the United States with significant health care costs. Accurate prediction of cancers at an early stage and understanding the genomic mechanisms that drive cancer development are vital to the improvement of treatment outcomes and survival rates, thus resulting in significant social and economic impacts. Attempts have been made to classify cancer types with machine learning techniques during the past two decades and deep learning approaches more recently. Results: In this paper, we established four models with graph convolutional neural network (GCNN) that use unstructured gene expressions as inputs to classify different tumor and non-tumor samples into their designated 33 cancer types or as normal. Four GCNN models based on a co-expression graph, co-expression+singleton graph, protein-protein interaction (PPI) graph, and PPI+singleton graph have been designed and implemented. They were trained and tested on combined 10,340 cancer samples and 731 normal tissue samples from The Cancer Genome Atlas (TCGA) dataset. The established GCNN models achieved excellent prediction accuracies (89.9-94.7%) among 34 classes (33 cancer types and a normal group). In silico gene-perturbation experiments were performed on four models based on co-expression graph, co-expression+singleton, PPI graph, and PPI+singleton graphs. The co-expression GCNN model was further interpreted to identify a total of 428 markers genes that drive the classification of 33 cancer types and normal. The concordance of differential expressions of these markers between the represented cancer type and others are confirmed. Successful classification of cancer types and a normal group regardless of normal tissues’ origin suggested that the identified markers are cancer-specific rather than tissue-specific. Conclusion: Novel GCNN models have been established to predict cancer types or normal tissue based on gene expression profiles. We demonstrated the results from the TCGA dataset that these models can produce accurate classification (above 94%), using cancer-specific markers genes. The models and the source codes are publicly available and can be readily adapted to the diagnosis of cancer and other diseases by the data-driven modeling research community."
W2139249401,2013,"The International Society of Computational Biology presents: the Great Lakes Bioinformatics Conference, May 16–18, 2014, Cincinnati, Ohio","The Great Lakes Bioinformatics Consortium (GLBC) is pleased to announce its ninth annual conference, the Great Lakes Bioinformatics Conference (GLBIO), to be held May 16–18, 2014 in Cincinnati, OH. GLBIO 2014 will be hosted by Cincinnati Children’s Hospital Medical Center in conjunction with the University of Cincinnati. The conference, an official conference of the International Society for Computational Biology (ISCB), provides an interdisciplinary forum for the discussion of research findings and methods, and development of long-term relationships and networking opportunities, for researchers within the region, as well as from around the world. The program will include oral presentations, poster presentations, invited keynote speakers and tutorials. From novice to expert, attendees partake in a variety of workshops, tutorials, presentations, posters, networking events and exhibits. Keynote speakers include Gary Bader, The Donnelly Centre at the University of Toronto; Tanya Y. Berger-Wolf, Department of Computer Science, University of Illinois; Charles Brooks, University of Michigan and Mike Hawrylycz, Allen Institute for Brain Science. Hands-on tutorials will be led by Sorin Draghici, Wayne State University (advanced gene network); Anil Jegga, Children’s Hospital Medical Center, University of Cincinnati (advanced gene network); Jarek Meller, Children’s Hospital Medical Center, University of Cincinnati (an introduction to bioinformatics); Isaac Neuhaus, University of CA at San Francisco (visualization web interface JavaScript for programmers); Larsson Omberg, Sage Bionetworks (an introduction to Sage Synapys platform) and more! Interested in being a part of this dynamic group of speakers? See the GLBIO 2014 Web site for details and links, at www.iscb.org/glbio. GLBIO 2014 will also feature professional and career development sessions sponsored by Federation of American Societies of Experimental Biology (FASEB) Minority Access to Research Careers (MARC). This unique program will include a career fair, wherein students will receive career guidance (including a curriculum vitae (CV) critique) and will have the opportunity to meet with recruiters. Conference educational session topics will include Algorithm Development and Machine Learning, Bioimage Analysis, Biological Networks, Chemical Biology, Disease Models and Molecular Medicine, Evolutionary, Comparative and Metagenomics and many more! GLBIO has established a strong reputation for building relationships among a nationally prominent bioscience research community, showcasing the North American Great Lakes region as a perfect place to conduct computer-aided research in the life sciences. Of the 250 attendees of GLBIO 2013, 70% of conference attendees said they would attend the 2014 conference and 96% stated they would recommend the GLBIO conference to a colleague. For more information, please go to www.iscb.org/glbio to learn more about this exciting and unique gathering of industry experts and collegiate giants. Mark your calendar today and join us in Cincinnati at GLBIO 2014! Interested in supporting GLBIO 2014 through sponsorship or exhibiting? Please contact Stacy Slagor, Director of Corporate Relations and Development, ISCB, at [email protected]. About the Great Lakes Bioinformatics Consortium: The Great Lakes Bioinformatics Consortium strives to enhance educational opportunities and research infrastructure throughout the region, to make the Great Lakes a world leader in bioinformatics and to facilitate new discoveries in data-intensive biological research. The annual research meeting (GLBIO) serves as an informal communication and networking forum for professional development. We believe that by bringing together the Great Lakes bioinformatics community on a regular basis, many new initiatives will be born. The GLBC foresees development of regional research center grant proposals to identify central strengths for research centers in the Great Lakes region and to create funded centers for bioinformatics research. Additionally, the GLBC envisions scholarship and training investments that are focused on developing talent within the Great Lakes region. About the International Society for Computational Biology : The ISCB (www.iscb.org) is the sole society representing computational biology and bioinformatics on a worldwide scale. ISCB serves a global community of >3000 scientists who are dedicated to advancing the scientific understanding of living systems through computation. It convenes the world’s experts and future leaders in top conferences, including the Intelligent Systems in Molecular Biology (ISMB) Conference, and features journals that promote discovery and expand access to computational biology and bioinformatics. It delivers valuable information about training, education, employment and other relevant news. ISCB also provides an influential voice on government policies and scientific policies that are important to its members and to the general public."
W4287629587,2020,DeepFoldit -- A Deep Reinforcement Learning Neural Network Folding\n Proteins,"Despite considerable progress, ab initio protein structure prediction remains\nsuboptimal. A crowdsourcing approach is the online puzzle video game Foldit,\nthat provided several useful results that matched or even outperformed\nalgorithmically computed solutions. Using Foldit, the WeFold crowd had several\nsuccessful participations in the Critical Assessment of Techniques for Protein\nStructure Prediction. Based on the recent Foldit standalone version, we trained\na deep reinforcement neural network called DeepFoldit to improve the score\nassigned to an unfolded protein, using the Q-learning method with experience\nreplay. This paper is focused on model improvement through hyperparameter\ntuning. We examined various implementations by examining different model\narchitectures and changing hyperparameter values to improve the accuracy of the\nmodel. The new model hyper-parameters also improved its ability to generalize.\nInitial results, from the latest implementation, show that given a set of small\nunfolded training proteins, DeepFoldit learns action sequences that improve the\nscore both on the training set and on novel test proteins. Our approach\ncombines the intuitive user interface of Foldit with the efficiency of deep\nreinforcement learning.\n"
W2903423105,2018,Reconstructing probabilistic trees of cellular differentiation from single-cell RNA-seq data,"Until recently, transcriptomics was limited to bulk RNA sequencing, obscuring the underlying expression patterns of individual cells in favor of a global average. Thanks to technological advances, we can now profile gene expression across thousands or millions of individual cells in parallel. This new type of data has led to the intriguing discovery that individual cell profiles can reflect the imprint of time or dynamic processes. However, synthesizing this information to reconstruct dynamic biological phenomena from data that are noisy, heterogenous, and sparse---and from processes that may unfold asynchronously---poses a complex computational and statistical challenge. Here, we develop a full generative model for probabilistically reconstructing trees of cellular differentiation from single-cell RNA-seq data. Specifically, we extend the framework of the classical Dirichlet diffusion tree to simultaneously infer branch topology and latent cell states along continuous trajectories over the full tree. In tandem, we construct a novel Markov chain Monte Carlo sampler that interleaves Metropolis-Hastings and message passing to leverage model structure for efficient inference. Finally, we demonstrate that these techniques can recover latent trajectories from simulated single-cell transcriptomes. While this work is motivated by cellular differentiation, we derive a tractable model that provides flexible densities for any data (coupled with an appropriate noise model) that arise from continuous evolution along a latent nonparametric tree."
W3176500302,2019,Mouse models of hypoplastic left heart syndrome (HLHS) reveal new targets for potential intervention,"Hypoplastic left heart syndrome (HLHS) is one of the most lethal congenital heart disease (CHD), with a 30% 5‐year mortality rate after surgical palliation. Patients can succumb to heart failure and among surviving patients, neurodevelopmental delay and neurobehavioral and neurocognitive disabilities are observed at a high prevalence. While hypoxia and hemodynamic disturbance related to the structural heart defect and from cardiopulmonary bypass surgical intervention are suggested as factors driving these poor outcomes, studies over the past decade indicate they are largely attributable to as yet unidentified patient intrinsic factors. The recent recovery of mouse models of HLHS has provided some insights into the nature of such intrinsic factors. Analysis of the HLHS mutant mice have revealed HLHS has a complex genetic architecture and is profoundly genetically heterogeneous. Detailed investigation of the Ohia HLHS mutant mouse line showed HLHS arises combinatorially from mutations in two genes, Sap130 – a chromatin modifying protein in the Sin3A HDAC repressor complex, and PchdhA9 ‐ a protocadherin mediating cell‐cell adhesion. While Sap130 drives the LV hypoplasia, Pcdha9 drives the aortic valve defects and can cause bicuspid aortic valve. These findings have been validated with the production and analysis of CRISPR gene targeted mice and zebrafish models. Analyses of CHD defects in Ohia mutant mice and the emergence of HLHS during embryonic/fetal development indicated the LV hypoplasia is not hemodynamically driven, but instead is associated with cell intrinsic defects involving mitotic cell cycle arrest. Interestingly, the Ohia mutant mice also showed forebrain abnormalities involving hypoplasia of the cerebral cortex, and dysplasia of the hippocampus, corpus callosum and cerebellum, brain structures also observed to be impacted in HLHS patients. Further analysis of a floxed Sap130 allele with Emx1‐Cre targeted forebrain‐specific deletion of Sap130 yielded viable adult mice with normal heart structure but with brain abnormalities that included microcephaly, similar to findings in the Ohia mutant fetuses. This was associated with cell intrinsic defects involving loss of neural progenitors. Brain MRI and neuronal fiber tractography with diffusion tensor imaging revealed extensive alterations in neural network connectivity. Behavioral assessments further showed learning and memory deficits. Together these findings suggest a shared genetic etiology for the heart and brain defects in HLHS. This likely is mediated by cell intrinsic defects, suggesting the need to shift the focus of therapeutic intervention from hemodynamic modulation to targeting the cell intrinsic deficits associated with HLHS. Only then will it be possible to achieve substantive improvement in cardiac and neurodevelopmental outcome for HLHS. Support or Funding Information Funded by NIH Grants HL142788 and HL132024 This abstract is from the Experimental Biology 2019 Meeting. There is no full text article associated with this abstract published in The FASEB Journal ."
W2890411695,2018,Genetics and biology of prostate cancer,"Despite the high long-term survival in localized prostate cancer, metastatic prostate cancer remains largely incurable even after intensive multimodal therapy. The lethality of advanced disease is driven by the lack of therapeutic regimens capable of generating durable responses in the setting of extreme tumor heterogeneity on the genetic and cell biological levels. Here, we review available prostate cancer model systems, the prostate cancer genome atlas, cellular and functional heterogeneity in the tumor microenvironment, tumor-intrinsic and tumor-extrinsic mechanisms underlying therapeutic resistance, and technological advances focused on disease detection and management. These advances, along with an improved understanding of the adaptive responses to conventional cancer therapies, anti-androgen therapy, and immunotherapy, are catalyzing development of more effective therapeutic strategies for advanced disease. In particular, knowledge of the heterotypic interactions between and coevolution of cancer and host cells in the tumor microenvironment has illuminated novel therapeutic combinations with a strong potential for more durable therapeutic responses and eventual cures for advanced disease. Improved disease management will also benefit from artificial intelligence-based expert decision support systems for proper standard of care, prognostic determinant biomarkers to minimize overtreatment of localized disease, and new standards of care accelerated by next-generation adaptive clinical trials."
W2193170334,2016,Classification of breast cancer patients using somatic mutation profiles and machine learning approaches,"BACKGROUND: The high degree of heterogeneity observed in breast cancers makes it very difficult to classify the cancer patients into distinct clinical subgroups and consequently limits the ability to devise effective therapeutic strategies. Several classification strategies based on ER/PR/HER2 expression or the expression profiles of a panel of genes have helped, but such methods often produce misleading results due to their dynamic nature. In contrast, somatic DNA mutations are relatively stable and lead to initiation and progression of many sporadic cancers. Hence in this study, we explore the use of gene mutation profiles to classify, characterize and predict the subgroups of breast cancers. RESULTS: We analyzed the whole exome sequencing data from 358 ethnically similar breast cancer patients in The Cancer Genome Atlas (TCGA) project. Somatic and non-synonymous single nucleotide variants identified from each patient were assigned a quantitative score (C-score) that represents the extent of negative impact on the gene function. Using these scores with non-negative matrix factorization method, we clustered the patients into three subgroups. By comparing the clinical stage of patients, we identified an early-stage-enriched and a late-stage-enriched subgroup. Comparison of the mutation scores of early and late-stage-enriched subgroups identified 358 genes that carry significantly higher mutations rates in the late stage subgroup. Functional characterization of these genes revealed important functional gene families that carry a heavy mutational load in the late state rich subgroup of patients. Finally, using the identified subgroups, we also developed a supervised classification model to predict the stage of the patients. CONCLUSIONS: This study demonstrates that gene mutation profiles can be effectively used with unsupervised machine-learning methods to identify clinically distinguishable breast cancer subgroups. The classification model developed in this method could provide a reasonable prediction of the cancer patients' stage solely based on their mutation profiles. This study represents the first use of only somatic mutation profile data to identify and predict breast cancer subgroups and this generic methodology can also be applied to other cancer datasets."
W2979910146,2019,Recent advances in the detection of base modifications using the Nanopore sequencer,"DNA and RNA modifications have important functions, including the regulation of gene expression. Existing methods based on short-read sequencing for the detection of modifications show difficulty in determining the modification patterns of single chromosomes or an entire transcript sequence. Furthermore, the kinds of modifications for which detection methods are available are very limited. The Nanopore sequencer is a single-molecule, long-read sequencer that can directly sequence RNA as well as DNA. Moreover, the Nanopore sequencer detects modifications on long DNA and RNA molecules. In this review, we mainly focus on base modification detection in the DNA and RNA of mammals using the Nanopore sequencer. We summarize current studies of modifications using the Nanopore sequencer, detection tools using statistical tests or machine learning, and applications of this technology, such as analyses of open chromatin, DNA replication, and RNA metabolism."
W2971973832,2019,Classification of Brain Tumor IDH Status using MRI and Deep Learning,"Abstract Isocitrate dehydrogenase (IDH) mutation status is an important marker in glioma diagnosis and therapy. We propose a novel automated pipeline for predicting IDH status noninvasively using deep learning and T2-weighted (T2w) MR images with minimal preprocessing (N4 bias correction and normalization to zero mean and unit variance). T2w MRI and genomic data were obtained from The Cancer Imaging Archive dataset (TCIA) for 260 subjects (120 High grade and 140 Low grade gliomas). A fully automated 2D densely connected model was trained to classify IDH mutation status on 208 subjects and tested on another held-out set of 52 subjects, using 5-fold cross validation. Data leakage was avoided by ensuring subject separation during the slice-wise randomization. Mean classification accuracy of 90.5% was achieved for each axial slice in predicting the three classes of no tumor, IDH mutated and IDH wild-type. Test accuracy of 83.8% was achieved in predicting IDH mutation status for individual subjects on the test dataset of 52 subjects. We demonstrate a deep learning method to predict IDH mutation status using T2w MRI alone. Radiologic imaging studies using deep learning methods must address data leakage (subject duplication) in the randomization process to avoid upward bias in the reported classification accuracy."
W2615547322,2017,Concod: an effective integration framework of consensus-based calling deletions from next-generation sequencing data,"Detection of structural variations such as deletion with short sequence reads from next-generation sequencing is a significant but challenging problem in the field of genome analysis. This paper proposes a conceptual framework to improve the effects of calling deletions. Although the genetic sequencing tools are massively produced for the moment, not a single method clearly outperforms all other methods. At present, a widely used way of deletion detection is merging, which combined all the features to achieve more accurate deletion calling. However, most existing methods using the combining approach are heuristic and the called deletions by these tools still contain many wrongly called deletions. In this paper, we introduce Concod, an effective integration framework using machine learning to detect deletions. First, Concod collects the candidate deletions from multiple existing deletion detection tools. Then, based on the multiple detection theories, the features of candidates are extracted from sequence. Last, according to these features, a machine learning model is trained to distinguish the true and false candidates. We test our framework on different coverage of real data and make a comparison with other existing tools, including Pindel, SVseq2, BreakDancer and DELLY. Results show that Concod improves both precision and sensitivity of deletion detection significantly."
W2945484151,2019,Speaking to nature: a deep learning representational model of proteins ushers in protein linguistics,"Understanding, modifying and designing proteins require an intimate knowledge of their 3D structure. Even structure-agnostic protein engineering approaches, such as directed evolution, are limited in scope because of the vast potential sequence space and the epistatic effects that multiple mutations have on protein function. To overcome these difficulties, a holistic understanding of sequence–structure–function relationships has to be established. In their recent preprint, members of the Church Group at the Wyss Institute and collaborators describe a novel approach to predicting protein stability and functionality from raw sequence (1). Their representational model UniRep (unified representation), for the first time, demonstrates an advanced understanding of protein features by means of language modeling. Using deep learning techniques, which were recently recognized with the prestigious Turing Award, Alley et al. built a language model for proteins with amino acids as characters based on natural language processing (NLP) techniques. NLP has not only revolutionized our computational understanding of language—think for instance voice-to-text software—but has been coopted for exciting applications in synthetic biology. The recurrent neural network (RNN; a type of neural network which can process sequential inputs such as text) used by Alley et al. was trained by iteratively predicting the next amino acid given the preceding amino acids for the ∼24 million protein sequences contained in the UniRef50 database. The RNN thus gathered implicit knowledge about the context of a given amino acid and higher-level features such as secondary structure. The authors then averaged the protein representation of their RNN at every sequence position to yield a protein language representation they call UniRep. They then extended UniRep by adding representations of the final sequence position of their RNN to generate the more complete representation called ‘UniRep Fusion’, which serves as an overview of the entire protein sequence. UniRep Fusion was then used as an input for a machine learning model to predict protein stability. Notably, this architecture was more accurate than Rosetta, the de facto state-of-the-art for predicting protein stability. Their protein language representation allowed the authors to predict the relative brightness of 64 800 GFP mutants differing in as few as one amino acids. Remarkably, their predicted relative brightness values correlated strongly with experimental observation (r = 0.98). UniRep, as the representation of ∼24 million proteins, captures many phenomena of general importance for protein structure and function. These general features can be complemented by dataset-specific attributes when training on a subset of protein mutants or de novo designed proteins. This approach could for instance be adopted for screening novel proteins generated by deep learning models. Analogous to de novo designed proteins by Rosetta, generating proteins through protein language models might be most advantageous for proteins with radically new functionalities, which are unlikely to be generated by incremental directed evolution. To arrive in this virtual world of protein engineering though, more advances have to be made. It required the authors of UniRep 1 week of GPU usage to train their large model for one epoch (seeing every protein sequence in UniRef50 once). Switching from the redundancy-ridden UniRef50 database (∼24 million sequences) to preUEP (2), a redundancy-reduced protein sequence database (∼8 million sequences), might enable faster training. This reductionist approach might allow for the ‘vocabulary’ of the model to be extended from single amino acids to larger protein fragments, capturing more structural properties. In general, there are a plethora of NLP techniques developed for written languages which might be useful in protein linguistics. One particularly promising concept would be attention (3), the selective focus on sequence stretches far away from each other, which dramatically improves language models. Given that protein language may be considered one of the most natural languages by definition, modern NLP techniques could transform protein linguistics into a potent tool for the study as well as engineering of proteins for the purposes of synthetic biology."
W2908407502,2019,"Differences in Health Outcomes between Men and Women: Biological, Behavioral, and Societal Factors","In the US and almost all other high-income countries, women live longer than men. As we enter a new era in which biomedical data are increasingly ubiquitous, it will serve us well to reenvision the research needed to understand the fundamental issues that drive differences in longevity and other health outcomes between men and women. The “Fourth Industrial Revolution” in which biological, physical, and information sciences are merging opens up important possibilities. The ability to measure the entire spectrum of information about the human biological, environmental, and behavioral condition will become both routine and relatively inexpensive: from genes to genomics; from clinical data to the electronic health record and insurance claims; from digital information about behavior and social interaction to geospatial referencing. In addition, because of ubiquitous access to cell phones and the Internet, these streams of information can be accessed in real time. Amid this revolution in the global scientific and social fabric, some of the most fundamental issues in the human condition are the differences in biology, behavior, and outcomes as a function of sex and gender. Sex differences begin with a difference in a single chromosome that leads to multiple obvious physical differences, but the evolution of societies and the changing roles of individuals within societies are also important. In parallel with variation in physical and biological function, gender identity provides a related but often complex construct with distinct biological and social influences. At the beginning of any such discussion, it is useful to acknowledge that beyond the X and Y chromosomes and direct biological structural manifestations, men and women overlap much more than they differ, so that differences should be understood as occurring within a broad spectrum rather than pointing to specific distinct differences. As far as we can tell, for most of human history, men have had life spans equal to or longer than women. For example, in 1812, the estimated mean life expectancy at birth in the city of Boston was 28 years for men, and the life expectancy for women was 25 years (1). The lower life expectancy for women was attributed to the high rate of death during childbirth. The past 2 centuries, though, have seen immense progress in biomedical science and public health that has led to unprecedented extensions in life span for both men and women. Major reductions in deaths during childbirth, especially, have resulted in women having consistently higher life expectancy than men, especially in high-income countries. This trend is clearly demonstrated in the US according to data collected by the National Center for Health Statistics (Fig. 1). (A), Trends in life expectancy at birth for US individuals from 1946 to 2016. Data sourced from the National Health Statistics Center by sex. (B), Age-adjusted death rates for US individuals in 2016 by sex. Data sourced from the Centers for Disease Control and Prevention Wide-ranging Online Data for Epidemiologic Research (WONDER) Underlying Cause of Death database. CKD, chronic kidney disease; CLD, chronic lung disease; CVA, cerebrovascular accident. Recently, the US has seen a troubling reversal in the overall gains in life expectancy that have been consistently noted since the end of the Second World War. US life expectancy dropped for the second year in a row in 2016, a trend primarily driven by increases in deaths among men because of opioid overdose, suicide, and cardiometabolic disease. In addition, differences in life expectancy as a function of sex over the past decade shrank to a historical low of 4.8 years from 2010 to 2015 before widening to 5.0 in 2016 (Fig. 1). It is important to note that differences in mortality between men and women are not uniformly distributed. The pioneering “Eight Americas” work by Murray and colleagues demonstrated that when simply divided into categories by sex, race, and ethnicity, 8 distinct patterns of survival are observed, with more than a decade's difference in life expectancy between Asian women and African American men (2). More recently, distinct geographical patterns in the US have been observed, driven by differences in wealth, educational level, sex, race, and ethnicity (3). These in turn seem to drive differences in key biological and behavioral measures, including blood pressure, lipid concentrations, tobacco use, and obesity (with resulting diabetes mellitus). This sobering reversal in mean life expectancy—one driven by excess deaths among men—and exacerbation of lifestyle and biological interactions calls for a critical appraisal of the state of men's health and the differences between men and women in the US and around the world. The longer life span of women seen in wealthy countries in the modern era has been frequently attributed to fixed genetic or hormonal causes (4). Several theories have postulated that a higher male birth rate among humans might contribute to unspecified evolutionary pressure for shorter male life spans. It has also been suggested that the additional X chromosome in women may represent a “backup” in case genetic abnormalities occur. Many believe that endogenous estrogen confers a beneficial cardiovascular effect, leading to lower cardiovascular mortality among younger women. A higher risk for infections among men has also been postulated as an additional factor contributing to male–female life span discrepancies (5). However, there is a growing consensus that biological mechanisms alone explain only a part of the difference in life spans. Wide variation occurs in the difference in outcomes between men and women, not just between countries but within countries; these variations point to additional factors being at play. Increasingly, male behavior rather than male biology is seen as a major reason for the relatively poor health of men, although at least some deleterious male behaviors may have biological origins. For instance, the male sex hormone testosterone increases the propensity for risk-taking and aggression. According to 2016 data from the Centers for Disease Control and Prevention's Wide-ranging Online Data for Epidemiologic Research (WONDER) Underlying Cause of Death database, men were far more likely than women to die in accidents such as motor vehicle accidents or drownings (Fig. 1). Furthermore, although men are less likely than women to attempt suicide, the means they choose are usually violent and frequently involve firearms (6), another reason why the age-adjusted rate of suicide is much higher in men than women. Poor health-seeking behaviors play a significant role in men failing to access potentially lifesaving healthcare in a timely fashion (7). Men are less likely than women to seek medical or mental healthcare (7). On average, men also exhibit more “restricted emotional expression,” which limits their expression of negative emotions (7). Therefore, even as men may be experiencing distress from psychological illness, they may be less likely to disclose this to friends, family, or healthcare providers. A wide spectrum of adverse psychological reactions to sickness deters men from being seen as needing assistance or care, including embarrassment, denial/minimization of symptoms, negative attitudes toward help-seeking, and poor communication and understanding of medical issues (7). Adverse health-seeking behaviors among men are most likely not fixed but rather actively developed and molded by societal factors in combination with genetic predispositions. This is reflected in a content analysis of men's magazines, which are noted to reinforce traditional hegemonic masculine ideals (8). In men's magazines, men are more often positioned as “self-reliant, independently knowledgeable, stoic and avoiding associations with femininity” (8). In another analysis, older men were largely absent from men's magazines (9). When older men were depicted, they were usually famous and successful celebrities, and there were few discussions about the health challenges men face as they age. However, there is some evidence that the masculine identity can be effectively molded into one that is more likely to practice healthier health habits. The rejection of help and the denial of weakness has been noted to be a core part of Western male cultural identity and is largely ubiquitous in other cultures, albeit with some notable exceptions (10). Even among men, significant disparities result in widely discordant health outcomes. In the US, black men have much shorter life spans than white men and are much more likely to die of cardiovascular disease, cancer, diabetes, cerebrovascular disease, chronic kidney disease, and sepsis (Fig. 2). Much of this increased burden of disease is directly related to socioeconomic, environmental, and behavioral factors. These factors also shape the ideas of masculinity affecting black men, who are much more likely to die of assault and homicide than white men. (A), Trends in life expectancy at birth for US males from 1946 to 2016. Data sourced from the National Health Statistics Center by race. (B), Age-adjusted death rates for US males in 2016 by race. Data sourced from the Centers for Disease Control and Prevention Wide-ranging Online Data for Epidemiologic Research (WONDER) Underlying Cause of Death database. CKD, chronic kidney disease; CLD, chronic lung disease; CVA, cerebrovascular accident. The poor health-seeking behaviors that men exhibit at an individual scale are also visible at a macroscopic scale, leading to relatively poor recognition and advocacy of men's health. Importantly, women's health research advocacy has migrated to focus much more on sex and gender differences (11). Initiatives to improve men's health, however, are much less visible than women's health efforts. We believe such initiatives should focus on modifiable behaviors and should span the entire spectrum of male lives, starting with childhood upbringing and conceptions of what constitutes appropriate expressions of masculinity. This is an area ripe for public–private partnerships aimed at helping men become more skilled at taking care of others and better at taking care of themselves as well. Such an initiative could be part of a research enterprise that addresses the sex survival gap as a multifactorial issue that includes biological, psychological, and psychobiological issues. The complexity of outcomes related to sex is exemplified by differences in outcomes for cardiovascular disease. On average, men develop vascular disease a decade sooner than women and die at a younger age from heart disease, but when women develop ischemic heart disease, their risk of death is similar to or greater than men's (12). As they age, men tend to develop atherosclerosis and dilated hearts, whereas women are much more likely to develop heart failure with preserved systolic function (12). Women are also much more likely to have ischemia without obstructive coronary lesion, a condition that has been the subject of intense study recently (13). Many studies have observed differences in outcomes between men and women with an acute coronary syndrome or in the setting of revascularization. Although women are less likely to have an ischemic event when adjusted for age, once an acute event occurs, women have worse outcomes than men (12). Atypical symptoms are more common in women, an issue thought to lead to delays in administering key acute care therapies (14). The smaller arterial diameter and size of cardiac structures in women is thought to lead to the higher risk of acute complications after surgical and percutaneous coronary revascularization in women (15, 16). Women also have a higher risk of bleeding with the anticoagulant therapy that is often required in cardiovascular intervention (17). A clear example of the interaction between cultural factors and biology was observed in the PURSUIT trial, which enrolled patients with acute coronary syndrome (18). In this trial, a benefit of the drug eptifibatide was observed in men, but the effect in women was negligible, and no benefit was observed in South American women compared with North American women. Analysis of treatment patterns revealed that although eptifibatide was particularly effective in reducing events in the setting of coronary intervention, South American women were much less likely to be referred for revascularization than were North American women. Another interesting example was the early finding that men were more often referred for coronary artery bypass grafting than women (19). Although this was a manifestation of sex bias, deeper investigation found that the excess male referral may have led to unnecessary procedures that exposed men to excess risk. In both cases, the intersection of social and biological factors led to suboptimal clinical practice that was amenable to improvement. As we enter the era of digital ubiquity, we are no longer fundamentally limited in the measurement, storage, and analysis of complex data. Several key areas are now approachable because of these changes. Expanded computing power and the advent of cloud computing, coupled with the ability to use sensors that can integrate continuously captured information over time, open up the opportunity to understand these differences throughout the life span. Previous limitations in the ability to acquire, store, curate, and analyze information have meant that most studies of disparities focused on a limited population or data set. Now we can integrate biomolecular, clinical, and digital information, including geospatial orientation. The development of the fetus and child has been the topic of intense interest, but study has been limited because of the complexity and risk of measurement in the intrauterine environment, as well as the rapidly changing biology of the infant and child. The ability to measure intrauterine biology, use noninvasive imaging, and model the fetal–maternal interaction should provide a new era of understanding of the development of men and women at this critical phase of life. The second major area of interest is the interaction of the evolving biology of male and female gender roles in the context of social interactions at a young age that may shape self-image and societal perceptions. Previous limitations in the time dimension of the data available in this area of research have relegated studies in this arena to slices of information, pieced together through analyses that depend on extrapolations. However, new techniques such as machine learning and natural language processing can now be used to interrogate behavioral and social interactions on a large scale. A third area is that as the issue of gender identity has come under more objective study, it is clear a continuum exists but the parameters are poorly defined, as are the appropriate times and circumstances for medical and surgical interventions. Finally, the ways that men and women interact with the healthcare delivery system and the many cues about health in the context of a plethora of measurements may lead to the development of behavioral interventions designed to optimize how men and women access the health system. Furthermore, tailoring interventions to the individual—a hallmark of “personalized medicine”—will also necessarily include the elements of sex and gender differences. Differences in symptoms, diagnostic strategies, and intervention rates are amenable to objective study, and specific interventions to deal with differences known to occur in areas such as complication rates of revascularization and valvular intervention or incidence of bleeding from anticoagulant therapy may benefit from incorporating sex-specific approaches or analyses that enable a better understanding of differences. In summary, although men and women face many similar health concerns, they also face unique challenges. As we expand our awareness of and response to these issues, it will be important to study sex and gender differences not only in terms of biological differences but also in terms of behavioral and societal factors. The advent of big data, biosensors, global communications, and modern analytics provides an opportunity to accelerate the understanding of the biological, behavioral, and social differences between men and women and apply that understanding to improved care and prevention."
W4230727741,2017,Extracting compact representation of knowledge from gene expression data for protein-protein interaction,"DNA microarrays help measure the expression levels of thousands of genes concurrently. A major challenge is to extract biologically relevant information and knowledge from massive amounts of microarray data. In this paper, we explore learning a compact representation of gene expression profiles by using a multi-task neural network model, so that further analyses can be carried out more efficiently on the data. The proposed network is trained with prediction tasks for Protein-Protein Interactions (PPIs), predicting Gene Ontology (GO) similarities as well as geometrical constrains, while simultaneously learning a high-level representation of gene expression data. We argue that deep networks can extract more information from expression data as compared to standard statistical models. We tested the utility of our method by comparing its performance with famous feature extraction and dimensionality reduction methods on the task of PPI prediction, and found the results to be promising."
W2008543193,2012,Epigenetic Control of Reprogramming and Cellular Differentiation,"Recently, numerous interdisciplinary approaches that include integration of bioinformatics, epigenetics, and molecular and cellular biology have started to shed light on the complex dynamics that regulate cellular processes such as cell “stemness,” reprogramming, and differentiation. From the sequencing of the first complete genomes to the recent high-throughput genomic and proteomic approaches, a huge amount of information has been generated to improve our understanding of how the eukaryotic genome works to activate and coordinate specific programs of gene expression.

The focus of this review is to provide an overview of the epigenetic regulatory mechanisms controlling crucial cellular fate decisions, in particular during differentiation and reprogramming. A special emphasis has been given to skeletal myogenesis, as it provides an amenable model for in vitro and in vivo studies.

Y. Ito et al. in “A system approach and skeletal myogenesis” provide an overview of the most common approaches currently used to address transcriptional regulation. They discuss deep sequencing and microarray-based methods, cell-based high throughput assays, and the generation of in situ gene expression databases as potent tools to dissect complex networks of gene expression. Using skeletal muscle as a paradigm, they highlight the main discoveries obtained through the different methods and underline the advantages of an integrated approach to obtain a full picture of cellular differentiation. 

An increasing number of studies suggest an epigenetic component in the development of many human diseases. In the review article “Epigenetic alterations in muscular disorders,” Dr. C. Lanzuolo discusses how altered epigenetic mechanisms contribute to human pathology and in particular to the development and progression of neuromuscular disorders. Muscular dystrophies arise from either mutations of proteins that play a role in the integrity of the sarcolemma—the plasma membrane that wraps the myofibers in skeletal muscles—or are due to a dysfunction within the cell nucleus. Dr. C. Lanzuolo focuses on the so-called nuclear muscular dystrophies and she analyzes the possible contribution of an important group of epigenetic modifiers, the polycomb-group (PcG) complexes, to the pathogenesis of these diseases. The dissection of the aberrant epigenetic profiles associated to several human pathologies has contributed to the design of experimental therapies with epigenetic drugs.

The review “Tackling skeletal muscle cells epigenome in the next-generation sequencing era” by R. Fittipaldi and G. Caretti points to the significance of genome-wide study of the epigenetic modifications and the transcription factors that are activated during skeletal muscle differentiation. The authors discuss on the new genome-wide technologies to monitor the epigenetic landscape that characterizes myoblast-to-myotube transition in order to obtain innovative information on molecular mechanisms orchestrating biological processes, such myogenic differentiation.

The fine regulation of a myogenic gene such as myogenin is discussed in “Turning on myogenin in muscle: A paradigm for understanding mechanisms of tissue-specific gene expression” by H. Faralli and F. J. Dilworth. Transcription factors, cofactors, and epigenetic modifications contribute to regulate muscle-specific gene expression during development. In particular, the authors highlight the fact that a tissue-specific factors such as MyoD cooperate with more ubiquitously expressed proteins (Six4, Mef2, and Pbx1) to establish a transcriptionally permissive environment to ensure proper spatiotemporal myogenin expression.

The current challenge of epigenetics is how to analyse and extract biological knowledge from the large volumes of data produced with new high-throughput technologies. In this regard, the paper of S. Althammer et al., “Predictive models of gene regulation from high-throughput epigenomics data” describes a computational framework using integrative tools and machine learning algorithms that facilitate the systematic analysis of high-throughput sequencing epigenetic data for integrative studies. Their analysis shows a different epigenetic code of expression for intron-less and intron-containing genes, with more prominent differences for genes with low GC content (LGC) in their promoter, showing for instance that at the promoter regions of LGC intron-less genes, H3K36me3 and H3K4me1 are the most informative marks while in polyadenylation sites of expressed genes, the H3K36me3 signal is much weaker than in intron-containing genes. Based on epigenetic data, their model predicts very strongly gene expression between two conditions; therefore, this approach can be applied to study gene expression in different developmental stages, disease states, or treatments.

Of tremendous relevance for its therapeutic potential, is the possibility to manipulate cell identity. In the review titled “The stability of the induced epigenetic programs”, M. J. Barrero discusses the epigenetic changes that occur during differentiation and the way back upon cellular reprogramming emphasizing on the thin regulation of pluripotent and lineage-specific genes expression to ensure a correct differentiation during development and in adult life.

“The epigenetic regulation of B lymphocyte differentiation, transdifferentiation, and reprogramming” by B. Barneda-Zahonero et al. reviews the hierarchical network of transcription factors that mediate the epigenetic signature regulating the transcriptome during B cell development. B lymphocytes are highly specialized terminally differentiated cells responsible for generating high-affinity antibodies, providing the humoral immunity against pathogens. Every day the human body generates millions of B lymphocytes from precursor hematopoietic stem cells by a differentiation process that is a tightly regulated. This multistep differentiation process, vital to immunity, combines the successive expression of specific transcriptional factors and associated epigenetic changes to restrict the developmental potential of lymphoid progenitors to the B cell pathway by repressing B-lineage-inappropriate genes, while simultaneously promoting B cell development by activating B-lymphoid-specific genes. 


Lucia Latella

Daniela Palacios

Sonia Forcales

Pier Lorenzo Puri"
W2913220806,2019,A hybrid gene selection algorithm based on interaction information for microarray-based cancer classification,"We address gene selection and machine learning methods for cancer classification using microarray gene expression data. Due to the high dimensionality of microarray data, traditional gene selection algorithms are filter-based, focusing on intrinsic properties of the data such as distance, dependency, and correlation. These methods are fast but select far too many genes to use for the classification task. In this work, we present a new hybrid filter-wrapper gene subset selection algorithm that is an improved modification of our prior algorithm. Our proposed method employs interaction information to rank candidate genes to add into a gene subset. It then conditionally adds one gene at a time into the current subset and verifies whether the resultant subset improves the classification performance significantly. Only significant genes are selected, and the candidate gene list is updated every time a gene is added to the subset. Thus, our gene selection algorithm is very dynamic. Experimental results on ten public cancer microarray data sets show that our method consistently outperforms prior gene selection algorithms in terms of classification accuracy, while requiring a small number of selected genes."
W3006747104,2020,Tumour gene expression signature in primary melanoma predicts long-term outcomes: A prospective multicentre study,"Abstract Purpose Predicting outcomes after resection of primary melanoma remains crude, primarily based on tumour thickness. We explored gene expression signatures for their ability to better predict outcomes. Methods Differential expression analysis of 194 primary melanomas resected from patients who either developed distant metastasis (n=89) or did not (n=105) was performed. We identified 121 metastasis-associated genes that were included in our prognostic signature, “Cam_121”. Several machine learning classification models were trained using nested leave- one-out cross validation (LOOCV) to test the signature’s capacity to predict metastases, as well as regression models to predict survival. The prognostic accuracy was externally validated in two independent datasets. Results Cam_121 performed significantly better in predicting distant metastases than any of the models trained with the clinical covariates alone (p Accuracy =4.92×10 −3 ), as well as those trained with two published prognostic signatures. Cam_121 expression score was strongly associated with progression-free survival (HR=1.7, p=3.44×10 −6 ), overall survival (HR=1.73, p=7.71×10 −6 ) and melanoma-specific survival (HR=1.59, p=0.02). Cam_121 expression score also negatively correlated with measures of immune cell infiltration (ρ=−0.73, p<2.2×10 −16 ), with a higher score representing reduced tumour lymphocytic infiltration and a higher absolute 5-year risk of death in stage II melanoma. Conclusions The Cam_121 primary melanoma gene expression signature outperformed currently available alternatives in predicting the risk of distant recurrence. The signature confirmed (using unbiased approaches) the central prognostic importance of immune cell infiltration in long-term patient outcomes and could be used to identify stage II melanoma patients at highest risk of metastases and poor survival who might benefit most from adjuvant therapies. Translational relevance Predicting outcomes after resection of primary melanoma is currently based on traditional histopathological staging, however survival outcomes within these disease stages varies markedly. Since adjuvant systemic therapies are now being used routinely, accurate prognostic information is needed to better risk stratify patients and avoid unnecessary use of high cost, potentially harmful drugs, as well as to inform future adjuvant strategies. The Cam_121 gene expression signature appears to have this capability and warrants evaluation in prospective clinical trials."
W3003747214,2020,Iterative transfer learning with neural network for clustering and cell type classification in single-cell RNA-seq analysis,"Abstract An important step in single-cell RNA-seq (scRNA-seq) analysis is to cluster cells into different populations or types. Here we describe ItClust, an I terative T ransfer learning algorithm with neural network for scRNA-seq Clust ering. ItClust learns cell type knowledge from well-annotated source data, but also leverages information in the target data to make it less dependent on the source data quality. Through extensive evaluations using datasets from different species and tissues generated with diverse scRNA-seq protocols, we show that ItClust significantly improves clustering and cell type classification accuracy compared to popular unsupervised clustering and supervised cell type classification algorithms."
W2306116078,2010,Scalable customized machine learning models motivated by pharmaceutical chemistry applications,"This dissertation deals with two aspects in drug discovery: the identification of screening hits (finding compounds that are effective at modulating a disease-specific biological pathway) and the analysis of the metabolic liability properties of compounds (their ability to withstand degradation in the liver). The models and algorithms developed in this work for this application are focused on two particular properties: customization (models formulated to answer specific questions) and linear scalability (computational effort in model calculation is proportional to sample size).
Drug discovery is focused on developing new medicines to treat a wide range of medical conditions. Getting a single drug approved is a lengthy and expensive procedure. Mathematical modeling using recent learning techniques from data are being exploited to shave off time and cost from this process. This dissertation develops linearly scalable customized techniques to extract better quality information from experimental data and calculates robust models to explain chemical phenomena in pharmaceutical datasets and make predictions on new compounds.
This work finds that improved performance results from adopting modeling approaches that are customized to specific applications and develops linearly scalable algorithms, a necessary feature when working with increasingly large datasets generated by computational chemists and stemming from other applications. 
Motivated by the need for accurate metabolic liability modeling, this dissertation develops a paradigm called multiple-instance ranking (MIRank). The underlying datasets present three levels of structure: compounds, potential sites of metabolic liability and atoms. Accuracy is measured at the compound level, while the response is known at the site level and features are computed at the atomic level. Exploiting this special structure results in MIRank outperforming other state-of-the-art formulations for metabolic liability modeling and other real and synthetic datasets. Multiple instance ranking is tested on other real and synthetic datasets, and further application areas for MIRank are identified.
Multiple-instance learning (MIL) problems (including MIRank) are nonconvex. This dissertation implements and adapts a nonsmooth nonconvex subgradient method that is little-known to the machine learning community. Empirical results display linear scalability on the class of MIL problems. This fast algorithm permits the model parameter estimation on a large number of datasets that possess more samples and features, and affords using kernel functions for nonlinear modeling.
This dissertation identifies limitations to least-squares curve fitting of the nonlinear Hill equation to quantitative high-throughput screening (qHTS) datapoints. A customized technique called DK-fitter is proposed that injects domain knowledge (or prior knowledge) into the curve-fitting process. A new validation technique objectively demonstrates the superiority of DK-fitter over the standard least-squares approach.
Finally, this dissertation performs screening hit identification using computers. This work applies quantile regression, widely used in econometrics and ecology, as a well-suited modeling framework for this problem, and finds that generated lists of predicted top-active compounds contain up to 17 times more true positives than a random model.
Models that are presented in this dissertation possess improved predictive and generalization ability over previously published ones (to the extent that comparisons are possible) and/or validated on standard real and synthetic data from the literature. Some models display performances that are competitive with the literature, but are calculated using faster algorithms. Tight experimental designs were implemented so as to produce robust models that generalize well. This dissertation advances the state-of-the-art in nonconvex subgradient methods, nonlinear curve fitting and drug discovery modeling."
W3014097457,2020,MI-MAAP: marker informativeness for multi-ancestry admixed populations,"BACKGROUND: Admixed populations arise when two or more previously isolated populations interbreed. A powerful approach to addressing the genetic complexity in admixed populations is to infer ancestry. Ancestry inference including the proportion of an individual's genome coming from each population and its ancestral origin along the chromosome of an admixed population requires the use of ancestry informative markers (AIMs) from reference ancestral populations. AIMs exhibit substantial differences in allele frequency between ancestral populations. Given the huge amount of human genetic variation data available from diverse populations, a computationally feasible and cost-effective approach is becoming increasingly important to extract or filter AIMs with the maximum information content for ancestry inference, admixture mapping, forensic applications, and detecting genomic regions that have been under recent selection. RESULTS: To address this gap, we present MI-MAAP, an easy-to-use web-based bioinformatics tool designed to prioritize informative markers for multi-ancestry admixed populations by utilizing feature selection methods and multiple genomics resources including 1000 Genomes Project and Human Genome Diversity Project. Specifically, this tool implements a novel allele frequency-based feature selection algorithm, Lancaster Estimator of Independence (LEI), as well as other genotype-based methods such as Principal Component Analysis (PCA), Support Vector Machine (SVM), and Random Forest (RF). We demonstrated that MI-MAAP is a useful tool in prioritizing informative markers and accurately classifying ancestral populations. LEI is an efficient feature selection strategy to retrieve ancestry informative variants with different allele frequency/selection pressure among (or between) ancestries without requiring computationally expensive individual-level genotype data. CONCLUSIONS: MI-MAAP has a user-friendly interface which provides researchers an easy and fast way to filter and identify AIMs. MI-MAAP can be accessed at https://research.cchmc.org/mershalab/MI-MAAP/login/."
W1973555755,2012,Aluminum tolerance association mapping in triticale,"BACKGROUND: Crop production practices and industrialization processes result in increasing acidification of arable soils. At lower pH levels (below 5.0), aluminum (Al) remains in a cationic form that is toxic to plants, reducing growth and yield. The effect of aluminum on agronomic performance is particularly important in cereals like wheat, which has promoted the development of programs directed towards selection of tolerant forms. Even in intermediately tolerant cereals (i.e., triticale), the decrease in yield may be significant. In triticale, Al tolerance seems to be influenced by both wheat and rye genomes. However, little is known about the precise chromosomal location of tolerance-related genes, and whether wheat or rye genomes are crucial for the expression of that trait in the hybrid. RESULTS: A mapping population consisting of 232 advanced breeding triticale forms was developed and phenotyped for Al tolerance using physiological tests. AFLP, SSR and DArT marker platforms were applied to obtain a sufficiently large set of molecular markers (over 3000). Associations between the markers and the trait were tested using General (GLM) and Multiple (MLM) Linear Models, as well as the Statistical Machine Learning (SML) approach. The chromosomal locations of candidate markers were verified based on known assignments of SSRs and DArTs or by using genetic maps of rye and triticale.Two candidate markers on chromosome 3R and 9, 15 and 11 on chromosomes 4R, 6R and 7R, respectively, were identified. The r2 values were between 0.066 and 0.220 in most cases, indicating a good fit of the data, with better results obtained with the GML than the MLM approach. Several QTLs on rye chromosomes appeared to be involved in the phenotypic expression of the trait, suggesting that rye genome factors are predominantly responsible for Al tolerance in triticale. CONCLUSIONS: The Diversity Arrays Technology was applied successfully to association mapping studies performed on triticale breeding forms. Statistical approaches allowed the identification of numerous markers associated with Al tolerance. Available rye and triticale genetic maps suggested the putative location of the markers and demonstrated that they formed several linked groups assigned to distinct chromosomes (3R, 4R, 6R and 7R). Markers associated with genomic regions under positive selection were identified and indirectly mapped in the vicinity of the Al-tolerant markers. The present findings were in agreement with prior reports."
W3117835019,2020,"Synthesis, Pharmacological, and Biological Evaluation of 2-Furoyl-Based MIF-1 Peptidomimetics and the Development of a General-Purpose Model for Allosteric Modulators (ALLOPTML)","This work describes the synthesis and pharmacological evaluation of 2-furoyl-based Melanostatin (MIF-1) peptidomimetics as dopamine D 2 modulating agents. Eight novel peptidomimetics were tested for their ability to enhance the maximal effect of tritiated N -propylapomorphine ([ 3 H]-NPA) at D 2 receptors (D 2 R). In this series, 2-furoyl- l -leucylglycinamide ( 6a ) produced a statistically significant increase in the maximal [ 3 H]-NPA response at 10 pM (11 ± 1%), comparable to the effect of MIF-1 (18 ± 9%) at the same concentration. This result supports previous evidence that the replacement of proline residue by heteroaromatic scaffolds are tolerated at the allosteric binding site of MIF-1. Biological assays performed for peptidomimetic 6a using cortex neurons from 19-day-old Wistar-Kyoto rat embryos suggest that 6a displays no neurotoxicity up to 100 μM. Overall, the pharmacological and toxicological profile and the structural simplicity of 6a makes this peptidomimetic a potential lead compound for further development and optimization, paving the way for the development of novel modulating agents of D 2 R suitable for the treatment of CNS-related diseases. Additionally, the pharmacological and biological data herein reported, along with >20 000 outcomes of preclinical assays, was used to seek a general model to predict the allosteric modulatory potential of molecular candidates for a myriad of target receptors, organisms, cell lines, and biological activity parameters based on perturbation theory (PT) ideas and machine learning (ML) techniques, abbreviated as ALLOPTML. By doing so, ALLOPTML shows high specificity Sp = 89.2/89.4%, sensitivity Sn = 71.3/72.2%, and accuracy Ac = 86.1%/86.4% in training/validation series, respectively. To the best of our knowledge, ALLOPTML is the first general-purpose chemoinformatic tool using a PTML-based model for the multioutput and multicondition prediction of allosteric compounds, which is expected to save both time and resources during the early drug discovery of allosteric modulators."
W2547627681,2012,FS-XCS vs. GRD-XCS: An analysis using high-dimensional DNA microarray gene expression data sets,"Abstract. XCS, a Genetic Based Machine Learning model that combines reinforcement learning with evolutionary algorithms to evolve a population of classifiers in the form of condition-action rules, has been used successfully for many classification tasks. However, like many other machine learning algorithms, XCS becomes less effective when it is applied to high-dimensional data sets. In this paper, we present an analysis of two XCS extensions – FS-XCS and GRD-XCS – in an attempt to overcome the dimensionality issue. FS-XCS is a standard combination of a feature selection method and XCS. As for GRD-XCS, we use feature quality information to bias the evolutionary operators without removing any features from the data sets. Comprehensive numerical simulation experiments show that both approaches can effectively enhance the learning performance of XCS. While GRD-XCS has obtained significantly more accurate classification results than FS-XCS, the latter has produced much quicker execution times than the former. 1"
W3081554574,2020,Investigating Core Signaling Pathways of Hepatitis B Virus Pathogenesis for Biomarkers Identification and Drug Discovery via Systems Biology and Deep Learning Method,"Hepatitis B Virus (HBV) infection is a major cause of morbidity and mortality worldwide. However, poor understanding of its pathogenesis often gives rise to intractable immune escape and prognosis recurrence. Thus, a valid systematic approach based on big data mining and genome-wide RNA-seq data is imperative to further investigate the pathogenetic mechanism and identify biomarkers for drug design. In this study, systems biology method was applied to trim false positives from the host/pathogen genetic and epigenetic interaction network (HPI-GEN) under HBV infection by two-side RNA-seq data. Then, via the principal network projection (PNP) approach and the annotation of KEGG (Kyoto Encyclopedia of Genes and Genomes) pathways, significant biomarkers related to cellular dysfunctions were identified from the core cross-talk signaling pathways as drug targets. Further, based on the pre-trained deep learning-based drug-target interaction (DTI) model and the validated pharmacological properties from databases, i.e., drug regulation ability, toxicity, and sensitivity, a combination of promising multi-target drugs was designed as a multiple-molecule drug to create more possibility for the treatment of HBV infection. Therefore, with the proposed systems medicine discovery and repositioning procedure, we not only shed light on the etiologic mechanism during HBV infection but also efficiently provided a potential drug combination for therapeutic treatment of Hepatitis B."
W2980469091,2019,Targeting the Versatile Wnt/β-Catenin Pathway in Cancer Biology and Therapeutics: From Concept to Actionable Strategy,"This expert review offers a critical synthesis of the latest insights and approaches at targeting the Wnt/β-catenin pathway in various cancers such as colorectal cancer, melanoma, leukemia, and breast and lung cancers. Notably, from organogenesis to cancer, the Wnt/β-catenin signaling displays varied and highly versatile biological functions in animals, with virtually all tissues requiring the Wnt/β-catenin signaling in one way or the other. Aberrant expression of the members of the Wnt/β-catenin has been implicated in many pathological conditions, particularly in human cancers. Mutations in the Wnt/β-catenin pathway genes have been noted in diverse cancers. Biochemical and genetic data support the idea that inhibition of Wnt/β-catenin signaling is beneficial in cancer therapeutics. The interaction of this important pathway with other signaling systems is also noteworthy, but remains as an area for further research and discovery. In addition, formation of different complexes by components of the Wnt/β-catenin pathway and the precise roles of these complexes in the cytoplasmic milieu are yet to be fully elucidated. This article highlights the latest medical technologies in imaging, single-cell omics, use of artificial intelligence (e.g., machine learning techniques), genome sequencing, quantum computing, molecular docking, and computational softwares in modeling interactions between molecules and predicting protein-protein and compound-protein interactions pertinent to the biology and therapeutic value of the Wnt/β-catenin signaling pathway. We discuss these emerging technologies in relationship to what is currently needed to move from concept to actionable strategies in translating the Wnt/β-catenin laboratory discoveries to Wnt-targeted cancer therapies and diagnostics in the clinic."
W2802454641,2018,Association between angiogenesis and cytotoxic signatures in the tumor microenvironment of gastric cancer,"Background: A suppressive immune microenvironment and pathological angiogenesis are hallmarks of gastric cancer. Theoretically, immune checkpoint inhibitors (ICIs) stimulate pre-primed neoantigen-specific T cells, and antiangiogenic agents then facilitate their infiltration into the tumor niche by promoting vascular normalization. Currently, the interconnections of these two phenotypes and their relevance to the tumor microenvironment (TME) have not been fully characterized in gastric cancer. Materials and methods: Transcriptome profiling data retrieved from The Cancer Genome Atlas (TCGA) database were used to deconvolute the feature of TME for gastric cancer (N = 375). Machine learning, correlation, and prognosis analysis were applied to elucidate the correlations between angiogenesis, cytotoxic T lymphocyte infiltration, and patient survival. Results: Substantial heterogeneous infiltration of immune cell populations among cases was observed. Furthermore, among targetable pathways, angiogenesis was identified as the dominant factor in discriminating different infiltration statuses. Most importantly, the angiogenesis pathway was negatively correlated with the amount of activated CD8 + T cells only for patients with a higher infiltration, and the concomitance of low angiogenesis signaling and highly activated CD8 + T-cell infiltration was associated with a significant survival benefit. Conclusion: Our findings demonstrated a negative correlation between angiogenesis signaling and cytotoxic function in gastric cancer patients with a highly infiltrated immune niche. These data provided a rationale for potential combination strategy and further clinical investigations of ICIs plus antiangiogenesis agents for patients with gastric cancer with an inflamed TME. Keywords: gastric cancer, immune microenvironment, TCGA, angiogenesis, therapeutic implications"
W2623527204,2017,ADMET Evaluation in Drug Discovery. Part 17: Development of Quantitative and Qualitative Prediction Models for Chemical-Induced Respiratory Toxicity,"As a dangerous end point, respiratory toxicity can cause serious adverse health effects and even death. Meanwhile, it is a common and traditional issue in occupational and environmental protection. Pharmaceutical and chemical industries have a strong urge to develop precise and convenient computational tools to evaluate the respiratory toxicity of compounds as early as possible. Most of the reported theoretical models were developed based on the respiratory toxicity data sets with one single symptom, such as respiratory sensitization, and therefore these models may not afford reliable predictions for toxic compounds with other respiratory symptoms, such as pneumonia or rhinitis. Here, based on a diverse data set of mouse intraperitoneal respiratory toxicity characterized by multiple symptoms, a number of quantitative and qualitative predictions models with high reliability were developed by machine learning approaches. First, a four-tier dimension reduction strategy was employed to find an optimal set of 20 molecular descriptors for model building. Then, six machine learning approaches were used to develop the prediction models, including relevance vector machine (RVM), support vector machine (SVM), regularized random forest (RRF), extreme gradient boosting (XGBoost), naïve Bayes (NB), and linear discriminant analysis (LDA). Among all of the models, the SVM regression model shows the most accurate quantitative predictions for the test set ( q 2 ext = 0.707), and the XGBoost classification model achieves the most accurate qualitative predictions for the test set (MCC of 0.644, AUC of 0.893, and global accuracy of 82.62%). The application domains were analyzed, and all of the tested compounds fall within the application domain coverage. We also examined the structural features of the compounds and important fragments with large prediction errors. In conclusion, the SVM regression model and the XGBoost classification model can be employed as accurate prediction tools for respiratory toxicity."
W3048827317,2020,Variational Autoencoder for Generation of Antimicrobial Peptides,"Over millennia, natural evolution has allowed for the emergence of countless biomolecules with highly specific roles within natural systems. As seen with peptides and proteins, often evolution produces molecules with a similar function but with variable amino acid composition and structure but diverging from a common ancestor, which can limit sequence diversity. Using antimicrobial peptides as a model biomolecule, we train a generative deep learning algorithm on a database of known antimicrobial peptides to generate novel peptide sequences with antimicrobial activity. Using a variational autoencoder, we are able to generate a latent space plot that can be surveyed for peptides with known properties and interpolated across a predictive vector between two defined points to identify novel peptides that show dose-responsive antimicrobial activity. These proof-of-concept studies demonstrate the potential for artificial intelligence-directed methods to generate new antimicrobial peptides and motivate their potential application toward peptide and protein design without the need for exhaustive screening of sequence libraries."
W2111363946,2012,The gradient boosting algorithm and random boosting for genome-assisted evaluation in large data sets,"In the next few years, with the advent of high-density single nucleotide polymorphism (SNP) arrays and genome sequencing, genomic evaluation methods will need to deal with a large number of genetic variants and an increasing sample size. The boosting algorithm is a machine-learning technique that may alleviate the drawbacks of dealing with such large data sets. This algorithm combines different predictors in a sequential manner with some shrinkage on them; each predictor is applied consecutively to the residuals from the committee formed by the previous ones to form a final prediction based on a subset of covariates. Here, a detailed description is provided and examples using a toy data set are included. A modification of the algorithm called ""random boosting"" was proposed to increase predictive ability and decrease computation time of genome-assisted evaluation in large data sets. Random boosting uses a random selection of markers to add a subsequent weak learner to the predictive model. These modifications were applied to a real data set composed of 1,797 bulls genotyped for 39,714 SNP. Deregressed proofs of 4 yield traits and 1 type trait from January 2009 routine evaluations were used as dependent variables. A 2-fold cross-validation scenario was implemented. Sires born before 2005 were used as a training sample (1,576 and 1,562 for production and type traits, respectively), whereas younger sires were used as a testing sample to evaluate predictive ability of the algorithm on yet-to-be-observed phenotypes. Comparison with the original algorithm was provided. The predictive ability of the algorithm was measured as Pearson correlations between observed and predicted responses. Further, estimated bias was computed as the average difference between observed and predicted phenotypes. The results showed that the modification of the original boosting algorithm could be run in 1% of the time used with the original algorithm and with negligible differences in accuracy and bias. This modification may be used to speed the calculus of genome-assisted evaluation in large data sets such us those obtained from consortiums."
W2941121701,2019,Application of a Neural Network Whole Transcriptome–Based Pan-Cancer Method for Diagnosis of Primary and Metastatic Cancers,"Importance: A molecular diagnostic method that incorporates information about the transcriptional status of all genes across multiple tissue types can strengthen confidence in cancer diagnosis. Objective: To determine the practical use of a whole transcriptome-based pan-cancer method in diagnosing primary and metastatic cancers and resolving complex diagnoses. Design, Setting, and Participants: This cross-sectional diagnostic study assessed Supervised Cancer Origin Prediction Using Expression (SCOPE), a machine learning method using whole-transcriptome RNA sequencing data. Training was performed on publicly available primary cancer data sets, including The Cancer Genome Atlas. Testing was performed retrospectively on untreated primary cancers and treated metastases from volunteer adult patients at BC Cancer in Vancouver, British Columbia, from January 1, 2013, to March 31, 2016, and testing spanned 10 822 samples and 66 output classes representing untreated primary cancers (n = 40) and adjacent normal tissues (n = 26). SCOPE's performance was demonstrated on 211 untreated primary mesothelioma cancers and 201 treatment-resistant metastatic cancers. Finally, SCOPE was used to identify the putative site of origin in 15 cases with initial presentation as cancers with unknown primary of origin. Results: A total of 10 688 adult patient samples representing 40 untreated primary tumor types and 26 adjacent-normal tissues were used for training. Demographic data were not available for all data sets. Among the training data set, 5157 of 10 244 (50.3%) were male and the mean (SD) age was 58.9 (14.5) years. Testing was performed on 211 patients with untreated primary mesothelioma (173 [82.0%] male; mean [SD] age, 64.5 [11.3] years); 201 patients with treatment-resistant cancers (141 [70.1%] female; mean [SD] age, 55.6 [12.9] years); and 15 patients with cancers of unknown primary of origin; among the treatment-resistant cancers, 168 were metastatic, and 33 were the primary presentation. An accuracy rate of 99% was obtained for primary epithelioid mesotheliomas tested (125 of 126). The remaining 85 mesotheliomas had a mixed etiology (sarcomatoid mesotheliomas) and were correctly identified as a mixture of their primary components, with potential implications in resolving subtypes and incidences of mixed histology. SCOPE achieved an overall mean (SD) accuracy rate of 86% (11%) and F1 score of 0.79 (0.12) on the 201 treatment-resistant cancers and matched 12 of 15 of the putative diagnoses for cancers with indeterminate diagnosis from conventional pathology. Conclusions and Relevance: These results suggest that machine learning approaches incorporating multiple tumor profiles can more accurately identify the cancerous state and discriminate it from normal cells. SCOPE uses the whole transcriptomes from normal and tumor tissues, and results of this study suggest that it performs well for rare cancer types, primary cancers, treatment-resistant metastatic cancers, and cancers of unknown primary of origin. Genes most relevant in SCOPE's decision making were examined, and several are known biological markers of respective cancers. SCOPE may be applied as an orthogonal diagnostic method in cases where the site of origin of a cancer is unknown, or when standard pathology assessment is inconclusive."
W3092664814,2020,Deep Latent Variable Model for Learning Longitudinal Multi-view Data,"In many scientific problems such as video surveillance, modern genomic analysis, and clinical studies, data are often collected from diverse domains across time that exhibit time-dependent heterogeneous properties. It is important to not only integrate data from multiple sources (called multiview data), but also to incorporate time dependency for deep understanding of the underlying system. Latent factor models are popular tools for exploring multi-view data. However, it is frequently observed that these models do not perform well for complex systems and they are not applicable to time-series data. Therefore, we propose a generative model based on variational autoencoder and recurrent neural network to infer the latent dynamic factors for multivariate timeseries data. This approach allows us to identify the disentangled latent embeddings across multiple modalities while accounting for the time factor. We invoke our proposed model for analyzing three datasets on which we demonstrate the effectiveness and the interpretability of the model."
W2949117470,2019,Single-cell entropy to quantify the cellular transcriptome from single-cell RNA-seq data,"We present the use of single-cell entropy (scEntropy) to measure the order of the cellular transcriptome profile from single-cell RNA-seq data, which leads to a method of unsupervised cell type classification through scEntropy followed by the Gaussian mixture model (scEGMM). scEntropy is straightforward in defining an intrinsic transcriptional state of a cell. scEGMM is a coherent method of cell type classification that includes no parameters and no clustering; however, it is comparable to existing machine learning-based methods in benchmarking studies and facilitates biological interpretation."
W2894987163,2018,First Degree Relatives of Patients with Celiac Disease Harbour an Intestinal Transcriptomic Signature that Might Protect them from Enterocyte Damage,"INTRODUCTION: Celiac disease (CeD) is an autoimmune enteropathy which affects approximately 0.7% of the global population. While first-degree relatives (FDR) of patients with CeD have a 7.5% risk of developing enteropathy, many remain protected. Therefore, intestinal mucosa of FDR might have protective compensatory mechanisms against immunological injury. We have explored the protective mechanisms that may be active in intestinal mucosa of FDR. METHODS: Intestinal mucosal biopsies (4-5 pieces) from treatment naïve patients with CeD (n = 12), FDR (n = 12) (anti-tTG negative) and controls (n = 12) (anti-tTG negative) were obtained from each individual and subjected to microarray analysis using HT-12-v4 Human Expression BeadChips (Illumina). Differential gene expression analysis was carried out among CeD, FDR and controls; and resulting gene lists were analyzed using gene ontology and pathway enrichment tools. RESULTS: Patients with CeD, FDR and control groups displayed significant differential gene expression. Thirty seven genes were upregulated and 372 were downregulated in the intestinal mucosa of FDR in comparison to CeD and controls. Pseudogenes constituted about 18% (315/1751) of FDR differentially expressed genes, and formed ""clusters"" that associated uniquely with individual study groups. The three study groups segregated into distinct clusters in unsupervised (PCA) and supervised (random forests) modelling approaches. Pathways analysis revealed an emphasis on crypt-villous maintenance and immune regulation in the intestinal mucosa of FDR. CONCLUSIONS: Our analysis suggests that the intestinal mucosa of celiac FDR consist of a unique molecular phenotype that is distinct from CeD and controls. The transcriptomic landscape of FDR promotes maintenance of crypt-villous axis and modulation of immune mechanisms. These differences clearly demonstrate the existence of compensatory protective mechanisms in the FDR intestinal mucosa."
W2161879271,2011,"Traditional Chinese medicine, a solution for reducing dual stroke risk factors at once?","Based on genome wide association studies (GWAS), the activities of phosphodiesterase 4D (PDE4D) and 5-Lipoxygenase activating protein (ALOX5AP) were suggested as two of the major factors involved in ischemic stroke risks. Uncontrolled PDE4D activities often lead to cAMP-induced stroke and cardiovascular diseases. Overexpression of ALOX5AP, on the other hand, had been shown to play a major role in inflammation pathway that could induce the development of atherosclerosis and stroke. To eliminate the risk factors that lead to stroke, we reported the identification and analysis of dual-targeting compounds that could reduce PDE4D and ALOX5AP activities from traditional Chinese medicine (TCM). We employed world's largest TCM database, TCM Database@Taiwan, for in silico drug identification. We also introduced machine learning predictive models, as well as pharmacophore model, for characterizing the drug-like candidates. Both myristic acid and pentadecanoic acid were identified. The follow-up analysis on molecular dynamics simulation further determined the major roles of the carboxyl group for forming stable molecular interactions. Intriguingly, the carboxyl group demonstrated different bonding patterns with PDE4D and ALOX5AP, through electrostatic interaction and hydrogen bonds, respectively. In addition, the large volume occupied by the ligand hydrophobic regions could achieve inhibition through occupying the vacant spaces in the binding site. These pharmacophores held true for both candidates against each protein targets. Hence, we proposed the presence of the carboxyl group and hydrophobic regions as potent dual targeting features that inhibit both PDE4D and ALOX5AP activities."
W3081969463,2020,Complexity Theory: Artificial Intelligence System Help Safety Improvement in the Next Pandemic,"As the coronavirus pandemic spread from Asia to the western world, drug discovery came to a near standstill. Most laboratories shut down and instruments and reagents were left untouched, except for the most essential work. The pandemic forced large and small companies, regulatory and government agencies, and academia to tap into technology, particularly artificial intelligence (AI) and machine learning (ML), for providing more than just speed and efficiency. This essay aims to dig deeply in complexity theory to help improve safety and reduce the impact of the next pandemic. It is based on implementing Artificial Intelligence (AI) to provide the safer complex theory with an example of the current situation of COVID-19. While there are no shortcuts around scientific rigor and experimentation, AI can certainly accelerate the discovery of new drugs particularly when combined with high-performance computing (HPC) and quantum computing. Evaluating new AI technologies, particularly in areas of drug discovery where there are few demonstrations of success, can be a real challenge. It is considered that safety improvement of alert systems and the risk factors, in order to organize the safety of health facilities and control the hospital environment before the potential pandemic develops. Here, we will try to apply complexity theory in our dealing with future pandemics based on the situation analysis of previous experiences."
W2568499501,2017,Prediction of N-Methyl-D-Aspartate Receptor GluN1-Ligand Binding Affinity by a Novel SVM-Pose/SVM-Score Combinatorial Ensemble Docking Scheme,"Abstract The glycine-binding site of theN-methyl-D-aspartate receptor (NMDAR) subunit GluN1 is a potential pharmacological target for neurodegenerative disorders. A novel combinatorial ensemble docking scheme using ligand and protein conformation ensembles and customized support vector machine (SVM)-based models to select the docked pose and to predict the docking score was generated for predicting the NMDAR GluN1-ligand binding affinity. The predicted root mean square deviation (RMSD) values in pose by SVM-Pose models were found to be in good agreement with the observed values (n = 30,r2 = 0.928–0.988, ""Equation missing"" = 0.894–0.954, RMSE = 0.002–0.412,s = 0.001–0.214), and the predicted pKivalues by SVM-Score were found to be in good agreement with the observed values for the training samples (n = 24,r2 = 0.967, ""Equation missing"" = 0.899, RMSE = 0.295,s = 0.170) and test samples (n = 13,q2 = 0.894, RMSE = 0.437,s = 0.202). When subjected to various statistical validations, the developed SVM-Pose and SVM-Score models consistently met the most stringent criteria. A mock test asserted the predictivity of this novel docking scheme. Collectively, this accurate novel combinatorial ensemble docking scheme can be used to predict the NMDAR GluN1-ligand binding affinity for facilitating drug discovery."
W2947590214,2019,NCNet: Deep Learning Network Models for Predicting Function of Non-coding DNA,"The human genome consists of 98.5% non-coding DNA sequences, and most of them have no known function. However, a majority of disease-associated variants lie in these regions. Therefore, it is critical to predict the function of non-coding DNA. Hence, we propose the NCNet, which integrates deep residual learning and sequence-to-sequence learning networks, to predict the transcription factor (TF) binding sites, which can then be used to predict non-coding functions. In NCNet, deep residual learning networks are used to enhance the identification rate of regulatory patterns of motifs, so that the sequence-to-sequence learning network may make the most out of the sequential dependency between the patterns. With the identity shortcut technique and deep architectures of the networks, NCNet achieves significant improvement compared to the original hybrid model in identifying regulatory markers."
W1794161984,2010,Application of machine learning methods to histone methylation ChIP-Seq data reveals H4R3me2 globally represses gene expression,"BACKGROUND: In the last decade, biochemical studies have revealed that epigenetic modifications including histone modifications, histone variants and DNA methylation form a complex network that regulate the state of chromatin and processes that depend on it including transcription and DNA replication. Currently, a large number of these epigenetic modifications are being mapped in a variety of cell lines at different stages of development using high throughput sequencing by members of the ENCODE consortium, the NIH Roadmap Epigenomics Program and the Human Epigenome Project. An extremely promising and underexplored area of research is the application of machine learning methods, which are designed to construct predictive network models, to these large-scale epigenomic data sets. RESULTS: Using a ChIP-Seq data set of 20 histone lysine and arginine methylations and histone variant H2A.Z in human CD4+ T-cells, we built predictive models of gene expression as a function of histone modification/variant levels using Multilinear (ML) Regression and Multivariate Adaptive Regression Splines (MARS). Along with extensive crosstalk among the 20 histone methylations, we found H4R3me2 was the most and second most globally repressive histone methylation among the 20 studied in the ML and MARS models, respectively. In support of our finding, a number of experimental studies show that PRMT5-catalyzed symmetric dimethylation of H4R3 is associated with repression of gene expression. This includes a recent study, which demonstrated that H4R3me2 is required for DNMT3A-mediated DNA methylation--a known global repressor of gene expression. CONCLUSION: In stark contrast to univariate analysis of the relationship between H4R3me2 and gene expression levels, our study showed that the regulatory role of some modifications like H4R3me2 is masked by confounding variables, but can be elucidated by multivariate/systems-level approaches."
W2953272110,2015,Powerful Tests for Multi-Marker Association Analysis Using Ensemble Learning,"Multi-marker approaches have received a lot of attention recently in genome wide association studies and can enhance power to detect new associations under certain conditions. Gene-, gene-set- and pathway-based association tests are increasingly being viewed as useful supplements to the more widely used single marker association analysis which have successfully uncovered numerous disease variants. A major drawback of single-marker based methods is that they do not look at the joint effects of multiple genetic variants which individually may have weak or moderate signals. Here, we describe novel tests for multi-marker association analyses that are based on phenotype predictions obtained from machine learning algorithms. Instead of assuming a linear or logistic regression model, we propose the use of ensembles of diverse machine learning algorithms for prediction. We show that phenotype predictions obtained from ensemble learning algorithms provide a new framework for multi-marker association analysis. They can be used for constructing tests for the joint association of multiple variants, adjusting for covariates and testing for the presence of interactions. To demonstrate the power and utility of this new approach, we first apply our method to simulated SNP datasets. We show that the proposed method has the correct Type-1 error rates and can be considerably more powerful than alternative approaches in some situations. Then, we apply our method to previously studied asthma-related genes in 2 independent asthma cohorts to conduct association tests."
W2951291661,2016,Classi cation of cancerous and non-cancerous tissues of serial analysis of gene expression data through various classi ers,"Cancer can be cured if detected early and it can be detected by the expression level analyzed in the suspected tissues. Serial Analysis of Gene Expression (SAGE) is a gene expression technique used to analyze the genes on the basis of expression level of the genes.The Libraries of SAGE data contained very large number of genes, considering all genes for classifying is very tedious task and is not wise thing to do.The preprocessing of the SAGE data is performed to remove the irrelevant genes by comparing the expression level of genes in normal and cancerous libraries, and the further analysis of the dataset is done considering the reduced genes.This paper compares classifi cation techniques for classifying the cancerous and non-cancerous tissues of human brain.The Naive Bayes (NB), Linear Discriminant Analyzer (LDA), Decision Table (DT), Support Vectors Machine (SVM) and K Nearest Neighbor (KNN) classifi ers have been implemented for the analysis of SAGE data.WEKA (The Waikato Environment for Knowledge Analysis) open source software which consists of a collection of machine learning algorithms for data mining used for analysis.The results obtained reveal that the K-Nearest Neighbor (KNN) and Linear Discriminant Analyzer (LDA) have given better performance over other classifi es in most of the performance measures except few.Different errors measures have also been studied in this paper for SAGE data of human brain tissues.The KNN and LDA both have given signifi cant improvement over other classifi ers."
W2531971686,2016,A Deep Learning Approach to Detect SNP Interactions,"The susceptibility of complex diseases are characterised by numerous genetic, lifestyle, and environmental causes individually or due to their interaction effects.The recent explosion in detecting genetic interacting factors is increasingly revealing the underlying biological networks behind complex diseases.Several computational methods are explored to discover interacting polymorphisms among unlinked loci.However, there has been no significant breakthrough towards solving this problem because of biomolecular complexities and computational limitations.Our previous research trained a deep multilayered feedforward neural network to predict two-locus polymorphisms due to interactions in genome-wide data.The performance of the method was studied on numerous simulated datasets and a published genomewide dataset.In this manuscript, the performance of the trained multilayer neural network is validated by varying the parameters of the models under various scenarios.Furthermore, the observations of the previous method are confirmed in this study by evaluating on a real dataset.The experimental findings on a real dataset show significant rise in the prediction accuracy over other conventional techniques.The result shows highly ranked interacting two-locus polymorphisms, which may be associated with susceptibility for the development of breast cancer."
W1976876345,2010,"I, Clone: How Cloning Is (Mis)Portrayed in Contemporary Cinema","I, Clone:How Cloning Is (Mis)Portrayed in Contemporary Cinema Jason T. Eberl As author Ray Bradbury notes, the science-fiction genre ""may be one of the last places in our society where the philosopher can roam just as freely as he chooses.""1 Science fiction allows philosophical ideas – often abstract or imaginative in nature – to be presented in concrete, albeit fictional, form and thus made more accessible. Even films meant as pure entertainment can position audiences to reflect on existential questions rarely encountered elsewhere: What does it mean to be human? Can there be other intelligent beings, either in this world or out of it, who are not human? Is it possible for technology to prolong human life or abolish death altogether? What impact might answers to these questions have on our conception of ethics and moral responsibility? Science fiction allows us to contemplate a variety of possible answers, before we are obliged to confront the questions in the real world. Time travel, artificial intelligence, alternate realities ... these are some of the standard plot devices in many science fiction films. Another equally favored source of dramatic fodder is cloning: the artificial reproduction of a human being with the same genetic identity as one who is already alive or has lived.2 Hollywood is fascinated with cloning across all film genres, from comedy (Multiplicity, 1996, dir. Harold Ramis), to action (The 6th Day, 2000, dir. Roger Spottiswoode), to somewhat more serious attempts (The Island, 2005, dir. Michael Bay; Star Trek: Nemesis, 2002, dir. Stuart Baird; and, in an extension of the cloning principle, Surrogates 2009, dir. Jonathan Mostow). All such depictions of cloning, however, miss the mark to various extents. While such films are not [End Page 27] intended to be educational or scientifically accurate, there are interesting philosophical presuppositions that underlie how they characterize cloning and the nature of clones and, by extension, the nature of the self and what it means to be ""fully human."" For example, The 6th Day presumes that a self-conscious human mind can be downloaded to a storage device, and then uploaded into the brain of a cloned body such that the exact same person wakes up in a physically identical body. The Island paints a Soylent Green-inspired future in which clones are ethically maltreated by serving as mere organ banks for their progenitors, presuming that cloning may involve the use and abuse of beings who are unquestionably persons deserving moral recognition. Star Trek: Nemesis raises a standard objection that clones will suffer from an apparent lack of freedom or self-esteem if they perceive themselves to be a mere ""shadow"" or ""echo"" of their progenitors. This essay will examine these philosophical presuppositions regarding cloning as depicted in such films, highlighting issues which present real metaphysical and ethical challenges to the prospect of cloning fully-grown human persons. Understanding these challenges, and their filmic portrayals, may help map the moral landscape of cloning, particularly popular misconceptions, which are fueled, in part, by such cinematic representations. While Hollywood films sometimes get aspects of cloning right, more often than not the trend is to gloss over pertinent questions and oversimplify the metaphysical and ethical issues at hand in the name of entertainment value. Death and Survival Who wouldn't want to live forever if offered the opportunity? Some, perhaps, but most—denied the chance for eternal life in an ageless body—seek a measure of immortality by other means. Medicine offers continually advancing ways to stave off the body's death and prolong physical existence, and after death, most religions promise the continued existence of one's soul or spirit. Material and expressive cultures offer the possibility of tangible legacies, biographies, or other commemorations of lives and works which allow traces of individuals to continue, while reproduction offers a legacy of a different sort—continuity of life—the chance for one's genes, as well as memories of shared experiences, to live on in a new generation.3 Cloning, as it is sometimes imagined in science fiction, takes the notion of continuity further. It promises progeny who share not just the complete genome and exact appearance of their progenitors, but also their consciousness and..."
W3069669851,2020,Understanding metabolic behaviour in whole-cell model output,"Summary Whole-cell modelling is a newly expanding field that has many applications in lab experiment design and predictive drug testing. Although whole-cell model output contains a wealth of information, it is complex and high dimensional, thus hard to interpret. Here, we present an analysis pipeline that combines machine learning, dimensionality reduction and network analysis to interpret and visualise metabolic reaction fluxes from a set of single gene knockouts simulated in the Mycoplasma genitalium whole-cell model. We found that the reaction behaviours show trends that correlate with phenotypic classes of the simulation output, highlighting particular cellular subsystems that malfunction after gene knockouts. From a graphical representation of the metabolic network, we saw that there is a set of reactions that can be used as markers of a phenotypic class, showing their importance within the network. Our analysis pipeline can support the understanding of the complexity of in silico cells without detailed knowledge of the constituent parts, which can help to understand the effects of gene knockouts, and, as whole-cell models become more widely built and used, aid genome design."
W2969220155,2019,Predicting Premature Birth Risk with cfRNA,"Identifying which genes are early indicators for preterm births using cell-free ribonucleic acid (cfRNA) from non-invasive blood tests provided by pregnant women can improve prenatal care. Currently, there are no medical tests for early detection of preterm birth risk in routine checkups for pregnant women. Recent studies have shown potential genes that can predict preterm birth. Machine learning techniques are utilized to see if the Area Under the Curve (AUC) can be improved upon when evaluating the prediction accuracy for chosen genes sequences and concentrations. Using cell-free RNA data from non-invasive blood tests in conjunction with machine learning, we improve upon the current methodology in an effort to identify and provide evidence between gene expression data and preterm birth. In our analysis, the model accuracy is improved using cfRNA Sequence Counts by expanding the feature space in which we have increased model AUC from 81% to 100%. These results are intended to provide additional evidence of model validity as an early indicator of preterm birth."
W3006391683,2020,Investigation of noncovalent interactions between peptides with potential intrinsic sequence patterns by mass spectrometry,"RATIONALE: The conformation of a protein largely depends on the interactions between peptides. Specific and intrinsic sequence peptide patterns, such as DNA double helix backbones, may be present in proteins. A computational statistical deep learning method has supported this assumption, but it has not been experimentally proven. Mass spectrometry, as a fast and accurate experimental method, could be used to evaluate the interaction of biomolecules. The results would be of great value for further study of the mechanism of protein folding. METHODS: Several potential intrinsic peptides were chosen by the deep learning method, including seven groups of pentapeptides and five groups of nonapeptides. The noncovalent interactions between mixed polypeptides were investigated by electrospray ionization mass spectrometry (ESI-MS) in full-scan and collision-induced dissociation (CID) modes. Molecular dynamics and molecular mechanics Poisson-Boltzmann surface area (MD-MM/PBSA) analyses were also performed to support the results. RESULTS: The ESI-MS spectra showed that 11 of the 12 groups of mixed polypeptides formed binary and ternary complexes with relatively high stability. The binding between nonapeptide groups was stronger than that between pentapeptide groups according to the relative intensity. The binding energies calculated by the MM/PBSA binding energy tool also provided strong evidence for the combination of the complexes. Electrostatic interactions, hydrophobic interactions, and van der Waals forces were thought to stabilize the complexes according to the binding models. CONCLUSIONS: The results implied the formation of stable complexes between polypeptides and identified their noncovalent interactions, proving that specific sequences and combinations with relatively strong binding ability exist in potential intrinsic sequences of peptides in protein structures."
W1518896243,2012,Nonlinear Models of Neural and Genetic Network Dynamics,"Abstract A categorical and Łukasiewicz-Topos framework for Łukasiewicz LM-Algebraic Logic models of nonlinear dynamics in complex functional systems such as neural networks, genomes and cell interactomes is proposed. Łukasiewicz Algebraic Logic models of genetic networks and signaling pathways in cells are formulated in terms of nonlinear dynamic systems with n-state components that allow for the generalization of previous logical models of both genetic activities and neural networks."
W2791692363,2018,Chemi-net: a graph convolutional network for accurate drug property prediction,"Absorption, distribution, metabolism, and excretion (ADME) studies are critical for drug discovery. Conventionally, these tasks, together with other chemical property predictions, rely on domain-specific feature descriptors, or fingerprints. Following the recent success of neural networks, we developed Chemi-Net, a completely data-driven, domain knowledge-free, deep learning method for ADME property prediction. To compare the relative performance of Chemi-Net with Cubist, one of the popular machine learning programs used by Amgen, a large-scale ADME property prediction study was performed on-site at Amgen. The results showed that our deep neural network method improved current methods by a large margin. We foresee that the significantly increased accuracy of ADME prediction seen with Chemi-Net over Cubist will greatly accelerate drug discovery."
W4240134384,2012,Exploring Patterns of Epigenetic Information with Data Mining Techniques,"Data mining, a part of the Knowledge Discovery in Databases process (KDD), is the process of extracting patterns from large data sets by combining methods from statistics and artificial intelligence with database management. Analyses of epigenetic data have evolved towards genome-wide and high-throughput approaches, thus generating great amounts of data for which data mining is essential. Part of these data may contain patterns of epigenetic information which are mitotically and/or meiotically heritable determining gene expression and cellular differentiation, as well as cellular fate. Epigenetic lesions and genetic mutations are acquired by individuals during their life and accumulate with ageing. Both defects, either together or individually, can result in losing control over cell growth and, thus, causing cancer development. Data mining techniques could be then used to extract the previous patterns. This work reviews some of the most important applications of data mining to epigenetics. Keywords: Epigenetics, data mining, knowledge discovery, bioinformatics"
W2900659696,2018,Multi-Scale Structural Analysis of Proteins by Deep Semantic Segmentation,"Abstract Recent advancements in computational methods have facilitated large-scale sampling of protein structures, leading to breakthroughs in protein structural prediction and enabling de novo protein design. Establishing methods to identify candidate structures that can lead to native folds or designable structures remains a challenge, since few existing metrics capture high-level structural features such as architectures, folds, and conformity to conserved structural motifs. Convolutional Neural Networks (CNNs) have been successfully used in semantic segmentation — a subfield of image classification in which a class label is predicted for every pixel. Here, we apply semantic segmentation to protein structures as a novel strategy for fold identification and structural quality assessment. We represent protein structures as 2D α-carbon distance matrices (“contact maps”), and train a CNN that assigns each residue in a multi-domain protein to one of 38 architecture classes designated by the CATH database. Our model performs exceptionally well, achieving a per-residue accuracy of 90.8% on the test set (95.0% average accuracy over all classes; 87.8% average within-structure accuracy). The unique aspect of our classifier is that it encodes sequence agnostic residue environments from the PDB and can assess structural quality as quantitative probabilities. We demonstrate that individual class probabilities can be used as a metric that indicates the degree to which a randomly generated structure assumes a specific fold, as well as a metric that highlights non-conformative regions of a protein belonging to a known class. These capabilities yield a powerful tool for guiding structural sampling for both structural prediction and design. Significance Recent computational advances have allowed researchers to predict the structure of many proteins from their amino acid sequences, as well as designing new sequences that fold into predefined structures. However, these tasks are often challenging because they require selection of a small subset of promising structural models from a large pool of stochastically generated ones. Here, we describe a novel approach to protein model selection that uses 2D image classification techniques to evaluate 3D protein models. Our method can be used to select structures based on the fold that they adopt, and can also be used to identify regions of low structural quality. These capabilities yield a powerful tool for both protein design and structure prediction."
W2732875556,2017,A gene expression signature distinguishes innate response and resistance to proteasome inhibitors in multiple myeloma,"Extensive interindividual variation in response to chemotherapy is a major stumbling block in achieving desirable efficacy in the treatment of cancers, including multiple myeloma (MM). In this study, our goal was to develop a gene expression signature that predicts response specific to proteasome inhibitor (PI) treatment in MM. Using a well-characterized panel of human myeloma cell lines (HMCLs) representing the biological and genetic heterogeneity of MM, we created an in vitro chemosensitivity profile in response to treatment with the four PIs bortezomib, carfilzomib, ixazomib and oprozomib as single agents. Gene expression profiling was performed using next-generation high-throughput RNA-sequencing. Applying machine learning-based computational approaches including the supervised ensemble learning methods Random forest and Random survival forest, we identified a 42-gene expression signature that could not only distinguish good and poor PI response in the HMCL panel, but could also be successfully applied to four different clinical data sets on MM patients undergoing PI-based chemotherapy to distinguish between extraordinary (good and poor) outcomes. Our results demonstrate the use of in vitro modeling and machine learning-based approaches to establish predictive biomarkers of response and resistance to drugs that may serve to better direct myeloma patient treatment options."
W2810144884,2018,Trends in the development of miRNA bioinformatics tools,"MicroRNAs (miRNAs) are small noncoding RNAs that regulate gene expression via recognition of cognate sequences and interference of transcriptional, translational or epigenetic processes. Bioinformatics tools developed for miRNA study include those for miRNA prediction and discovery, structure, analysis and target prediction. We manually curated 95 review papers and ∼1000 miRNA bioinformatics tools published since 2003. We classified and ranked them based on citation number or PageRank score, and then performed network analysis and text mining (TM) to study the miRNA tools development trends. Five key trends were observed: (1) miRNA identification and target prediction have been hot spots in the past decade; (2) manual curation and TM are the main methods for collecting miRNA knowledge from literature; (3) most early tools are well maintained and widely used; (4) classic machine learning methods retain their utility; however, novel ones have begun to emerge; (5) disease-associated miRNA tools are emerging. Our analysis yields significant insight into the past development and future directions of miRNA tools."
W2596744302,2017,Developing Gene-Specific Meta-Predictor of Variant Pathogenicity,"Abstract Rapid, accurate, and inexpensive genome sequencing promises to transform medical care. However, a critical hurdle to enabling personalized genomic medicine is predicting the functional impact of novel genomic variation. Various methods of missense variants pathogenicity prediction have been developed by now. Here we present a new strategy for developing a pathogenicity predictor of improved accuracy by applying and training a supervised machine learning model in a gene-specific manner. Our meta-predictor combines outputs of various existing predictors, supplements them with an extended set of stability and structural features of the protein, as well as its physicochemical properties, and adds information about allele frequency from various datasets. We used such a supervised gene-specific meta-predictor approach to train the model on the CFTR gene, and to predict pathogenicity of about 1,000 variants of unknown significance that we collected from various publicly available and internal resources. Our CFTR -specific meta-predictor based on the Random Forest model performs better than other machine learning algorithms that we tested, and also outperforms other available tools, such as CADD, MutPred, SIFT, and PolyPhen-2. Our predicted pathogenicity probability correlates well with clinical measures of Cystic Fibrosis patients and experimental functional measures of mutated CFTR proteins. Training the model on one gene, in contrast to taking a genome wide approach, allows taking into account structural features specific for a particular protein, thus increasing the overall accuracy of the predictor. Collecting data from several separate resources, on the other hand, allows to accumulate allele frequency information, estimated as the most important feature by our approach, for a larger set of variants. Finally, our predictor will be hosted on the ClinGen Consortium database to make it available to CF researchers and to serve as a feasibility pilot study for other Mendelian diseases."
W2963046727,2019,Predicting drug response of tumors from integrated genomic profiles by deep neural networks,"The study of high-throughput genomic profiles from a pharmacogenomics viewpoint has provided unprecedented insights into the oncogenic features modulating drug response. A recent study screened for the response of a thousand human cancer cell lines to a wide collection of anti-cancer drugs and illuminated the link between cellular genotypes and vulnerability. However, due to essential differences between cell lines and tumors, to date the translation into predicting drug response in tumors remains challenging. Recently, advances in deep learning have revolutionized bioinformatics and introduced new techniques to the integration of genomic data. Its application on pharmacogenomics may fill the gap between genomics and drug response and improve the prediction of drug response in tumors. We proposed a deep learning model to predict drug response (DeepDR) based on mutation and expression profiles of a cancer cell or a tumor. The model contains three deep neural networks (DNNs), i) a mutation encoder pre-trained using a large pan-cancer dataset (The Cancer Genome Atlas; TCGA) to abstract core representations of high-dimension mutation data, ii) a pre-trained expression encoder, and iii) a drug response predictor network integrating the first two subnetworks. Given a pair of mutation and expression profiles, the model predicts IC 50 values of 265 drugs. We trained and tested the model on a dataset of 622 cancer cell lines and achieved an overall prediction performance of mean squared error at 1.96 (log-scale IC 50 values). The performance was superior in prediction error or stability than two classical methods (linear regression and support vector machine) and four analog DNN models of DeepDR, including DNNs built without TCGA pre-training, partly replaced by principal components, and built on individual types of input data. We then applied the model to predict drug response of 9059 tumors of 33 cancer types. Using per-cancer and pan-cancer settings, the model predicted both known, including EGFR inhibitors in non-small cell lung cancer and tamoxifen in ER+ breast cancer, and novel drug targets, such as vinorelbine for TTN -mutated tumors. The comprehensive analysis further revealed the molecular mechanisms underlying the resistance to a chemotherapeutic drug docetaxel in a pan-cancer setting and the anti-cancer potential of a novel agent, CX-5461, in treating gliomas and hematopoietic malignancies. Here we present, as far as we know, the first DNN model to translate pharmacogenomics features identified from in vitro drug screening to predict the response of tumors. The results covered both well-studied and novel mechanisms of drug resistance and drug targets. Our model and findings improve the prediction of drug response and the identification of novel therapeutic options."
W2890567665,2018,Deep Forest-based Prediction of Protein Subcellular Localization,"MOTIVATION: Knowledge of the correct protein subcellular localization is necessary for understanding the function of a protein and revealing the mechanism of many human diseases due to protein subcellular mislocalization, which is required before approaching gene therapy to treat a disease. In addition, it is well-known that the gene therapy is an effective way to overcome disease by targeting a gene therapy product to a specific subcellular compartment. Deep neural networks to predict protein function have become increasingly popular due to large increases in the available genomics data due to its strong superiority in the non-linear classification ability. However, they still have some drawbacks such as too many hyper-parameters and sufficient amount of labeled data. RESULTS: We present a deep forest-based protein location algorithm relying on sequence information. The prediction model uses a random forest network with a multi-layered structure to identify the subcellular regions of protein. The model was trained and tested on a latest UniProt releases protein dataset, and we demonstrate that our deep forest predict the subcellular location of proteins given only the protein sequence with high accuracy, outperforming the current state-of-art algorithms. Meanwhile, unlike the deep neural networks, it has a significantly smaller number of parameters and is much easier to train."
W2767272758,2017,Application of Machine Learning Models in Error and Variant Detection in High-Variation Genomics Datasets,"For metagenomics datasets, datasets of complex polyploid genomes, and other high-variation genomics datasets, there are difficulties with the analysis, error detection and variant calling, stemming from the challenges of discerning sequencing errors from biological variation. Confirming base candidates with high frequency of occurrence is no longer a reliable measure because of the natural variation and the presence of rare bases. The paper discusses an approach to the application of machine learning models to classify bases into erroneous and rare variations after preselecting potential error candidates with a weighted frequency measure, which aims to focus on unexpected variations by using the inter-sequence pairwise similarity. Different similarity measures are used to account for different types of datasets. Four machine learning models are implemented and tested."
W2887212924,2018,Establishment of a SVM classifier to predict recurrence of ovarian cancer,"Gene expression data using retrieved ovarian cancer (OC) samples were used to identify genes of interest and a support vector machine (SVM) classifier was subsequently established to predict the recurrence of OC. Three datasets (GSE17260, GSE44104 and GSE51088) investigating OC gene expression were downloaded from the Gene Expression Omnibus. Differentially expressed genes (DEGs) in samples from patients with non‑recurrent and recurrent OC were revealed via a homogeneity test and quality control analysis. A protein‑protein interaction (PPI) network was subsequently established for the DEGs using data from Biological General Repository for Interaction Datasets, Human Protein Reference Database and Database of Interacting Proteins. Degrees of interaction and betweenness centrality (BC) scores were calculated for each node in the PPI network. The top 100 genes ranked by BC scores were selected to identify feature genes via recursive feature elimination using the GSE17260 dataset. Following this, a SVM classifier was constructed and further validated using the GSE44104 and GSE51088 datasets and independent gene expression data obtained from the Cancer Genome Atlas (TCGA). A total of 639 DEGs were identified from the three gene expression datasets, and a PPI network including 249 nodes and 354 edges was constructed. A SVM classifier consisting of 39 feature genes (including cullin 3, mouse double minute 2 homolog, aurora kinase A, WW domain containing oxidoreducatase, large tumor suppressor kinase 2, sirtuin 6, staphylococcal nuclease and tudor domain containing 1, leucine rich repeats and immunoglobulin like domains 1 and aurora kinase 1 interacting protein 1) was subsequently constructed. The prediction accuracies of the SVM classifier for GSE17260, GSE44104 and GSE51088 datasets as well as data downloaded from TCGA were revealed to be 92.7, 93.3, 96.6 and 90.4%, respectively. Furthermore, the results of the present study revealed that patients with predicted non‑recurrent OC survived significantly longer compared with the patients with predicted recurrent OC (P=6.598x10‑6). A SVM classifier consisting of 39 feature genes was established for predicting the recurrence and prognosis of OC. Therefore, the results of the present study suggested that the 39 feature genes may serve important roles in the development of OC and may represent therapeutic biomarkers of OC."
W2374579417,2011,Complex network-based random forest algorithm for predicting the impact of amino acid mutation on protein stability,"Protein stability changes by single amino acid substitutions are important for the understanding of the relationship between protein structure and function.Previous prediction models were constructed using protein sequence and structural characteristics to predict the change of free energy stability on mutant.Such models were also valuable for designing and engineering new proteins.In this study,we presented a random forest algorithm combined with protein network topology properties to predict the change of free energy stability caused by the single point mutation.Amino acid residues around a mutation were also applied to characterize its environment.This method achieved total prediction accuracy(ACC)of 0.86 and Matthew's correlation coefficient(MCC)of 0.67,which are slightly higher to those reported previously."
W2467937140,2015,"[OMICS AND BIG DATA, MAJOR ADVANCES TOWARDS PERSONALIZED MEDICINE OF THE FUTURE?].","The increasing interest for personalized medicine evolves together with two major technological advances. First, the new-generation, rapid and less expensive, DNA sequencing method, combined with remarkable progresses in molecular biology leading to the post-genomic era (transcriptomics, proteomics, metabolomics). Second, the refinement of computing tools (IT), which allows the immediate analysis of a huge amount of data (especially, those resulting from the omics approaches) and, thus, creates a new universe for medical research, that of <> analyzed by computerized modelling. This article for scientific communication and popularization briefly describes the main advances in these two fields of interest. These technological progresses are combined with those occurring in communication, which makes possible the development of artificial intelligence. These major advances will most probably represent the grounds of the future personalized medicine."
W2887655889,2018,Realistic in silico generation and augmentation of single cell RNA-seq data using Generative Adversarial Neural Networks,"Abstract A fundamental problem in biomedical research is the low number of observations available, mostly due to a lack of available biosamples, prohibitive costs, or ethical reasons. Augmenting few real observations with generated in silico samples could lead to more robust analysis results and a higher reproducibility rate. Here we propose the use of conditional single cell Generative Adversarial Neural Networks (cscGANs) for the realistic generation of single cell RNA-seq data. cscGANs learn non-linear gene-gene dependencies from complex, multi cell type samples and use this information to generate realistic cells of defined types. Augmenting sparse cell populations with cscGAN generated cells improves downstream analyses such as the detection of marker genes, the robustness and reliability of classifiers, the assessment of novel analysis algorithms, and might reduce the number of animal experiments and costs in consequence. cscGANs outperform existing methods for single cell RNA-seq data generation in quality and hold great promise for the realistic generation and augmentation of other biomedical data types."
W2809421946,2018,In Silico and in Vitro Assessment of OATP1B1 Inhibition in Drug Discovery,"The organic anion-transporting polypeptide 1B1 transporter belongs to the solute carrier superfamily and is highly expressed at the basolateral membrane of hepatocytes. Several clinical studies show drug–drug interactions involving OATP1B1, thereby prompting the International Transporter Consortium to label OATP1B1 as a critical transporter that can influence a compound’s disposition. To examine OATP1B1 inhibition early in the drug discovery process, we established a medium-throughput concentration-dependent OATP1B1 assay. To create an in silico OATP1B1 inhibition model, deliberate in vitro assay enrichment was performed with publically known OATP1B1 inhibitors, noninhibitors, and compounds from our own internal chemistry. To date, approximately 1200 compounds have been tested in the assay with 60:40 distribution between noninhibitors and inhibitors. Bagging, random forest, and support vector machine fingerprint (SVM-FP) quantitative structure–activity relationship classification models were created, and each method showed positive and negative predictive values >90%, sensitivity >80%, specificity >95%, and Matthews correlation coefficient >0.8 on a prospective test set indicating the ability to distinguish inhibitors from noninhibitors. A SVMF-FP regression model was also created that showed an R 2 of 0.39, Spearman’s rho equal to 0.76, and was capable of predicting 69% of the prospective test set within the experimental variability of the assay (3-fold). In addition to the in silico quantitative structure–activity relationship (QSAR) models, physicochemical trends were examined to provide structure activity relationship guidance to early discovery teams. A JMP partition tree analysis showed that among the compounds with calculated logP >3.5 and ≥1 negatively charged atom, 94% were identified as OATP1B1 inhibitors. The combination of the physicochemical trends along with an in silico QSAR model provides discovery project teams a valuable tool to identify and address drug–drug interaction liability due to OATP1B1 inhibition."
W2123295749,2010,Robust and accurate prediction of noncoding RNAs from aligned sequences,"BACKGROUND: Computational prediction of noncoding RNAs (ncRNAs) is an important task in the post-genomic era. One common approach is to utilize the profile information contained in alignment data rather than single sequences. However, this strategy involves the possibility that the quality of input alignments can influence the performance of prediction methods. Therefore, the evaluation of the robustness against alignment errors is necessary as well as the development of accurate prediction methods. RESULTS: We describe a new method, called Profile BPLA kernel, which predicts ncRNAs from alignment data in combination with support vector machines (SVMs). Profile BPLA kernel is an extension of base-pairing profile local alignment (BPLA) kernel which we previously developed for the prediction from single sequences. By utilizing the profile information of alignment data, the proposed kernel can achieve better accuracy than the original BPLA kernel. We show that Profile BPLA kernel outperforms the existing prediction methods which also utilize the profile information using the high-quality structural alignment dataset. In addition to these standard benchmark tests, we extensively evaluate the robustness of Profile BPLA kernel against errors in input alignments. We consider two different types of error: first, that all sequences in an alignment are actually ncRNAs but are aligned ignoring their secondary structures; second, that an alignment contains unrelated sequences which are not ncRNAs but still aligned. In both cases, the effects on the performance of Profile BPLA kernel are surprisingly small. Especially for the latter case, we demonstrate that Profile BPLA kernel is more robust compared to the existing prediction methods. CONCLUSIONS: Profile BPLA kernel provides a promising way for identifying ncRNAs from alignment data. It is more accurate than the existing prediction methods, and can keep its performance under the practical situations in which the quality of input alignments is not necessarily high."
W3091841106,2020,DeepCycle reconstructs a cyclic cell cycle trajectory from unsegmented cell images using convolutional neural networks,"The advent of single-cell methods is paving the way for an in-depth understanding of the cell cycle with unprecedented detail. Due to its ramifications in nearly all biological processes, the evaluation of cell cycle progression is critical for an exhaustive cellular characterization. Here, we present DeepCycle, a deep learning method for estimating a cell cycle trajectory from unsegmented single-cell microscopy images, relying exclusively on the brightfield and nuclei-specific fluorescent signals. DeepCycle was evaluated on 2.6 million single-cell microscopy images of MDCKII cells with the fluorescent FUCCI2 system. DeepCycle provided a latent representation of cell images revealing a continuous and closed trajectory of the cell cycle. Further, we validated the DeepCycle trajectories by showing its nearly perfect correlation with real time measured from live-cell imaging of cells undergoing an entire cell cycle. This is the first model able to resolve the closed cell cycle trajectory, including cell division, solely based on unsegmented microscopy data from adherent cell cultures."
W2802889623,2018,Defining Phenotypes from Clinical Data to Drive Genomic Research,"The rise in available longitudinal patient information in electronic health records (EHRs) and their coupling to DNA biobanks has resulted in a dramatic increase in genomic research using EHR data for phenotypic information. EHRs have the benefit of providing a deep and broad data source of health-related phenotypes, including drug response traits, expanding the phenome available to researchers for discovery. The earliest efforts at repurposing EHR data for research involved manual chart review of limited numbers of patients but now typically involve applications of rule-based and machine learning algorithms operating on sometimes huge corpora for both genome-wide and phenome-wide approaches. We highlight here the current methods, impact, challenges, and opportunities for repurposing clinical data to define patient phenotypes for genomics discovery. Use of EHR data has proven a powerful method for elucidation of genomic influences on diseases, traits, and drug-response phenotypes and will continue to have increasing applications in large cohort studies."
W2799009700,2018,De novo protein structure prediction using ultra-fast molecular dynamics simulation,"ABSTRACT Modern genomics sequencing techniques have provided a massive amount of protein sequences, but experimental endeavor in determining protein structures is largely lagging far behind the vast and unexplored sequences. Apparently, computational biology is playing a more important role in protein structure prediction than ever. Here, we present a system of de novo predictor, termed NiDelta , building on a deep convolutional neural network and statistical potential enabling molecular dynamics simulation for modeling protein tertiary structure. Combining with evolutionary-based residue-contacts, the presented predictor can predict the tertiary structures of a number of target proteins with remarkable accuracy. The proposed approach is demonstrated by calculations on a set of eighteen large proteins from different fold classes. The results show that the ultra-fast molecular dynamics simulation could dramatically reduce the gap between the sequence and its structure at atom level, and it could also present high efficiency in protein structure determination if sparse experimental data is available."
W3092264656,2020,Using data science for medical decision making case: role of gut microbiome in multiple sclerosis,"BACKGROUND: A decade ago, the advancements in the microbiome data sequencing techniques initiated the development of research of the microbiome and its relationship with the host organism. The development of sophisticated bioinformatics and data science tools for the analysis of large amounts of data followed. Since then, the analyzed gut microbiome data, where microbiome is defined as a network of microorganisms inhabiting the human intestinal system, has been associated with several conditions such as irritable bowel syndrome - IBS, colorectal cancer, diabetes, obesity, and metabolic syndrome, and lately in the study of Parkinson's and Alzheimer's diseases as well. This paper aims to provide an understanding of differences between microbial data of individuals who have been diagnosed with multiple sclerosis and those who were not by exploiting data science techniques on publicly available data. METHODS: This study examines the relationship between multiple sclerosis (MS), an autoimmune central nervous system disease, and gut microbial community composition, using the samples acquired by 16s rRNA sequencing technique. We have used three different sets of MS samples sequenced during three independent studies (Jangi et al, Nat Commun 7:1-11, 2016), (Miyake et al, PLoS ONE 10:0137429, 2015), (McDonald et al, Msystems 3:00031-18, 2018) and this approach strengthens our results. Analyzed sequences were from healthy control and MS groups of sequences. The extracted set of statistically significant bacteria from the (Jangi et al, Nat Commun 7:1-11, 2016) dataset samples and their statistically significant predictive functions were used to develop a Random Forest classifier. In total, 8 models based on two criteria: bacteria abundance (at six taxonomic levels) and predictive functions (at two levels), were constructed and evaluated. These include using taxa abundances at different taxonomy levels as well as predictive function analysis at different hierarchical levels of KEGG pathways. RESULTS: The highest accuracy of the classification model was obtained at the genus level of taxonomy (76.82%) and the third hierarchical level of KEGG pathways (70.95%). The second dataset's 18 MS samples (Miyake et al, PLoS ONE 10:0137429, 2015) and 18 self-reported healthy samples from the (McDonald et al, Msystems 3:00031-18, 2018) dataset were used to validate the developed classification model. The significance of this step is to show that the model is not overtrained for a specific dataset but can also be used on other independent datasets. Again, the highest classification model accuracy for both validating datasets combined was obtained at the genus level of taxonomy (70.98%) and third hierarchical level of KEGG pathways (67.24%). The accuracy of the independent set remained very relevant. CONCLUSIONS: Our results demonstrate that the developed classification model provides a good tool that can be used to suggest the presence or absence of MS condition by collecting and analyzing gut microbiome samples. The accuracy of the model can be further increased by using sequencing methods that allow higher taxa resolution (i.e. shotgun metagenomic sequencing)."
W3111423020,2020,In situ characterization of the 3D microanatomy of the pancreas and pancreatic cancer at single cell resolution,"Abstract Pancreatic ductal adenocarcinoma (PDAC) is one of the deadliest forms of cancer. Accumulating evidence indicates the tumor microenvironment is highly associated with tumorigenesis through regulation of cellular physiology, signaling systems, and gene expression profiles of cancer cells. Yet the mechanisms by which the microenvironment evolves from normal pancreas architecture to precursor lesions and invasive cancer is poorly understood. Obtaining high-content and high-resolution information from a complex tumor microenvironment in large volumetric landscapes represents a key challenge in the field of cancer biology. To address this challenge, we established a novel method to reconstruct three-dimensional (3D) centimeter-scale tissues containing billions of cells from serially sectioned histological samples, utilizing deep learning approaches to recognize eight distinct tissue subtypes from hematoxylin and eosin stained sections at micrometer and single-cell resolution. Using samples from a range of normal, precancerous, and invasive pancreatic cancer tissue, we map in 3D modes of cancer invasion in the tumor microenvironment, and emphasize the need for further 3D quantification of biological systems."
W2484222071,2016,"Analysis of Gene Expression Profiles in the Human Brain Stem, Cerebellum and Cerebral Cortex","The human brain is one of the most mysterious tissues in the body. Our knowledge of the human brain is limited due to the complexity of its structure and the microscopic nature of connections between brain regions and other tissues in the body. In this study, we analyzed the gene expression profiles of three brain regions-the brain stem, cerebellum and cerebral cortex-to identify genes that are differentially expressed among these different brain regions in humans and to obtain a list of robust, region-specific, differentially expressed genes by comparing the expression signatures from different individuals. Feature selection methods, specifically minimum redundancy maximum relevance and incremental feature selection, were employed to analyze the gene expression profiles. Sequential minimal optimization, a machine-learning algorithm, was employed to examine the utility of selected genes. We also performed a literature search, and we discuss the experimental evidence for the important physiological functions of several highly ranked genes, including NR2E1, DAO, and LRRC7, and we give our analyses on a gene (TFAP2B) that have not been investigated or experimentally validated. As a whole, the results of our study will improve our ability to predict and understand genes related to brain regionalization and function."
W1966470419,2015,Genome-wide features of neuroendocrine regulation in Drosophila by the basic helix-loop-helix transcription factor DIMMED,"Neuroendocrine (NE) cells use large dense core vesicles (LDCVs) to traffic, process, store and secrete neuropeptide hormones through the regulated secretory pathway. The dimmed (DIMM) basic helix-loop-helix transcription factor of Drosophila controls the level of regulated secretory activity in NE cells. To pursue its mechanisms, we have performed two independent genome-wide analyses of DIMM's activities: (i) in vivo chromatin immunoprecipitation (ChIP) to define genomic sites of DIMM occupancy and (ii) deep sequencing of purified DIMM neurons to characterize their transcriptional profile. By this combined approach, we showed that DIMM binds to conserved E-boxes in enhancers of 212 genes whose expression is enriched in DIMM-expressing NE cells. DIMM binds preferentially to certain E-boxes within first introns of specific gene isoforms. Statistical machine learning revealed that flanking regions of putative DIMM binding sites contribute to its DNA binding specificity. DIMM's transcriptional repertoire features at least 20 LDCV constituents. In addition, DIMM notably targets the pro-secretory transcription factor, creb-A, but significantly, DIMM does not target any neuropeptide genes. DIMM therefore prescribes the scale of secretory activity in NE neurons, by a systematic control of both proximal and distal points in the regulated secretory pathway."
W2787306398,2017,Interaction of quercetin with transcriptional regulator LasR of Pseudomonas aeruginosa: Mechanistic insights of the inhibition of virulence through quorum sensing,"ABSTRACT Background Pseudomonas aeruginosa is one of the most dangerous superbugs in the list of bacteria for which new antibiotics are urgently needed, which was published by World Health Organization. P. aeruginosa is an antibiotic-resistant opportunistic human pathogen. It affects patients with AIDS, cystic fibrosis, cancer, burn victims and people with prosthetics and implants. P. aeruginosa also forms biofilms. Biofilms increase resistance to antibiotics and host immune responses. Because of biofilms, current therapies are not effective. It is important to find new antibacterial treatment strategies against P. aeruginosa . Biofilm formation is regulated through a system called quorum sensing. Thus disrupting this system is considered a promising strategy to combat bacterial pathogenicity. It is known that quercetin inhibits Pseudomonas aeruginosa biofilm formation, but the mechanism of action is unknown. In the present study, we tried to analyse the mode of interactions of LasR with quercetin. Results We used a combination of molecular docking, molecular dynamics (MD) simulations and machine learning techniques for the study of the interaction of the LasR protein of P. aeruginosa with quercetin. We assessed the conformational changes of the interaction and analysed the molecular details of the binding of quercetin with LasR. We show that quercetin has two binding modes. One binding mode is the interaction with ligand binding domain, this interaction is not competitive and it has also been shown experimentally. The second binding mode is the interaction with the bridge, it involves conservative amino acid interactions from LBD, SLR, and DBD and it is also not competitive. Experimental studies show hydroxyl group of ring A is necessary for inhibitory activity, in our model the hydroxyl group interacts with Leu177 during the second binding mode. This could explain the molecular mechanism of how quercetin inhibits LasR protein. Conclusions This study may offer insights on how quercetin inhibits quorum sensing circuitry by interacting with transcriptional regulator LasR. The capability of having two binding modes may explain why quercetin is effective at inhibiting biofilm formation and virulence gene expression. List of abbreviations PDB Protein data bank MD Molecular Dynamics PCA Principal Component Analysis PC Principal Component SLR Short Linker Region BLAST Basic local alignment search tool DBI David-Bouldin Index psF pseudo-F statistic"
W2951706013,2019,Blended alginate/collagen hydrogels promote neurogenesis and neuronal maturation,"Brain extracellular matrix (ECM) is complex, heterogeneous and often poorly replicated in traditional 2D cell culture systems. The development of more physiologically relevant 3D cell models capable of emulating the native ECM is of paramount importance for the study of human induced pluripotent stem cell (iPSC)-derived neurons. Due to its structural similarity with hyaluronic acid, a primary component of brain ECM, alginate is a potential biomaterial for 3D cell culture systems. However, a lack of cell adhesion motifs within the chemical structure of alginate has limited its application in neural culture systems. This study presents a simple and accessible method of incorporating collagen fibrils into an alginate hydrogel by physical mixing and controlled gelation under physiological conditions and tests the hypothesis that such a substrate could influence the behaviour of human neurons in 3D culture. Regulation of the gelation process enabled the penetration of collagen fibrils throughout the hydrogel structure as demonstrated by transmission electron microscopy. Encapsulated human iPSC-derived neurons adhered to the blended hydrogel as evidenced by the increased expression of α1, α2 and β1 integrins. Furthermore, immunofluorescence microscopy revealed that encapsulated neurons formed complex neural networks and matured into branched neurons expressing synaptophysin, a key protein involved in neurotransmission, along the neurites. Mechanical tuning of the hydrogel stiffness by modulation of the alginate ionic crosslinker concentration also influenced neuron-specific gene expression. In conclusion, we have shown that by tuning the physicochemical properties of the alginate/collagen blend it is possible to create different ECM-like microenvironments where complex mechanisms underpinning the growth and development of human neurons can be simulated and systematically investigated."
W2524309234,2016,Studying Microarray Gene Expression Data of Schizophrenic Patients for Derivation of a Diagnostic Signature through the Aid of Machine Learning,"Schizophrenia is a complex psychiatric disease that is affected by multiple genes, some of which could be used as biomarkers for specific diagnosis of the disease. In this work, we explore the powe ..."
W2963816291,2014,Recognition of CDNA Microarray Image using Feedforward Artificial Neural Network,"The complementary DNA (cDNA) sequence considered the magic biometric technique for personal identification.Microarray image processing used for the concurrent genes identification.In this paper, we present a new method for cDNA recognition based on the artificial neural network (ANN).We have segmented the location of the spots in a cDNA microarray.Thus, a precise localization and segmenting of a spot are essential to obtain a more exact intensity measurement, leading to a more accurate gene expression measurement.The segmented cDNA microarray image resized and used as an input for the proposed artificial neural network.For matching and recognition, we have trained the artificial neural network.Recognition results are given for the galleries of cDNA sequences .The numerical results show that, the proposed matching technique is an effective in the cDNA sequences process.The experimental results of our matching approach using different databases shows that, the proposed technique is an effective matching performance."
W3025754288,2020,Mutation severity spectrum of rare alleles in the human genome is predictive of disease type,"The human genome harbors a variety of genetic variations. Single-nucleotide changes that alter amino acids in protein-coding regions are one of the major causes of human phenotypic variation and diseases. These single-amino acid variations (SAVs) are routinely found in whole genome and exome sequencing. Evaluating the functional impact of such genomic alterations is crucial for diagnosis of genetic disorders. We developed DeepSAV, a deep-learning convolutional neural network to differentiate disease-causing and benign SAVs based on a variety of protein sequence, structural and functional properties. Our method outperforms most stand-alone programs, and the version incorporating population and gene-level information (DeepSAV+PG) has similar predictive power as some of the best available. We transformed DeepSAV scores of rare SAVs in the human population into a quantity termed ""mutation severity measure"" for each human protein-coding gene. It reflects a gene's tolerance to deleterious missense mutations and serves as a useful tool to study gene-disease associations. Genes implicated in cancer, autism, and viral interaction are found by this measure as intolerant to mutations, while genes associated with a number of other diseases are scored as tolerant. Among known disease-associated genes, those that are mutation-intolerant are likely to function in development and signal transduction pathways, while those that are mutation-tolerant tend to encode metabolic and mitochondrial proteins."
W2998075897,2019,Machine learning and its applications in plant molecular studies,"The advent of high-throughput genomic technologies has resulted in the accumulation of massive amounts of genomic information. However, biologists are challenged with how to effectively analyze these data. Machine learning can provide tools for better and more efficient data analysis. Unfortunately, because many plant biologists are unfamiliar with machine learning, its application in plant molecular studies has been restricted to a few species and a limited set of algorithms. Thus, in this study, we provide the basic steps for developing machine learning frameworks and present a comprehensive overview of machine learning algorithms and various evaluation metrics. Furthermore, we introduce sources of important curated plant genomic data and R packages to enable plant biologists to easily and quickly apply appropriate machine learning algorithms in their research. Finally, we discuss current applications of machine learning algorithms for identifying various genes related to resistance to biotic and abiotic stress. Broad application of machine learning and the accumulation of plant sequencing data will advance plant molecular studies."
W2123994260,2012,Plant MicroRNA Prediction by Supervised Machine Learning Using C5.0 Decision Trees,"MicroRNAs (miRNAs) are nonprotein coding RNAs between 20 and 22 nucleotides long that attenuate protein production. Different types of sequence data are being investigated for novel miRNAs, including genomic and transcriptomic sequences. A variety of machine learning methods have successfully predicted miRNA precursors, mature miRNAs, and other nonprotein coding sequences. MirTools, mirDeep2, and miRanalyzer require ""read count"" to be included with the input sequences, which restricts their use to deep-sequencing data. Our aim was to train a predictor using a cross-section of different species to accurately predict miRNAs outside the training set. We wanted a system that did not require read-count for prediction and could therefore be applied to short sequences extracted from genomic, EST, or RNA-seq sources. A miRNA-predictive decision-tree model has been developed by supervised machine learning. It only requires that the corresponding genome or transcriptome is available within a sequence window that includes the precursor candidate so that the required sequence features can be collected. Some of the most critical features for training the predictor are the miRNA:miRNA(∗) duplex energy and the number of mismatches in the duplex. We present a cross-species plant miRNA predictor with 84.08% sensitivity and 98.53% specificity based on rigorous testing by leave-one-out validation."
W3107629351,2020,Comprehensive prediction of secondary metabolite structure and biological activity from microbial genome sequences,"Novel antibiotics are urgently needed to address the looming global crisis of antibiotic resistance. Historically, the primary source of clinically used antibiotics has been microbial secondary metabolism. Microbial genome sequencing has revealed a plethora of uncharacterized natural antibiotics that remain to be discovered. However, the isolation of these molecules is hindered by the challenge of linking sequence information to the chemical structures of the encoded molecules. Here, we present PRISM 4, a comprehensive platform for prediction of the chemical structures of genomically encoded antibiotics, including all classes of bacterial antibiotics currently in clinical use. The accuracy of chemical structure prediction enables the development of machine-learning methods to predict the likely biological activity of encoded molecules. We apply PRISM 4 to chart secondary metabolite biosynthesis in a collection of over 10,000 bacterial genomes from both cultured isolates and metagenomic datasets, revealing thousands of encoded antibiotics. PRISM 4 is freely available as an interactive web application at http://prism.adapsyn.com ."
W3005188734,2020,A deep learning system accurately classifies primary and metastatic cancers using passenger mutation patterns,"In cancer, the primary tumour's organ of origin and histopathology are the strongest determinants of its clinical behaviour, but in 3% of cases a patient presents with a metastatic tumour and no obvious primary. Here, as part of the ICGC/TCGA Pan-Cancer Analysis of Whole Genomes (PCAWG) Consortium, we train a deep learning classifier to predict cancer type based on patterns of somatic passenger mutations detected in whole genome sequencing (WGS) of 2606 tumours representing 24 common cancer types produced by the PCAWG Consortium. Our classifier achieves an accuracy of 91% on held-out tumor samples and 88% and 83% respectively on independent primary and metastatic samples, roughly double the accuracy of trained pathologists when presented with a metastatic tumour without knowledge of the primary. Surprisingly, adding information on driver mutations reduced accuracy. Our results have clinical applicability, underscore how patterns of somatic passenger mutations encode the state of the cell of origin, and can inform future strategies to detect the source of circulating tumour DNA."
W3084109721,2020,Computational studies on breast cancer analysis,"In women, breast cancer is a heterogeneous type of cancer; its classification is entirely established on clinical testimony and needs pathological advice for biological clarification. Various problems are associated with breast cancer research like its diagnosis, prognosis, redundancy prediction and survivability. Only relevant treatment according to cancer type is helpful. This paper deals with analysing the gene expression data for accurately identifying breast cancer type using deep learning model. It highlights how deep learning can be powerful tool for the cancer classification thus giving them required treatment. Our results show that Deep Learning can be an effective tool to interpret micro-array gene expression data and help in identifying breast cancer according to its ER status. The proposed model has shown effectiveness in terms of accuracy as compared to other machine learning algorithms."
W2105092596,2011,Improved risk prediction for Crohn's disease with a multi-locus approach,"Genome-wide association studies have identified numerous loci demonstrating genome-wide significant association with Crohn's disease. However, when many single nucleotide polymorphisms (SNPs) have weak-to-moderate disease risks, genetic risk prediction models based only on those markers that pass the most stringent statistical significance testing threshold may be suboptimal. Haplotype-based predictive models may provide advantages over single-SNP approaches by facilitating detection of associations driven by cis-interactions among nearby SNPs. In addition, these approaches may be helpful in assaying non-genotyped, rare causal variants. In this study, we investigated the use of two-marker haplotypes for risk prediction in Crohn's disease and show that it leads to improved prediction accuracy compared with single-point analyses. With large numbers of predictors, traditional classification methods such as logistic regression and support vector machine approaches may be suboptimal. An alternative approach is to apply the risk-score method calculated as the number of risk haplotypes an individual carries, both within and across loci. We used the area under the curve (AUC) of the receiver operating curve to assess the performance of prediction models in large-scale genetic data, and observed that the prediction performance in the validation cohort continues to improve as thousands of haplotypes are included in the model, with the AUC reaching its plateau at 0.72 at ∼7000 haplotypes, and begins to gradually decline after that point. In contrast, using the SNP as predictors, we only obtained maximum AUC of 0.65. Validation studies in independent cohorts further support improved prediction capacity with multi-marker, as opposed to single marker analyses."
W3038127722,2020,Transporter genes in biosynthetic gene clusters predict metabolite characteristics and siderophore activity,"Abstract Biosynthetic gene clusters (BGCs) are operonic sets of microbial genes that synthesize specialized metabolites with diverse functions, including siderophores and antibiotics, which often require export to the extracellular environment. For this reason, genes for transport across cellular membranes are essential for the production of specialized metabolites, and are often genomically co-localized with BGCs. Here we conducted a comprehensive computational analysis of transporters associated with characterized BGCs. In addition to known exporters, in BGCs we found many importer-specific transmembrane domains that co-occur with substrate binding proteins possibly for uptake of siderophores or metabolic precursors. Machine learning models using transporter gene frequencies were predictive of known siderophore activity, molecular weights, and a measure of lipophilicity (log P ) for corresponding BGC-synthesized metabolites. Transporter genes associated with BGCs were often equally or more predictive of metabolite features than biosynthetic genes. Given the importance of siderophores as pathogenicity factors, we used transporters specific for siderophore BGCs to identify both known and uncharacterized siderophore-like BGCs in genomes from metagenomes from the infant and adult gut microbiome. We find that 23% of microbial genomes from the infant gut have siderophore-like BGCs, but only 3% of those assembled from adult gut microbiomes do. While siderophore-like BGCs from the infant gut are predominantly associated with Enterobactericaee and Staphylococcus , siderophore-like BGCs can be identified from taxa in the adult gut microbiome that have rarely been recognized for siderophore production. Taken together, these results show that consideration of BGC-associated transporter genes can inform predictions of specialized metabolite structure and function."
W3015715722,2020,Top ten discoveries of the year: Neurodegeneration,"As we embark on a new year of scientific inquiry in neurodegenerative disease research, it is helpful to take a look back and consider the contributions in the field with the potential to be the most impactful. The purpose of this review is to highlight recent advances in 2019 which have the potential to be transformative in the field of neurodegenerative neuropathology. Substantive scientific progress rarely occurs as a ""eureka moment"", and when possible, we opted to highlight collaborative efforts and research trends. We also included groundbreaking methodologies and tools. The generous increases in federal funding in the United States and elsewhere have massively expanded the total number of active programs researching Alzheimer's disease. This exacerbates an imbalance, and an effort was made to highlight innovations across disease categories, and not to permit dementia to crowd out movement disorders, motor neuron disease, ataxias, etc. Thus, our overall goal was to highlight some of the most important discoveries, tools or methods that we feel will most likely directly enhance our ability to understand and diagnose neurodegenerative brain diseases. Given space limitations and the targeted readership of this journal, we selected ten topics most relevant to neuropathologists and clinical neuroscientists: 1. A new neurodegenerative disease category, 2. A new approach to probing gene expression on the single cell level, 3. A new approach merging histology and gene expression profiling, 4. A new computational approach using deep machine learning and computer vision, 5. A neuropathological substrate for sleep disturbance in Alzheimer's disease, 6. A candidate pathogenic agent for Alzheimer's disease, 7. A comprehensive approach to morphometric analysis of cerebellar neurodegeneration, 8. The strongest evidence yet linking neurodegeneration to contact sports, 9. Mounting evidence for gut to central nervous system transmission in Parkinson's disease, and 10. A spotlight on glia in Huntington's disease."
W2770536593,2017,Medical laboratory in autoimmunity 2017,"Abstract With big data algorithms and artificial intelligence (AI) at stake the optimal assembly of the most appropriate lab assays selected to diagnose, treat and follow up patients suffering from well-delineated disease may get lost. The physician ordering a lab test, instead of asking for a good composition of screening tests is tempted to order a large number of assays, including genome sequencing hoping to find the diagnostic evidence for his/her patient at once. Four major specialities of medical laboratory assays, i.e. clinical chemistry, hematology, immunology and microbiology are embraced by genome sequencing techniques and have attained the degree of robotics, facilitating assays to such a degree, that the prescriber is free of concern as to how costly/complicated an investigation might become. Diagnostics with autoimmune diseases is not an exemption and autoantibody screening using multiplex assays or therapeutic drug monitoring to adjust treatments of inflammatory/autoimmune diseases is bound to become more and more informative even more so as the pharmacodynamics of modern pharmaceutical agents are explored. As the most appropriate therapeutical agents to monitor in the lab, biological response modifiers, immunosuppressants and monoclonal antibodies are at the forefront and we need to explore their efficacy and side effect profiles not only using phase III clinical studies but also by using postmarketing surveillance. Behind the profiles provided by big data and artificial intelligence, the therapeutically-induced regained immune balance can thus be traced to the single best lab assay. The next decade promises a series of new assays, e.g. inflammasome profiles, lymphocyte markers by fluorescence activated cell sorters as well as single cell secretome analysis."
W3094708881,2020,amPEPpy 1.0: a portable and accurate antimicrobial peptide prediction tool,"SUMMARY: Antimicrobial peptides (AMPs) are promising alternative antimicrobial agents. Currently, however, portable, user-friendly and efficient methods for predicting AMP sequences from genome-scale data are not readily available. Here we present amPEPpy, an open-source, multi-threaded command-line application for predicting AMP sequences using a random forest classifier. AVAILABILITY AND IMPLEMENTATION: amPEPpy is implemented in Python 3 and is freely available through GitHub (https://github.com/tlawrence3/amPEPpy). SUPPLEMENTARY INFORMATION: Supplementary data are available at Bioinformatics online."
W2944955712,2019,Machine learning applied to whole-blood RNA-sequencing data uncovers distinct subsets of patients with systemic lupus erythematosus,"ABSTRACT Objective Systemic lupus erythematosus (SLE) is a heterogeneous autoimmune disease that is difficult to treat. There is currently no optimal stratification of patients with SLE, and thus responses to available treatments are unpredictable. Here, we developed a new stratification scheme for patients with SLE, based on the whole-blood transcriptomes of patients with SLE. Methods We applied machine learning approaches to RNA-sequencing (RNA-seq) datasets to stratify patients with SLE into four distinct clusters based on their gene expression profiles. A meta-analysis on two recently published whole-blood RNA-seq datasets was carried out and an additional similar dataset of 30 patients with SLE and 29 healthy donors was contributed in this research; 141 patients with SLE and 51 healthy donors were analysed in total. Results Examination of SLE clusters, as opposed to unstratified SLE patients, revealed underappreciated differences in the pattern of expression of disease-related genes relative to clinical presentation. Moreover, gene signatures correlated to flare activity were successfully identified. Conclusion Given that disease heterogeneity has confounded research studies and clinical trials, our approach addresses current unmet medical needs and provides a greater understanding of SLE heterogeneity in humans. Stratification of patients based on gene expression signatures may be a valuable strategy to harness disease heterogeneity and identify patient populations that may be at an increased risk of disease symptoms. Further, this approach can be used to understand the variability in responsiveness to therapeutics, thereby improving the design of clinical trials and advancing personalised therapy."
W2972612455,2019,Machine-Learning Prediction of Tumor Antigen Immunogenicity in the Selection of Therapeutic Epitopes,"Current tumor neoantigen calling algorithms primarily rely on epitope/major histocompatibility complex (MHC) binding affinity predictions to rank and select for potential epitope targets. These algorithms do not predict for epitope immunogenicity using approaches modeled from tumor-specific antigen data. Here, we describe peptide-intrinsic biochemical features associated with neoantigen and minor histocompatibility mismatch antigen immunogenicity and present a gradient boosting algorithm for predicting tumor antigen immunogenicity. This algorithm was validated in two murine tumor models and demonstrated the capacity to select for therapeutically active antigens. Immune correlates of neoantigen immunogenicity were studied in a pan-cancer data set from The Cancer Genome Atlas and demonstrated an association between expression of immunogenic neoantigens and immunity in colon and lung adenocarcinomas. Lastly, we present evidence for expression of an out-of-frame neoantigen that was capable of driving antitumor cytotoxic T-cell responses. With the growing clinical importance of tumor vaccine therapies, our approach may allow for better selection of therapeutically relevant tumor-specific antigens, including nonclassic out-of-frame antigens capable of driving antitumor immunity."
W2397935820,2014,Exploration of ovarian cancer micro array data focus on gene expression patterns relevant to survival using artificial neural networks.,"A stage III ovarian cancer diagnosis yields a 22% 5-year survival rate, this applies to over half of the 7000 new cases diagnosed each year in the UK. Stratification of patients with this heterogeneous disease, based on active molecular pathways in their cancer, would aid a targeted treatment and improve prognosis. Hundreds of genes have been significantly associated with ovarian cancer, few have yet been verified. Exploration of published microarray data sets using Artificial Neural Networks confirmed the robustness of PRELP as a biomarker for survival time from stage III ovarian cancer, and generated a new panel of 44 genes that significantly predicted survival length of a blind valida- tion set (p=0.00073)."
W2785671534,2018,Chromatin organisation and cancer prognosis: a pan-cancer study,"BACKGROUND: Chromatin organisation affects gene expression and regional mutation frequencies and contributes to carcinogenesis. Aberrant organisation of DNA has been correlated with cancer prognosis in analyses of the chromatin component of tumour cell nuclei using image texture analysis. As yet, the methodology has not been sufficiently validated to permit its clinical application. We aimed to define and validate a novel prognostic biomarker for the automatic detection of heterogeneous chromatin organisation. METHODS: Machine learning algorithms analysed the chromatin organisation in 461 000 images of tumour cell nuclei stained for DNA from 390 patients (discovery cohort) treated for stage I or II colorectal cancer at the Aker University Hospital (Oslo, Norway). The resulting marker of chromatin heterogeneity, termed Nucleotyping, was subsequently independently validated in six patient cohorts: 442 patients with stage I or II colorectal cancer in the Gloucester Colorectal Cancer Study (UK); 391 patients with stage II colorectal cancer in the QUASAR 2 trial; 246 patients with stage I ovarian carcinoma; 354 patients with uterine sarcoma; 307 patients with prostate carcinoma; and 791 patients with endometrial carcinoma. The primary outcome was cancer-specific survival. FINDINGS: In all patient cohorts, patients with chromatin heterogeneous tumours had worse cancer-specific survival than patients with chromatin homogeneous tumours (univariable analysis hazard ratio [HR] 1·7, 95% CI 1·2-2·5, in the discovery cohort; 1·8, 1·0-3·0, in the Gloucester validation cohort; 2·2, 1·1-4·5, in the QUASAR 2 validation cohort; 3·1, 1·9-5·0, in the ovarian carcinoma cohort; 2·5, 1·8-3·4, in the uterine sarcoma cohort; 2·3, 1·2-4·6, in the prostate carcinoma cohort; and 4·3, 2·8-6·8, in the endometrial carcinoma cohort). After adjusting for established prognostic patient characteristics in multivariable analyses, Nucleotyping was prognostic in all cohorts except for the prostate carcinoma cohort (HR 1·7, 95% CI 1·1-2·5, in the discovery cohort; 1·9, 1·1-3·2, in the Gloucester validation cohort; 2·6, 1·2-5·6, in the QUASAR 2 cohort; 1·8, 1·1-3·0, for ovarian carcinoma; 1·6, 1·0-2·4, for uterine sarcoma; 1·43, 0·68-2·99, for prostate carcinoma; and 1·9, 1·1-3·1, for endometrial carcinoma). Chromatin heterogeneity was a significant predictor of cancer-specific survival in microsatellite unstable (HR 2·9, 95% CI 1·0-8·4) and microsatellite stable (1·8, 1·2-2·7) stage II colorectal cancer, but microsatellite instability was not a significant predictor of outcome in chromatin homogeneous (1·3, 0·7-2·4) or chromatin heterogeneous (0·8, 0·3-2·0) stage II colorectal cancer. INTERPRETATION: The consistent prognostic prediction of Nucleotyping in different biological and technical circumstances suggests that the marker of chromatin heterogeneity can be reliably assessed in routine clinical practice and could be used to objectively assist decision making in a range of clinical settings. An immediate application would be to identify high-risk patients with stage II colorectal cancer who might have greater absolute benefit from adjuvant chemotherapy. Clinical trials are warranted to evaluate the survival benefit and cost-effectiveness of using Nucleotyping to guide treatment decisions in multiple clinical settings. FUNDING: The Research Council of Norway, the South-Eastern Norway Regional Health Authority, the National Institute for Health Research, and the Wellcome Trust."
W2724377567,2017,Epigenomic annotation-based interpretation of genomic data: from enrichment analysis to machine learning,"MOTIVATION: One of the goals of functional genomics is to understand the regulatory implications of experimentally obtained genomic regions of interest (ROIs). Most sequencing technologies now generate ROIs distributed across the whole genome. The interpretation of these genome-wide ROIs represents a challenge as the majority of them lie outside of functionally well-defined protein coding regions. Recent efforts by the members of the International Human Epigenome Consortium have generated volumes of functional/regulatory data (reference epigenomic datasets), effectively annotating the genome with epigenomic properties. Consequently, a wide variety of computational tools has been developed utilizing these epigenomic datasets for the interpretation of genomic data. RESULTS: The purpose of this review is to provide a structured overview of practical solutions for the interpretation of ROIs with the help of epigenomic data. Starting with epigenomic enrichment analysis, we discuss leading tools and machine learning methods utilizing epigenomic and 3D genome structure data. The hierarchy of tools and methods reviewed here presents a practical guide for the interpretation of genome-wide ROIs within an epigenomic context. CONTACT: mikhail.dozmorov@vcuhealth.org. SUPPLEMENTARY INFORMATION: Supplementary data are available at Bioinformatics online."
W2903631495,2018,Genome-wide de novo risk score implicates promoter variation in autism spectrum disorder,"INTRODUCTION The DNA of protein-coding genes is transcribed into mRNA, which is translated into proteins. The “coding genome” describes the DNA that contains the information to make these proteins and represents ~1.5% of the human genome. Newly arising de novo mutations (variants observed in a child but not in either parent) in the coding genome contribute to numerous childhood developmental disorders, including autism spectrum disorder (ASD). Discovery of these effects is aided by the triplet code that enables the functional impact of many mutations to be readily deciphered. In contrast, the “noncoding genome” covers the remaining ~98.5% and includes elements that regulate when, where, and to what degree protein-coding genes are transcribed. Understanding this noncoding sequence could provide insights into human disorders and refined control of emerging genetic therapies. Yet little is known about the role of mutations in noncoding regions, including whether they contribute to childhood developmental disorders, which noncoding elements are most vulnerable to disruption, and the manner in which information is encoded in the noncoding genome. RATIONALE Whole-genome sequencing (WGS) provides the opportunity to identify the majority of genetic variation in each individual. By performing WGS on 1902 quartet families including a child affected with ASD, one unaffected sibling control, and their parents, we identified ~67 de novo mutations across each child’s genome. To characterize the functional role of these mutations, we integrated multiple datasets relating to gene function, genes implicated in neurodevelopmental disorders, conservation across species, and epigenetic markers, thereby combinatorially defining 55,143 categories. The scope of the problem—testing for an excess of de novo mutations in cases relative to controls for each category—is challenging because there are more categories than families. RESULTS Comparing cases to controls, we observed an excess of de novo mutations in cases in individual categories in the coding genome but not in the noncoding genome. To overcome the challenge of detecting noncoding association, we used machine learning tools to develop a de novo risk score to look for an excess of de novo mutations across multiple categories. This score demonstrated a contribution to ASD risk from coding mutations and a weaker, but significant, contribution from noncoding mutations. This noncoding signal was driven by mutations in the promoter region, defined as the 2000 nucleotides upstream of the transcription start site (TSS) where mRNA synthesis starts. The strongest promoter signals were defined by conservation across species and transcription factor binding sites. Well-defined promoter elements (e.g., TATA-box) are usually observed within 80 nucleotides of the TSS; however, the strongest ASD association was observed distally, 750 to 2000 nucleotides upstream of the TSS. CONCLUSION We conclude that de novo mutations in the noncoding genome contribute to ASD. The clearest evidence of noncoding ASD association came from mutations at evolutionarily conserved nucleotides in the promoter region. The enrichment for transcription factor binding sites, primarily in the distal promoter, suggests that these mutations may disrupt gene transcription via their interaction with enhancer elements in the promoter region, rather than interfering with transcriptional initiation directly. Promoter regions in autism. De novo mutations from 1902 quartet families are assigned to 55,143 annotation categories, which are each assessed for autism spectrum disorder (ASD) association by comparing mutation counts in cases and sibling controls. A de novo risk score demonstrated a noncoding contribution to ASD driven by promoter mutations, especially at sites conserved across species, in the distal promoter or targeted by transcription factors."
W2919492582,2019,Decoding Complexity in Metabolic Networks using Integrated Mechanistic and Machine Learning Approaches,"How can we get living cells to do what we want? What do they actually ‘want’? What ‘rules’ do they observe? How can we better understand and manipulate them? Answers to fundamental research questions like these are critical to overcoming bottlenecks in metabolic engineering and optimizing heterologous pathways for synthetic biology applications. Unfortunately, biological systems are too complex to be completely described by physicochemical modeling alone. In this research, I developed and applied integrated mechanistic and data-driven frameworks to help uncover the mysteries of cellular regulation and control. These tools provide a computational framework for seeking answers to pertinent biological questions. Four major tasks were accomplished. First, I developed innovative tools for key areas in the genome-to-phenome mapping pipeline. An efficient gap filling algorithm (called BoostGAPFILL) that integrates mechanistic and machine learning techniques was developed for the refinement of genome-scale metabolic network reconstructions. Genome-scale metabolic network reconstructions are finding ever increasing applications in metabolic engineering for industrial, medical and environmental purposes. Second, I designed a thermodynamics-based framework (called REMEP) for mutant phenotype prediction (integrating metabolomics, fluxomics and thermodynamics data). These tools will go a long way in improving the fidelity of model predictions of microbial cell factories. Third, I designed a data-driven framework for characterizing and predicting the effectiveness of metabolic engineering strategies. This involved building a knowledgebase of historical microbial cell factory performance from published literature. Advanced machine learning concepts, such as ensemble learning and data augmentation, were employed in combination with standard mechanistic models to develop a predictive platform for important industrial biotechnology metrics such as yield, titer, and productivity. Fourth, my modeling tools and skills have been used for case studies on fungal lipid metabolism analyses, E. coli resource allocation balances, reconstruction of the genome-scale metabolic network for a non-model species, R. opacus, as well as the rapid prediction of bacterial heterotrophic fluxomics. In the long run, this integrated modeling approach will significantly shorten the “design-build-test-learn” cycle of metabolic engineering, as well as provide a platform for biological discovery."
W2083697083,2013,Visualized Computational Predictions of Transcriptional Effects by Intronic Endogenous Retroviruses,"When endogenous retroviruses (ERVs) or other transposable elements (TEs) insert into an intron, the consequence on gene transcription can range from negligible to a complete ablation of normal transcripts. With the advance of sequencing technology, more and more insertionally polymorphic or private TE insertions are being identified in humans and mice, of which some could have a significant impact on host gene expression. Nevertheless, an efficient and low cost approach to prioritize their potential effect on gene transcription has been lacking. By building a computational model based on artificial neural networks (ANN), we demonstrate the feasibility of using machine-learning approaches to predict the likelihood that intronic ERV insertions will have major effects on gene transcription, focusing on the two ERV families, namely Intracisternal A-type Particle (IAP) and Early Transposon (ETn)/MusD elements, which are responsible for the majority of ERV-induced mutations in mice. We trained the ANN model using properties associated with these ERVs known to cause germ-line mutations (positive cases) and properties associated with likely neutral ERVs of the same families (negative cases), and derived a set of prediction plots that can visualize the likelihood of affecting gene transcription by ERV insertions. Our results show a highly reliable prediction power of our model, and offer a potential approach to computationally screen for other types of TE insertions that may affect gene transcription or even cause disease."
W3093783017,2020,A generalized machine‐learning aided method for targeted identification of industrial enzymes from metagenome: A xylanase temperature dependence case study,"Growing industrial utilization of enzymes and the increasing availability of metagenomic data highlight the demand for effective methods of targeted identification and verification of novel enzymes from various environmental microbiota. Xylanases are a class of enzymes with numerous industrial applications and are involved in the degradation of xylose, a component of lignocellulose. The optimum temperature of enzymes is an essential factor to be considered when choosing appropriate biocatalysts for a particular purpose. Therefore, in silico prediction of this attribute is a significant cost and time-effective step in the effort to characterize novel enzymes. The objective of this study was to develop a computational method to predict the thermal dependence of xylanases. This tool was then implemented for targeted screening of putative xylanases with specific thermal dependencies from metagenomic data and resulted in the identification of three novel xylanases from sheep and cow rumen microbiota. Here we present thermal activity prediction for xylanase, a new sequence-based machine learning method that has been trained using a selected combination of various protein features. This random forest classifier discriminates non-thermophilic, thermophilic, and hyper-thermophilic xylanases. The model's performance was evaluated through multiple iterations of sixfold cross-validations as well as holdout tests, and it is freely accessible as a web-service at arimees.com."
W2969701269,2019,An elastic-net logistic regression approach to generate classifiers and gene signatures for types of immune cells and T helper cell subsets,"BACKGROUND: Host immune response is coordinated by a variety of different specialized cell types that vary in time and location. While host immune response can be studied using conventional low-dimensional approaches, advances in transcriptomics analysis may provide a less biased view. Yet, leveraging transcriptomics data to identify immune cell subtypes presents challenges for extracting informative gene signatures hidden within a high dimensional transcriptomics space characterized by low sample numbers with noisy and missing values. To address these challenges, we explore using machine learning methods to select gene subsets and estimate gene coefficients simultaneously. RESULTS: Elastic-net logistic regression, a type of machine learning, was used to construct separate classifiers for ten different types of immune cell and for five T helper cell subsets. The resulting classifiers were then used to develop gene signatures that best discriminate among immune cell types and T helper cell subsets using RNA-seq datasets. We validated the approach using single-cell RNA-seq (scRNA-seq) datasets, which gave consistent results. In addition, we classified cell types that were previously unannotated. Finally, we benchmarked the proposed gene signatures against other existing gene signatures. CONCLUSIONS: Developed classifiers can be used as priors in predicting the extent and functional orientation of the host immune response in diseases, such as cancer, where transcriptomic profiling of bulk tissue samples and single cells are routinely employed. Information that can provide insight into the mechanistic basis of disease and therapeutic response. The source code and documentation are available through GitHub: https://github.com/KlinkeLab/ImmClass2019 ."
W2885894921,2018,Prognosis in myelodysplastic syndromes: The attractions and limitations of simplicity,"Legendary physicist Enrico Fermi (1901–1954) was known for making surprisingly accurate quantitative estimates on the fly, often with few definitive data from which to work. He famously estimated to within a few kilotons the strength of the initial atomic bomb burst at the 1945 Trinity test site, merely by tossing some papers into the New Mexico desert air at the moment the atomic wind reached his observing station and measuring how far they flew.1 Fermi's back-of-the-envelope style of estimates, which became known as “Fermi problems,” are still widely used by scientists and engineers today, since they provide a first approximation that can reveal whether subsequent calculations are likely to be erroneous. Fermi problems can be used to guess everything from the number of piano tuners in St. Louis to the quantity of leaves in Central Park or hairs on a human scalp. In the natural sciences, sometimes just being in the ballpark with an estimate can provide an interesting insight or can sketch the outlines of a more definitive solution. When it comes to estimating prognosis for a human disease, there is a tension between such quick calculations versus results generated using more detailed, but time-consuming, approaches. This tension is heightened by the increasingly hectic environment of clinical practice, especially in the United States, where documentation burden and poorly chosen payer metrics mean that the average patient encounter requires doctors to spend more than twice as much time charting as face-to-face with the patient.2 Under such malignant time pressures, practicing clinicians prefer to make calculations for patient management using simple tools they can memorize or post on the wall of a clinic workroom, rather than needing to take the time to log in to a dedicated website or a mobile app. For example, while frailty indices that incorporate multiple tests and lengthy depression screening questionnaires are all well validated, geriatricians can learn a lot just from watching an older person get up from a chair and walk, and palliative care physicians know that asking a patient, “Are you depressed?” is a screening tool with startlingly high sensitivity and specificity.3, 4 In the context of myelodysplastic syndromes (MDS), risk stratification is especially important for counseling patients and selecting treatment, because MDS are highly heterogeneous with a diverse natural history.5 Some patients will die of complications of cytopenias within just a few months of diagnosis, while others will live more than a decade with smoldering, indolent disease that has only a modest impact on their lifestyle. The most widely used risk stratification tool in MDS to distinguish between these groups is the revised International Prognostic Scoring System (IPSS-R), published by the International Working Group for Prognosis in MDS (IWG-PM) in 2012.6 The IPSS-R includes the number and depth of cytopenias, marrow blast proportion, and karyotype, and separates patients into five distinct risk groups. The IPSS-R does not include molecular genetic data, since it was developed from datasets created before the contemporary era in which next generation sequencing is widely used in clinical practice. Therefore, it is a high priority to integrate molecular data into existing risk stratification systems such as the IPSS-R, as well as to try to overcome other limitations of the IPSS-R, such as its validity only at the time of initial diagnosis in untreated patients with de novo disease. But genomics in particular is challenging to incorporate in a simple fashion into familiar clinicopathological risk stratification systems, since a binary yes/no answer about a mutation provides only limited information about disease biology, and mutation status is highly dependent on context. As Einstein allegedly said, “Everything should be made as simple as possible—but not simpler.” MDS are associated with tremendous molecular heterogeneity, with dozens of genes recurrently mutated; none of the individual alterations are observed in more than 25%-30% of patients.7 These diseases are also often oligoclonal with a complex clonal architecture,8 and some altered proteins encoded by mutant genes may interact while others have no cross-talk. In addition, while for some genes there are recurrent hotspots (eg, almost all U2AF1 mutations are S34 or Q157P, and NRAS mutations cluster in codons 12, 13, and 61), for other genes such as TP53 there are myriad variations including point mutations that differ from each other in prognosis and that differ from gene deletions. Further, some variants picked up on current sequencing platforms are even germline, which is not always straightforward to determine but can have important implications both for treatment approach and for counseling of families.9 Gangat et al. from Mayo Clinic have studied 300 patients with primary MDS and analyzed the implications of mutations detected by a targeted capture assay of 27 genes in the context of the Mayo cytogenetic risk stratification system.10 The investigators had previously reported this karyotyping risk model, which recognizes the high risk of monosomal karyotype and weights such karyotypes accordingly.11 For simplicity's sake, the Mayo cytogenetic system groups IPSS-R-associated karyotype changes into two groups (Mayo intermediate risk = IPSS-R intermediate/poor/very poor, while Mayo low risk = IPSS-R good/very good). In the new Mayo series incorporating targeted DNA sequencing, RUNX1 and ASXL1 mutations were associated with independent adverse prognosis, while SF3B1 mutations were more favorable. TP53 mutations—identified in most other series as indicative of a grim prognosis (and uncommon in de novo disease compared with therapy-related MDS/AML)—were identified as adverse in univariate analysis; however, TP53 did not have independent significance in multivariable analysis, probably because these mutations cluster with complex and monosomal karyotype already accounted for by the cytogenetic component of the Mayo system. The current Mayo series benefits from high-quality hematopathology and cytogenetics, and detailed clinical characterization of patients by the Mayo hematology consultants. Because of the mutational complexity in MDS, properly accounting for clonal heterogeneity will require a very large dataset indeed. The IWG-PM is currently coordinating a multinational effort that will include sequencing data for 17 genes more than 3500 patients from 19 centers and result in an IPSS-R with molecular data (“IPSS-RM”). Bejar et al. presented a first pass of these data in abstract form in 2015, at which time mutation in SF3B1 was reported as independently favorable and TP53 unfavorable; illustrating the potential interaction between co-mutations, DNMT3A was moderately unfavorable with respect to overall survival, but when co-mutated with SF3B1, DNMT3A was associated with outcomes just as good as for SF3B1 mutation alone.12 But even this large IWG-PM dataset will not include substantial numbers of patients with all possible co-mutation patterns, or dynamic information obtained across the disease course—nor can it include relevant non-cell-autonomous information such as the status of the marrow microenvironment or immune response to the mutant cells, which are clearly important in risk of clonal progression and clinical outcome, but are currently not easily measurable.13 There will always be a place for back-of-the-envelope estimates such as that proposed by Gangat et al., but the complexity of clonal architecture in a disease like MDS mean that machine learning will be required to sort out what gene mutations mean, and electronic computational tools will be needed in the clinic to apply next-generation sequencing results in individual cases. The major electronic medical record tools as currently designed cannot even automatically calculate something as basic as the IPSS-R, and they make physicians' lives more difficult, but ultimately well-designed electronic tools will be our salvation. Even Fermi used computers when available: ENIAC, the first general-purpose computer, debuted in 1946, and Fermi was a member of the very first team granted access to this “Great Brain.” Nothing to report. The authors have no relevant disclosures."
W2523062606,2016,iRSpot-DACC: a computational predictor for recombination hot/cold spots identification based on dinucleotide-based auto-cross covariance,"Meiotic recombination presents an uneven distribution across the genome. Genomic regions that exhibit at relatively high frequencies of recombination are called hotspots, whereas those with relatively low frequencies of recombination are called coldspots. Therefore, hotspots and coldspots would provide useful information for the study of the mechanism of recombination. In this study, we proposed a computational predictor called iRSpot-DACC to predict hot/cold spots across the yeast genome. It combined Support Vector Machines (SVMs) and a feature called dinucleotide-based auto-cross covariance (DACC), which is able to incorporate the global sequence-order information and fifteen local DNA properties into the predictor. Combined with Principal Component Analysis (PCA), its performance was further improved. Experimental results on a benchmark dataset showed that iRSpot-DACC can achieve an accuracy of 82.7%, outperforming some highly related methods."
W3114052947,2020,Benchmarking Small-Dataset Structure-Activity-Relationship Models for Prediction of Wnt Signaling Inhibition,"Quantitative structure-activity relationship (QSAR) models based on machine learning algorithms are powerful tools to expedite drug discovery processes and therapeutics development. Given the cost in acquiring large-sized training datasets, it is useful to examine if QSAR analysis can reasonably predict drug activity with only a small-sized dataset (size <; 100) and benchmark these small-dataset QSAR models in application-specific studies. To this end, here we present a systematic benchmarking study on small-dataset QSAR models built for prediction of effective Wnt signaling inhibitors, which are essential to therapeutics development in prevalent human diseases (e.g., cancer). Specifically, we examined a total of 72 two-dimensional (2D) QSAR models based on 4 best-performing algorithms, 6 commonly used molecular fingerprints, and 3 typical fingerprint lengths. We trained these models using a training dataset (56 compounds), benchmarked their performance on 4 figures-of-merit (FOMs), and examined their prediction accuracy using an external validation dataset (14 compounds). Our data show that the model performance is maximized when: 1) molecular fingerprints are selected to provide sufficient, unique, and not overly detailed representations of the chemical structures of drug compounds; 2) algorithms are selected to reduce the number of false predictions due to class imbalance in the dataset; and 3) models are selected to reach balanced performance on all 4 FOMs. These results may provide general guidelines in developing high-performance small-dataset QSAR models for drug activity prediction."
W4256651141,2020,Artificial Intelligence Tracks Down Acute Myeloid Leukemia,"Acute Myeloid Leukemia: Acute Myeloid LeukemiaArtificial intelligence can detect one of the most common forms of blood cancer—acute myeloid leukemia (AML)—with high reliability. Researchers at the German Center for Neurodegenerative Diseases (DZNE) and the University of Bonn have now shown this in a proof-of-concept study. Their approach is based on the analysis of the gene activity of cells found in the blood. Used in practice, this approach could support conventional diagnostics and possibly accelerate the beginning of therapy. The research results have been published in the journal iScience (2019; doi: 10.1016/j.isci.2019.100780). Artificial intelligence is a much-discussed topic in medicine, especially in the field of diagnostics. “We aimed to investigate the potential on the basis of a specific example,” explained Joachim Schultze, PhD, a research group leader at the DZNE and Head of the Department for Genomics and Immunoregulation at the LIMES Institute of the University of Bonn. “Because this requires large amounts of data, we evaluated data on the gene activity of blood cells. Numerous studies have been carried out on this topic and the results are available through databases. Thus, there is an enormous data pool. We have collected virtually everything that is currently available.” Fingerprint of Gene Activity Schultze and his colleagues focused on the transcriptome, which is a kind of fingerprint of gene activity. In each and every cell, depending on its condition, only certain genes are actually “switched on,” which is reflected in their profiles of gene activity. Exactly such data—derived from cells in blood samples and spanning many thousands of genes—were analyzed in the current study. “The transcriptome holds important information about the condition of cells. However, classical diagnostics is based on different data. We therefore wanted to find out what an analysis of the transcriptome can achieve using artificial intelligence, that is to say trainable algorithms,” said Schultze, who is member of the Bonn-based “ImmunoSensation” cluster of excellence. “In the long term, we intend to apply this approach to further topics, in particular in the field of dementia.” The current study focused on AML. It is associated with the proliferation of pathologically altered bone marrow cells, which can ultimately enter the bloodstream. Ultimately both healthy cells and tumor cells drift in the blood. All these cells exhibit typical gene activity patterns, which were all considered in the analysis. Data from more than 12,000 blood samples—these came from 105 different studies—were taken into account: the largest dataset to date for a meta-study on AML. Approximately 4,100 of these blood samples derived from individuals diagnosed with AML, the remaining ones had been taken from individuals with other diseases or from healthy individuals. The scientists fed their algorithms parts of this data set. The input included information about whether a sample came from an AML patient or not. “The algorithms then searched the transcriptome for disease-specific patterns. This is a largely automated process. It's called machine learning,” said Schultze. Based on this pattern recognition, further data was analyzed and classified by the algorithms, i.e., categorized into samples with AML and without AML. “Of course, we knew the classification as it was listed in the original data, but the software did not. We then checked the hit rate. It was above 99 percent for some of the applied methods. In fact, we tested various methods from the repertoire of machine learning and artificial intelligence. There was actually one algorithm that was particularly good, but the others were close behind.” Application in Practice? Put into application, this method could support conventional diagnostics and help save costs, said Schultze. “In principle, a blood sample taken by the family doctor and sent to a laboratory for analysis could suffice.” Classical AML diagnostics includes a variety of methods. Some of these cost a few hundred euros per run, Schultze noted. “However, we have not yet developed a workable test. We have only shown that the approach works in principle. So we have laid the groundwork for developing a test.” Schultze emphasized that the diagnosis of AML will continue to require specialized physicians in the future. “The aim is to provide the experts with a tool that supports them in their diagnosis. In addition, many patients go through a real odyssey until they finally end up with a specialist and get a diagnosis.” Because in the early stages the symptoms of AML can resemble those of a bad cold. However, AML is a life-threatening disease that should be treated as quickly as possible. “With a blood test, as it seems possible on the basis of our study, it is conceivable that the family doctor would already clarify a suspicion of AML. And when the suspicion is confirmed, the patient is referred to a specialist. Possibly, the diagnosis would then happen earlier than it does now and therapy could start earlier.” Find More Leukemia Content Online Oncology Times offers a collection of leukemia articles all in one place. Visit www.oncology-times.com and click on the Collections tab. There you can sign up to be notified when new leukemia content goes live. Sign up today!"
W2465806025,2015,CBM-16TUMOR-EDUCATED PLATELET-BASED LIQUID BIOPSIES IN GLIOBLASTOMA PATIENTS,"INTRODUCTION: Blood-based liquid biopsies are a potential approach for leveraging clinical cancer diagnostics and patients' treatment. However, so far, diagnostic, prognostic, predictive, and monitoring biomarkers for patients with diffuse glioma are only limitedly available, and require further validation. Tumor-educated blood platelets (TEPs) sequester several biomolecules, including EGFRvIII mRNA, during tumor growth, thereby altering their RNA profile. Therefore, we reasoned that TEPs may serve as an potential biosource for blood-based biomarkers. METHODS: Blood platelets of patients with glioblastoma and healthy individuals were isolated and subjected to total RNA isolation. Platelet mRNA was amplified using full-length SMARTer mRNA amplification, and processed for sequencing on the Illumina platform. Raw sequencing data was aligned and summarized to the human reference genome using STAR and HTseq, and subjected to differential expression analyses, hierarchical clustering and support vector machine (SVM) classification. RESULTS: We characterized the platelet RNA of 39 glioblastoma patients, and 52 healthy individuals by high-throughput RNA-sequencing. Glioblastoma patient-derived TEPs contained 457 RNAs (FDR < 0.001) that were differentially expressed as compared to healthy individuals. Gene ontology showed that these RNAs are implicated in several biological processes such as RNA translation, immune response, and DNA repair. Using SVM classification we readily separated both groups from each other (accuracy: 94%, AUC: 0.982). CONCLUSIONS AND FUTURE EXPERIMENTS: Our results suggest that TEPs harbour potential as a diagnostic biosource. To further evaluate the biomarker potential, follow-up studies using additional samples, including samples of lower grade glioma and brain metastases patients are under way. Furthermore, we have initiated the collection of clinical follow-up platelet samples to identify the potential of TEPs as disease monitoring biomarkers in glioma patients. Eventually, we believe TEPs have the potential to guide clinical decision making in every day practice."
W3035863125,2020,Infinity Flow: High-throughput single-cell quantification of 100s of proteins using conventional flow cytometry and machine learning,"Abstract Modern immunologic research increasingly requires high-dimensional analyses in order to understand the complex milieu of cell-types that comprise the tissue microenvironments of disease. To achieve this, we developed Infinity Flow combining hundreds of overlapping flow cytometry panels using machine learning to enable the simultaneous analysis of the co-expression patterns of 100s of surface-expressed proteins across millions of individual cells. In this study, we demonstrate that this approach allows the comprehensive analysis of the cellular constituency of the steady-state murine lung and to identify novel cellular heterogeneity in the lungs of melanoma metastasis bearing mice. We show that by using supervised machine learning, Infinity Flow enhances the accuracy and depth of clustering or dimensionality reduction algorithms. Infinity Flow is a highly scalable, low-cost and accessible solution to single cell proteomics in complex tissues."
W2103194603,2011,Volatile Compound Fingerprinting of Mixed-Culture Fermentations,"With the advent of the -omics era, classical technology platforms, such as hyphenated mass spectrometry, are currently undergoing a transformation toward high-throughput application. These novel platforms yield highly detailed metabolite profiles in large numbers of samples. Such profiles can be used as fingerprints for the accurate identification and classification of samples as well as for the study of effects of experimental conditions on the concentrations of specific metabolites. Challenges for the application of these methods lie in the acquisition of high-quality data, data normalization, and data mining. Here, a high-throughput fingerprinting approach based on analysis of headspace volatiles using ultrafast gas chromatography coupled to time of flight mass spectrometry (ultrafast GC/TOF-MS) was developed and evaluated for classification and screening purposes in food fermentation. GC-MS mass spectra of headspace samples of milk fermented by different mixed cultures of lactic acid bacteria (LAB) were collected and preprocessed in MetAlign, a dedicated software package for the preprocessing and comparison of liquid chromatography (LC)-MS and GC-MS data. The Random Forest algorithm was used to detect mass peaks that discriminated combinations of species or strains used in fermentations. Many of these mass peaks originated from key flavor compounds, indicating that the presence or absence of individual strains or combinations of strains significantly influenced the concentrations of these components. We demonstrate that the approach can be used for purposes like the selection of strains from collections based on flavor characteristics and the screening of (mixed) cultures for the presence or absence of strains. In addition, we show that strain-specific flavor characteristics can be traced back to genetic markers when comparative genome hybridization (CGH) data are available."
W2779910604,2017,New Deep Learning Methods for Protein Loop Modeling,"Computational protein structure prediction is a long-standing challenge in bioinformatics. In the process of predicting protein 3D structures, it is common that parts of an experimental structure are missing or parts of a predicted structure need to be remodeled. The process of predicting local protein structures of particular regions is called loop modeling. In this paper, five new loop modeling methods based on machine learning techniques, called NearLooper, ConLooper, ResLooper, HyLooper1, and HyLooper2 are proposed. NearLooper is based on the nearest neighbor technique. ConLooper applies deep convolutional neural networks to predict ${\mathrm{C}}_{{{\alpha }}}$Cα atoms distance matrix as an orientation-independent representation of protein structure. ResLooper uses residual neural networks instead of deep convolutional neural networks. HyLooper1 combines the results of NearLooper and ConLooper while HyLooper2 combines NearLooper and ResLooper. Three commonly used benchmarks for loop modeling are used to compare the performance between these methods and existing state-of-the-art methods. The experiment results show promising performance in which our best method improves existing state-of-the-art methods by 28 and 54 percent of average RMSD on two datasets while being comparable on the other one."
W2901933822,2018,Systematic Analysis and Biomarker Study for Alzheimer’s Disease,"Revealing the relationship between dysfunctional genes in blood and brain tissues from patients with Alzheimer's Disease (AD) will help us to understand the pathology of this disease. In this study, we conducted the first such large systematic analysis to identify differentially expressed genes (DEGs) in blood samples from 245 AD cases, 143 mild cognitive impairment (MCI) cases, and 182 healthy control subjects, and then compare these with DEGs in brain samples. We evaluated our findings using two independent AD blood datasets and performed a gene-based genome-wide association study to identify potential novel risk genes. We identified 789 and 998 DEGs common to both blood and brain of AD and MCI subjects respectively, over 77% of which had the same regulation directions across tissues and disease status, including the known ABCA7, and the novel TYK2 and TCIRG1. A machine learning classification model containing NDUFA1, MRPL51, and RPL36AL, implicating mitochondrial and ribosomal function, was discovered which discriminated between AD patients and controls with 85.9% of area under the curve and 78.1% accuracy (sensitivity = 77.6%, specificity = 78.9%). Moreover, our findings strongly suggest that mitochondrial dysfunction, NF-κB signalling and iNOS signalling are important dysregulated pathways in AD pathogenesis."
W2170148579,2013,Highlights of Recent Articles on Data Mining in Genomics and Proteomics,"Advancements in ‘Omics’ technologies continue to enhance research to solve the world’s medical and agricultural problems. The 2012 issues of Data Mining in Genomics & Proteomics solicited contributions from leading authors covering various aspects of data mining technologies for genomics and proteomics, and the application of these technologies to biological sciences. Zhou et al. [1] developed a computational platform called OmicsMiner to facilitate the design of customized pipelines to process multiple biological datasets. The platform is adaptable and can easily be expanded by integrating new algorithms and protocols. OmicsMiner has a well-designed graphical interface for data processing that utilizes Java protocols, which do not require additional sub-protocol installations. Gomase and Chitlange [2] describe a microbial proteomic approach to predict the binding ability of antigen protein for selecting nonamers for use in rational vaccine design and increase understanding of the roles of the immune system in infectious diseases. They demonstrated the utility of this approach in a project to examine the tapeworm parasite of sheep, Taenia ovis, which causes Sheep Measles. The authors used position specific scoring matrices (PSSM) for antigen design. Prediction of antigen binding ability is important in vaccine development for Sheep Measles and was obtained by using the support vector machine (SVM) based method. A proteomic approach employing 2-dimensional polyacrylamide gel electrophoresis (2D-PAGE) was used by Yang et al. [3] to separate the membrane proteins of the Chinese Brucella melitensis M5 strain that causes livestock and human disease. Characterization and identification of immunogenic proteins were accomplished using protein blots, mass spectrometry and bioinformatics. Using this approach, they were able to identify immune reactive proteins that show promise as vaccine candidates. In another protein related article, Sharma and Bhalla [4] reported on the computational analysis of nitrilase enzymes to define unique motifs, and correlated physiochemical and phylogenetic analyses. The results can be applied to the prediction and differentiation of these enzymes based on their substrate specificity and to find new sources of nitrilase across various databases. Several approaches to disease control and prevention were discussed in articles addressing the association of increased B-cell activating factor (BAFF) expression with disease markers in patients with Lupus Nephritis (LN), the potential advantages of retinoids treatment in LN, and the role of glycoprotein M64 (GPM6A) in human thyroid cancer. Eilertsen et al. [5] utilized quantitative RT-PCR to analyze gene expression in systemic lupus erythematosus patients and further investigated their reaction with clinical, histological and acute phase protein. They found increased BAFF mRNA expression and concluded that the increase is not reflective of histological disease severity. A review article by Khalid et al. [6] presents an overview of therapeutic use of retinoids, a group of natural and synthetic derivatives of vitamin A for LN. The review discusses the details of LN pathogenesis and severity in humans, and current and new agents for the treatment."
W3110637724,2020,Single-Cell Spatial Analysis of Tumor and Immune Microenvironment on Whole-Slide Image Reveals Hepatocellular Carcinoma Subtypes,"Hepatocellular carcinoma (HCC) is a heterogeneous disease with diverse characteristics and outcomes. Here, we aim to develop a histological classification for HCC by integrating computational imaging features of the tumor and its microenvironment. We first trained a multitask deep-learning neural network for automated single-cell segmentation and classification on hematoxylin- and eosin-stained tissue sections. After confirming the accuracy in a testing set, we applied the model to whole-slide images of 304 tumors in the Cancer Genome Atlas. Given the single-cell map, we calculated 246 quantitative image features to characterize individual nuclei as well as spatial relations between tumor cells and infiltrating lymphocytes. Unsupervised consensus clustering revealed three reproducible histological subtypes, which exhibit distinct nuclear features as well as spatial distribution and relation between tumor cells and lymphocytes. These histological subtypes were associated with somatic genomic alterations (i.e., aneuploidy) and specific molecular pathways, including cell cycle progression and oxidative phosphorylation. Importantly, these histological subtypes complement established molecular classification and demonstrate independent prognostic value beyond conventional clinicopathologic factors. Our study represents a step forward in quantifying the spatial distribution and complex interaction between tumor and immune microenvironment. The clinical relevance of the imaging subtypes for predicting prognosis and therapy response warrants further validation."
W2063442567,2011,Automated gene oscillation phase classification for zebrafish presomitic mesoderm cells,"Zebrafish somitogenesis is governed by a segmentation clock that generates oscillations of gene expression in the zebrafish presomitic mesoderm (PSM) cells. The segmentation clock causes cells to undergo repeated cycles of transcriptional activation and repression, which can be divided into eight phases based on their distinct mRNA co-localizations. Recognizing different gene oscillation phases of cells is important in zebrafish research, but manual analysis is time-consuming and difficult. In this article, an effective automated gene oscillation phase classification framework is established for zebrafish PSM cell images. The framework consists of three major steps: (1) identify the individual cells by a two-stage segmentation procedure; (2) extract multiple features on each cell patch to measure the subcellular mRNA distribution; (3) employ a support vector machine (SVM) with a combined kernel to complete feature fusion and classification. To evaluate the effectiveness of this framework, a dataset containing 2,227 cell samples is constructed. Experimental results on this dataset indicate that our approach can achieve reasonably good performance for this gene oscillation classification problem. The feature sets NF9 and SPIN introduced in this article have proved to be superior to other cell features in this problem. Besides, the kernel fusion method used in the third step provides a way to combine heterogeneous features together, i.e., numerical feature set and histogram-based feature set, and classification performance with the combined kernel is better than single feature."
W3001669356,2020,Large-scale DNA-based phenotypic recording and deep learning enable highly accurate sequence-function mapping,"Abstract Predicting quantitative effects of gene regulatory elements (GREs) on gene expression is a longstanding challenge in biology. Machine learning models for gene expression prediction may be able to address this challenge, but they require experimental datasets that link large numbers of GREs to their quantitative effect. However, current methods to generate such datasets experimentally are either restricted to specific applications or limited by their technical complexity and error-proneness. Here we introduce DNA-based phenotypic recording as a widely applicable and practical approach to generate very large datasets linking GREs to quantitative functional readouts of high precision, temporal resolution, and dynamic range, solely relying on sequencing. This is enabled by a novel DNA architecture comprising a site-specific recombinase, a GRE that controls recombinase expression, and a DNA substrate modifiable by the recombinase. Both GRE sequence and substrate state can be determined in a single sequencing read, and the frequency of modified substrates amongst constructs harbouring the same GRE is a quantitative, internally normalized readout of this GRE’s effect on recombinase expression. Using next-generation sequencing, the quantitative expression effect of extremely large GRE sets can be assessed in parallel. As a proof of principle, we apply this approach to record translation kinetics of more than 300,000 bacterial ribosome binding sites (RBSs), collecting over 2.7 million sequence-function pairs in a single experiment. Further, we generalize from these large-scale datasets by a novel deep learning approach that combines ensembling and uncertainty modelling to predict the function of untested RBSs with high accuracy, substantially outperforming state-of-the-art methods. The combination of DNA-based phenotypic recording and deep learning represents a major advance in our ability to predict quantitative function from genetic sequence."
W2122590558,2014,A document classifier for medicinal chemistry publications trained on the ChEMBL corpus,"BACKGROUND: The large increase in the number of scientific publications has fuelled a need for semi- and fully automated text mining approaches in order to assist in the triage process, both for individual scientists and also for larger-scale data extraction and curation into public databases. Here, we introduce a document classifier, which is able to successfully distinguish between publications that are 'ChEMBL-like' (i.e. related to small molecule drug discovery and likely to contain quantitative bioactivity data) and those that are not. The unprecedented size of the medicinal chemistry literature collection, coupled with the advantage of manual curation and mapping to chemistry and biology make the ChEMBL corpus a unique resource for text mining. RESULTS: The method has been implemented as a data protocol/workflow for both Pipeline Pilot (version 8.5) and KNIME (version 2.9) respectively. Both workflows and models are freely available at: ftp://ftp.ebi.ac.uk/pub/databases/chembl/text-mining. These can be readily modified to include additional keyword constraints to further focus searches. CONCLUSIONS: Large-scale machine learning document classification was shown to be very robust and flexible for this particular application, as illustrated in four distinct text-mining-based use cases. The models are readily available on two data workflow platforms, which we believe will allow the majority of the scientific community to apply them to their own data. ᅟ: Graphical AbstractMultidimensional scaling analysis applied to document vectors derived from titles and abstracts in different corpora. Notably, there is large overlap between the documents in the different ChEMBL versions and BindingDB, while the background MEDLINE set is largely divergent."
W2780476878,2017,A Comparative Study of Different Machine Learning Algorithms on Gene Expression Profile Classification,"Many machine learning algorithms have been used to classify gene expression profiles in recently years. In order to furtherly study the performances of different machine learning algorithms on gene expression profiles classification, this paper compare the classification accuracy, run time and stability the of different machine learning algorithms including SVM, Decision tree, PNN, k-Nearest Neighbor, Bayesian and ELM on benchmark gene expression profile datasets. It provides a basis for scientific use of machine learning algorithms on gene expression profiles classification."
W3005928777,2020,Graph Traversal Edit Distance and Extensions,"Many problems in applied machine learning deal with graphs (also called networks), including social networks, security, web data mining, protein function prediction, and genome informatics. The kernel paradigm beautifully decouples the learning algorithm from the underlying geometric space, which renders graph kernels important for the aforementioned applications. In this article, we give a new graph kernel, which we call graph traversal edit distance (GTED). We introduce the GTED problem and give the first polynomial time algorithm for it. Informally, the GTED is the minimum edit distance between two strings formed by the edge labels of respective Eulerian traversals of the two graphs. Also, GTED is motivated by and provides the first mathematical formalism for sequence co-assembly and de novo variation detection in bioinformatics. We demonstrate that GTED admits a polynomial time algorithm using a linear program in the graph product space that is guaranteed to yield an integer solution. To the best of our knowledge, this is the first approach to this problem. We also give a linear programming relaxation algorithm for a lower bound on GTED. We use GTED as a graph kernel and evaluate it by computing the accuracy of a support vector machine (SVM) classifier on a few data sets in the literature. Our results suggest that our kernel outperforms many of the common graph kernels in the tested data sets. As a second set of experiments, we successfully cluster viral genomes using GTED on their assembly graphs obtained from de novo assembly of next-generation sequencing reads."
W3004519915,2020,"A robust and interpretable, end-to-end deep learning model for cytometry data","Abstract Cytometry technologies are essential tools for immunology research, providing high-throughput measurements of the immune cells at the single-cell level. Traditional approaches in interpreting and using cytometry measurements include manual or automated gating to identify cell subsets from the cytometry data, providing highly intuitive results but may lead to significant information loss, in that additional details in measured or correlated cell signals might be missed. In this study, we propose and test a deep convolutional neural network for analyzing cytometry data in an end-to-end fashion, allowing a direct association between raw cytometry data and the clinical outcome of interest. Using nine large CyTOF studies from the open-access ImmPort database, we demonstrated that the deep convolutional neural network model can accurately diagnose the latent cytomegalovirus (CMV) in healthy individuals, even when using highly heterogeneous data from different studies. In addition, we developed a permutation-based method for interpreting the deep convolutional neural network model and identified a CD27-CD94+ CD8+ T cell population significantly associated with latent CMV infection. Finally, we provide a tutorial for creating, training and interpreting the tailored deep learning model for cytometry data using Keras and TensorFlow ( github.com/hzc363/DeepLearningCyTOF )."
W2940719679,2019,"DNA Microarray Gene Expression Data Classification Using SVM, MLP, and RF with Feature Selection Methods Relief and LASSO","DNA microarray technology is a novel method to monitor expression levels of large number of genes simultaneously. These gene expressions can be and is being used to detect various forms of diseases. Using multiple microarray datasets, this paper cross compares two different methods for classification and feature selection. Since individual gene count in microarray datas are too many, most informative genes should be selected and used. For this selection, we have tried Relief and LASSO feature selection methods. After selecting informative genes from microarray data, classification is performed with Support Vector Machines (SVM) and Multilayer Perceptron Networks (MLP) which both are widely used in multiple classification tasks. The overall accuracy with LASSO and SVM outperforms most of the approaches proposed."
W3129451988,2020,Potential biomarker detection for liver cancer stem cell by machine learning approach,"Objectives: In this study, we aimed to identify putative biomarkers for identification and characterization of these cells in liver cancer. Methods: We employed a supervised machine learning method, XGBoost, to data from 13 GEO data series to classify samples using gene expression data. Results. Across the 376 samples (129 CSCs and 247 non-CSCs cases), XGBoost displayed high performance in the classification of data. XGBoost feature importance scores and SHAP (Shapley Additive explanation) values were used for the interpretation of results and analysis of individual gene importance. We confirmed that expression levels of a 10-gene set (PTGER3, AURKB, C15orf40, IDI2, OR8D1, NACA2, SERPINB6, L1CAM, SMC1A, and RASGRF1) were predictive. The results showed that these 10 genes can detect CSCs robustly with accuracy, sensitivity, and specificity of 97 %, 100 %, and 95 %, respectively. Conclusions. We suggest that the ten-gene set may be used as a biomarker set for detecting and characterizing CSCs using gene expression data."
W4289760577,2018,"On the ChEMBL Platform, a Large-scale Evaluation of Machine Learning Algorithms for Drug Target Prediction","Deep learning is currently the most successful machine learning technology in a wide range of application fields, and it has recently been used to forecast possible therapeutic targets and screen for active compounds in drug discovery research. However, it is unclear whether deep learning can outperform existing computational methods in drug discovery tasks due to the lack of large-scale studies, the compound series bias that is common in drug discovery datasets, and the hyperparameter selection bias that comes with the large number of potential deep learning architectures. As a result, we compared the outcomes of different deep learning methods to those of other machine learning and target prediction methods on a large-scale drug development dataset. We employed a stacked cluster-cross-validation technique to avoid any biases from hyperparameter selection or compound series. We discovered that (i) deep learning methods beat all competing methods, and (ii) deep learning's prediction performance is often comparable to that of tests conducted in wet labs (i.e., in vitro assays)."
W2945689624,2019,Hermes: an ensemble machine learning architecture for protein secondary structure prediction,"Abstract Motivation Protein structure predictions, that combine theoretical chemistry and bioinformatics, are an increasingly important technique in biotechnology and biomedical research, for example in the design of novel enzymes and drugs. Here, we present a new ensemble bi-layered machine learning architecture, that directly builds on ten existing pipelines providing rapid, high accuracy, 3-State secondary structure prediction of proteins. Results After training on 1348 solved protein structures, we evaluated the model with four independent datasets: JPRED4 - compiled by the authors of the successful predictor with the same name, and CASP11, CASP12 & CASP13 - assembled by the Critical Assessment of protein Structure Prediction consortium who run biannual experiments focused on objective testing of predictors. These rigorous, pre-established protocols included 7-fold cross-validation and blind testing. This led to a mean Hermes accuracy of 95.5%, significantly (p<0.05) better than the ten previously published models analysed in this paper. Furthermore, Hermes yielded a reduction in standard deviation, lower boundary outliers, and reduced dependency on solved structures of homologous proteins, as measured by NEFF score. This architecture provides advantages over other pipelines, while remaining accessible to users at any level of bioinformatics experience. Availability and Implementation The source code for Hermes is freely available at: https://github.com/HermesPrediction/Hermes . This page also includes the cross-validation with corresponding models, and all training/testing data presented in this study with predictions and accuracy."
W4381616266,2018,Global bioethics in medicine and healthcare: The Why and How? (Analytical),"A world without bioethics is like a child in a candy store without supervision. Bioethics is crucial in guiding the scientific community to ensure that their research and practises are ethical, moral, and socially responsible. Without bioethics, there would be a high risk of unethical experimentation and exploitation of vulnerable populations. This has important implications for global bioethical trends in medicine and healthcare. For example, it provides a framework for addressing ethical issues related to emerging technologies such as gene editing and artificial intelligence. Bioethics ensures that these technologies are developed and used in ways that are ethical, moral, and socially responsible and that they do not harm individuals or society. Without bioethics, there would also be a risk of scientific research being driven solely by profit or political interests rather than ethical considerations. For instance, there have been cases of pharmaceutical companies prioritising profits over patient safety by releasing drugs that had not undergone sufficient testing or had dangerous side effects. Therefore, it is imperative to work in accordance with regulatory and legal frameworks, for any mistake can have tremendously grave consequences, especially in a field like medicine and healthcare, which primarily deals with the lives of people and their families."
W4244467939,2019,Classification of Gene Expression Data with Optimized Feature Selection,"There are different types of fatal diseases that could possibly outspread to various parts of the body. It thus becomes obligatory to predict the existence of such anomalies, in order to prune the extent of their spread. Examining the characteristics of genes provides a deep intuition about the disease classification, as they play a vital role in influencing how an organism appears, behaves and survives in an environment. The detection of the abnormal genes could be efficiently modelled using statistical methods and machine learning approaches. Gene expression data derived from a microarray could act as an aid for this statistical computation. Microarray being a recent leap in molecular biology, provides a scope for hybridization of DNA samples that can be interpreted as values based on the gene expression level that the genome possesses. We propose an idea to select a subset of features from the huge number of samples retrieved from the gene expression profiles using Boruta feature selection algorithm. A comparative study with various supervised classification algorithms is made to categorize this subset to a normal and deviant gene. This serves to discover the most appropriate algorithm to classify the gene expression data. Hence assorting the abnormal genes in future could be accelerated with ease."
W2996691247,2019,Machine learning applied to whole‐blood RNA‐sequencing data uncovers distinct subsets of patients with systemic lupus erythematosus,"OBJECTIVES: Systemic lupus erythematosus (SLE) is a heterogeneous autoimmune disease that is difficult to treat. There is currently no optimal stratification of patients with SLE, and thus, responses to available treatments are unpredictable. Here, we developed a new stratification scheme for patients with SLE, based on the computational analysis of patients' whole-blood transcriptomes. METHODS: We applied machine learning approaches to RNA-sequencing (RNA-seq) data sets to stratify patients with SLE into four distinct clusters based on their gene expression profiles. A meta-analysis on three recently published whole-blood RNA-seq data sets was carried out, and an additional similar data set of 30 patients with SLE and 29 healthy donors was incorporated in this study; a total of 161 patients with SLE and 57 healthy donors were analysed. RESULTS: Examination of SLE clusters, as opposed to unstratified SLE patients, revealed underappreciated differences in the pattern of expression of disease-related genes relative to clinical presentation. Moreover, gene signatures correlated with flare activity were successfully identified. CONCLUSION: Given that SLE disease heterogeneity is a key challenge hindering the design of optimal clinical trials and the adequate management of patients, our approach opens a new possible avenue addressing this limitation via a greater understanding of SLE heterogeneity in humans. Stratification of patients based on gene expression signatures may be a valuable strategy allowing the identification of separate molecular mechanisms underpinning disease in SLE. Further, this approach may have a use in understanding the variability in responsiveness to therapeutics, thereby improving the design of clinical trials and advancing personalised therapy."
W3017959485,2020,Medusa: Software to build and analyze ensembles of genome-scale metabolic network reconstructions,"Uncertainty in the structure and parameters of networks is ubiquitous across computational biology. In constraint-based reconstruction and analysis of metabolic networks, this uncertainty is present both during the reconstruction of networks and in simulations performed with them. Here, we present Medusa, a Python package for the generation and analysis of ensembles of genome-scale metabolic network reconstructions. Medusa builds on the COBRApy package for constraint-based reconstruction and analysis by compressing a set of models into a compact ensemble object, providing functions for the generation of ensembles using experimental data, and extending constraint-based analyses to ensemble scale. We demonstrate how Medusa can be used to generate ensembles and perform ensemble simulations, and how machine learning can be used in conjunction with Medusa to guide the curation of genome-scale metabolic network reconstructions. Medusa is available under the permissive MIT license from the Python Packaging Index (https://pypi.org) and from github (https://github.com/opencobra/Medusa), and comprehensive documentation is available at https://medusa.readthedocs.io/en/latest."
W1426701972,2015,Medication Reconciliation and Medication Error Prevention in an Emergency Department of a Tertiary Care Hospital,Review Articles A Comprehensive Review of Quality by Design (QbD) and Its Realization in Pharmaceutical Development of Oral Solid Dosage Forms Healthcare-associated Infections: A Ten-year Bibliometric Analysis Artificial Intelligence: The Futuristic Technology in the Drug Discovery Process Overview of Pharmacological Activities of Spirulina Original Articles Nexus between Plasma Homocysteine Levels in Chronic Periodontitis Patients &
W2319669589,2012,Spinal Cord Explants Use Carbon Nanotube Interfaces To Enhance Neurite Outgrowth and To Fortify Synaptic Inputs,"New developments in nanotechnology are increasingly designed to modulate relevant interactions between nanomaterials and neurons, with the aim of exploiting the physical properties of synthetic materials to tune desired and specific biological processes. Carbon nanotubes have been applied in several areas of nerve tissue engineering to study cell behavior or to instruct the growth and organization of neural networks. Recent reports show that nanotubes can sustain and promote electrical activity in networks of cultured neurons. However, such results are usually limited to carbon nanotube/neuron hybrids formed on a monolayer of dissociated brain cells. In the present work, we used organotypic spinal slices to model multilayer tissue complexity, and we interfaced such spinal segments to carbon nanotube scaffolds for weeks. By immunofluorescence, scanning and transmission electronic microscopy, and atomic force microscopy, we investigated nerve fiber growth when neuronal processes exit the spinal explant and develop in direct contact to the substrate. By single-cell electrophysiology, we investigated the synaptic activity of visually identified ventral interneurons, within the ventral area of the explant, thus synaptically connected, but located remotely, to the substrate/network interface. Here we show that spinal cord explants interfaced for weeks to purified carbon nanotube scaffolds expand more neuronal fibers, characterized by different mechanical properties and displaying higher growth cones activity. On the other hand, exploring spontaneous and evoked synaptic activity unmasks an increase in synaptic efficacy in neurons located at as far as 5 cell layers from the cell-substrate interactions."
W3029179904,2014,Sequences and functional information based protein-protein interaction characteristics evaluation and database construction,"Objective Protein-protein interaction (PPI) studies are important for understanding the DNA function andfunctional mechanism of genomic elements.A lot of works had been done towards the direction of calculating predictions of PPIs,and these methods are a very important tool for determining the PPI chaiacteristics.Still much more works remain to be done for evaluating the PPI characteristics and building a related database.Methods we extracted 27 PPI features from gene,protein sequences and functional information in human,then apphed them to various classifiers and evaluated the performance of all the classifiers and features by ROC curve.Results Through our analysis,we found that logistic regression and bayesian network classification are best for PPI characteristics.Biological Process,Cell Composition,Molecular Function,Gene Expression Values,Organization,and Availability of interactions between domain were obviously more useful than other characteristics.Meanwhile,we built a easy using Human Protein Feature Database (HPFD).Conclusion We discovered PPI characteristics with better performance usability in evaluation of function characteristic.However,some of these characteristics,still need to be further optimized in terms of improved PPI coverage.

Key words: 
Protein-protein interactions ;  Machine learning ;  Feature evaluations ;  Database"
W2998304121,2019,Feature Selection and Machine Learning Method for Classification of Lung Cancer Types,"Microarray technology and computational methods have enabled researchers to obtain significant amount of gene expression data for lung cancer, which have allowed them to select genes that are specific to particular types of lung cancer. In this paper, a relational matrix is proposed, which is used to find genes with high correlations, depending on the types of lung cancer by using microarray expression data. We perform machine learning on the genes discovered from the relational matrix by using the weighted neuro-fuzzy algorithm to accurately classify the types of lung cancer. In addition, some genes among the discovered genes were investigated in the relative pathways, and p-values were obtained to analyze the validity of those genes in the given pathways. The relational matrix is constructed by enumerating the number of meaningful relationships identified through observations of the changes in gene expression values between different types of lung cancer. The weighted neuro fuzzy algorithm uses a bounded sum function into which the three functions are combined during learning and classification. We obtained 405 type-dependent genes using the proposed relational matrix and classified 203 samples into five types of lung cancer by using those genes. We obtained a classification accuracy of 99.5% for all samples; the results of Leave One Out Cross Validation test showed an accuracy of 87.19%. Moreover, we obtained valid p-values from 12 pathways in KEGG."
W4367191368,2012,Protein Structure Prediction Using Support Vector Machine,"Support Vector Machine (SVM) is used for predict the protein structural. Bioinformatics method use to protein structure prediction mostly depends on the amino acid sequence. In this paper, work predicted of 1-D, 2-D, and 3-D protein structure prediction. Protein structure prediction is one of the most important problems in modern computation biology. Support Vector Machine haves shown strong generalization ability protein structure prediction. Binary classification techniques of Support Vector Machine are implemented and RBF kernel function is used in SVM. This Radial Basic Function (RBF) of SVM produces better accuracy in terms of classification and the learning results."
W2131474431,2014,"SSpro/ACCpro 5: almost perfect prediction of protein secondary structure and relative solvent accessibility using profiles, machine learning and structural similarity","MOTIVATION: Accurately predicting protein secondary structure and relative solvent accessibility is important for the study of protein evolution, structure and function and as a component of protein 3D structure prediction pipelines. Most predictors use a combination of machine learning and profiles, and thus must be retrained and assessed periodically as the number of available protein sequences and structures continues to grow. RESULTS: We present newly trained modular versions of the SSpro and ACCpro predictors of secondary structure and relative solvent accessibility together with their multi-class variants SSpro8 and ACCpro20. We introduce a sharp distinction between the use of sequence similarity alone, typically in the form of sequence profiles at the input level, and the additional use of sequence-based structural similarity, which uses similarity to sequences in the Protein Data Bank to infer annotations at the output level, and study their relative contributions to modern predictors. Using sequence similarity alone, SSpro's accuracy is between 79 and 80% (79% for ACCpro) and no other predictor seems to exceed 82%. However, when sequence-based structural similarity is added, the accuracy of SSpro rises to 92.9% (90% for ACCpro). Thus, by combining both approaches, these problems appear now to be essentially solved, as an accuracy of 100% cannot be expected for several well-known reasons. These results point also to several open technical challenges, including (i) achieving on the order of ≥ 80% accuracy, without using any similarity with known proteins and (ii) achieving on the order of ≥ 85% accuracy, using sequence similarity alone. AVAILABILITY AND IMPLEMENTATION: SSpro, SSpro8, ACCpro and ACCpro20 programs, data and web servers are available through the SCRATCH suite of protein structure predictors at http://scratch.proteomics.ics.uci.edu."
W2951209146,2017,Deep Learning–Based Multi-Omics Integration Robustly Predicts Survival in Liver Cancer,"Abstract Identifying robust survival subgroups of hepatocellular carcinoma (HCC) will significantly improve patient care. Currently, endeavor of integrating multi-omics data to explicitly predict HCC survival from multiple patient cohorts is lacking. To fill this gap, we present a deep learning (DL)–based model on HCC that robustly differentiates survival subpopulations of patients in six cohorts. We built the DL-based, survival-sensitive model on 360 HCC patients' data using RNA sequencing (RNA-Seq), miRNA sequencing (miRNA-Seq), and methylation data from The Cancer Genome Atlas (TCGA), which predicts prognosis as good as an alternative model where genomics and clinical data are both considered. This DL-based model provides two optimal subgroups of patients with significant survival differences (P = 7.13e−6) and good model fitness [concordance index (C-index) = 0.68]. More aggressive subtype is associated with frequent TP53 inactivation mutations, higher expression of stemness markers (KRT19 and EPCAM) and tumor marker BIRC5, and activated Wnt and Akt signaling pathways. We validated this multi-omics model on five external datasets of various omics types: LIRI-JP cohort (n = 230, C-index = 0.75), NCI cohort (n = 221, C-index = 0.67), Chinese cohort (n = 166, C-index = 0.69), E-TABM-36 cohort (n = 40, C-index = 0.77), and Hawaiian cohort (n = 27, C-index = 0.82). This is the first study to employ DL to identify multi-omics features linked to the differential survival of patients with HCC. Given its robustness over multiple cohorts, we expect this workflow to be useful at predicting HCC prognosis prediction. Clin Cancer Res; 24(6); 1248–59. ©2017 AACR."
W2804646658,2018,Epigenetic modifications in KDM lysine demethylases associate with survival of early-stage NSCLC,"KDM lysine demethylase family members are related to lung cancer clinical outcomes and are potential biomarkers for chemotherapeutics. However, little is known about epigenetic alterations in KDM genes and their roles in lung cancer survival. Tumor tissue samples of 1230 early-stage non-small cell lung cancer (NSCLC) patients were collected from the five independent cohorts. The 393 methylation sites in KDM genes were extracted from epigenome-wide datasets and analyzed by weighted random forest (Ranger) in discovery phase and validation dataset, respectively. The variable importance scores (VIS) for the sites in top 5% of both discovery and validation sets were carried forward for Cox regression to further evaluate the association with patient’s overall survival. TCGA transcriptomic data were used to evaluate the correlation with the corresponding DNA methylation. DNA methylation at sites cg11637544 in KDM2A and cg26662347 in KDM1A were in the top 5% of VIS in both discovery phase and validation for squamous cell carcinomas (SCC), which were also significantly associated with SCC survival ( HR cg11637544 = 1.32, 95%CI, 1.16–1.50, P = 1.1 × 10 −4 ; HR cg26662347 = 1.88, 95%CI, 1.37–2.60, P = 3.7 × 10 −3 ), and correlated with corresponding gene expression (cg11637544 for KDM2A , P = 1.3 × 10 −10 ; cg26662347 for KDM1A P = 1.5 × 10 −5 ). In addition, by using flexible criteria for Ranger analysis followed by survival classification tree analysis, we identified four clusters for adenocarcinomas and five clusters for squamous cell carcinomas which showed a considerable difference of clinical outcomes with statistical significance. These findings highlight the association between somatic DNA methylation in KDM genes and early-stage NSCLC patient survival, which may reveal potential epigenetic therapeutic targets."
W2889272421,2018,Genomic and machine-learning analysis of germline variants in cancer,"Cancer often develops from specific DNA alterations, and these cancer-associated mutations influence precision cancer treatment. These alterations can be specific to the tumor DNA (somatic mutations) or they can be heritable and present in normal and tumor DNA (germline mutations). Germline variants can affect how patients respond to therapy and can influence clinical surveillance of patients and their families. While identifying cancer-associated germline variants traditionally required studying families with inherited cancer predispositions, large-scale cancer sequencing cohorts enable alternative analysis of germline variants. In this dissertation, we develop and apply multiple strategies for analyzing germline DNA from cancer sequencing cohorts. First, we develop the Tumor-Only Boosting Identification framework (TOBI) to learn biological features of true somatic mutations and generate a classification model that identifies DNA variants with somatic characteristics. TOBI has high sensitivity in identifying true somatic variants across several cancer types, particularly in known driver genes. After predicting somatic variants with TOBI, we assess the identified somatic-like germline variants for known oncogenic germline variants and enrichment in biological pathways. We find germline and somatic variants inactivating the Fanconi anemia pathway in 11% of patients with bladder cancer. Finally, we investigate germline, diagnosis, and relapse variants in a large cohort of patients with pediatric acute lymphoblastic leukemia (ALL). Our somatic analysis captures known ALL driver genes, and we describe the sequential order of diagnosis and relapse mutations, including late events in NT5C2. We apply both the TOBI framework and guidelines American College of Medical Genetics and Genomics to identify potentially cancer-associated germline variants, and nominate nonsynonymous variants in TERT and ATM."
W2953571450,2019,Predicting Gene Expression Between Species with Neural Networks,"We train a neural network to predict human gene expression levels based on experimental data for rat cells. The network is trained with paired human/rat samples from the Open TG-GATES database, where paired samples were treated with the same compound at the same dose. When evaluated on a test set of held out compounds, the network successfully predicts human expression levels. On the majority of the test compounds, the list of differentially expressed genes determined from predicted expression levels agrees well with the list of differentially expressed genes determined from actual human experimental data."
W2935818358,2019,A molecular tool for menstrual cycle phase dating of endometrial samples in endometriosis transcriptome studies†,"Dear Editor, Here we report the usability of a panel of transcriptomic markers to determine the menstrual cycle phase of undated endometrial tissue samples for gene expression studies. Endometrial tissue transcriptomic studies are an important approach to find molecular characteristics and biomarkers of endometriosis and other endometrium-related diseases. However, endometrial gene expression is under strict hormonal control and the menstrual cycle phase-specific signature has to be considered in molecular studies of reproductive age women to avoid false-positive or -negative findings that may occur if studied individuals are from different menstrual cycle phases. The endometrial specimens’ collection is generally well tolerated by patients: however, unnecessary procedures can be avoided if archival well-preserved RNA samples are available for research. Still, the use of archival samples may be complicated if there is no accompanying menstrual cycle information or only patients’ self-reported menstrual cycle day is available, and no tissue has been left for histological evaluation and classification of samples. Although the self-reported menstrual cycle history has been extensively used in molecular studies, the length of the normal menstrual cycle varies between 24 and 35 days and thus self-reported menstrual history or calendar-based counting methods are insufficient to accurately determine menstrual cycle phase, or discriminate ovulatory cycles from anovulatory cycles [1]. Ponnampalam et al. [2] utilized high-throughput microarray technology and demonstrated that classification of the endometrial samples according to the global transcriptional profile is concordant with the histological evaluation. However, as global expression profiling is rather costly, we aimed to use a new cost-effective Targeted Allele Counting by sequencing (TAC-seq) methodology [3] to explore the capability of a panel of 57 well-described endometrial receptivity genes [4] to determine the exact molecular menstrual cycle phases of endometrial samples. For that purpose, RNA was extracted from endometrial tissue samples collected from 45 women with and 33 women without endometriosis (suffering from pelvic pain or infertility) in menstrual (M, cycle days 1–5, n = 4), proliferative (P, cycle days 6–14, n = 17), early-secretory (ES, cycle days 15–18, n = 19), mid-secretory (MS, cycle days 19–23, n = 19), and late-secretory (LS, cycle days 24–28, n = 19) phases according to the self-reported menstrual cycle days (Supplementary Table S1 and Supplementary Materials and Methods). The average age of women with and without endometriosis was 31.0 ± 4.7 and 32.0 ± 5.1 years, respectively, and they had not received any hormonal treatments for at least 3 months prior to the laparoscopy in Tartu University Hospital (Tartu, Estonia). The TAC-seq libraries were sequenced with NextSeq 500/550 v2.5 Kit (Illumina). Sequencing data analysis was performed as described previously [3], and each sample was normalized using geometric mean of gene expression levels of four housekeeper genes. The same sequencing protocol was applied to 54 paired endometrial samples from 27 healthy parous women, collected at the histologically and biochemically [predicted from the luteinizing hormone (LH) peak in urine] confirmed ES and MS cycle phases (described in [5]). The resulting data were used to create a machine learning support vector machine (SVM) model for discrimination of ES and MS phase samples. Multidimensional scaling plot of normalized RNA sequencing data showed that expression pattern of the 57 endometrial receptivity genes divided the samples roughly into four distinct groups (Figure 1A). Also, no clear segregation was seen between women with and without endometriosis, which is concordant with a recent study by Garcia-Velasco et al. [6]. All endometrial samples from P phase clustered together and a subset of LS phase samples (n = 8) formed a distinct cluster; however, several samples from LS phase (n = 8) were more similar to MS samples and two LS samples grouped together with M phase samples. A similar phenomenon was described by Ponnampalam et al. [2], who suggested that the menstrual cycle is a continuum and the samples from the boarders of cycle phases may cluster to the adjacent phases. Interestingly, one LS sample showed similar gene expression pattern to P samples. We hypothesized that expression of the receptivity-related genes in anovulatory cycles remains similar to P phase throughout the cycle. Although the data about the endometrial receptivity-specific gene expression signature in women with anovulatory menstrual cycles is scarce, the level of glycodelin, which normally increases considerably and stays elevated during the secretory phase, has been shown to remain low throughout the anovulatory cycle [7]. The PAEP gene encoding glycodelin was also among the 57 genes analyzed in the current study and its low level in this LS sample was comparable to P samples, supporting our assumption about anovulatory cycle. Multidimensional scaling plot of normalized RNA sequencing data of 57 endometrial receptivity genes in women with and without endometriosis. (A) Clustering analysis of RNA sequencing data. (B) Clustering after applying support vector machine classifier to ES and MS phase samples. P—proliferative, ES—early secretory, MS—mid-secretory, LS—late secretory, M—menstrual phase endometrial samples. Triangles represent women without endometriosis and circles mark women with endometriosis. Furthermore, ES and MS samples formed one diffuse cluster (Figure 1A), indicating that self-reported menstrual cycle day does not allow reliable distinction between samples from these adjacent phases. Thereafter, the SVM model was successfully applied to segregate the studied self-reported ES and MS samples (Figure 1B) according to the receptivity gene expression pattern in endometrial tissues from women in biochemically confirmed ES and MS phases. After adjustment, 4 out of 19 ES phase samples were re-classified as MS samples and 9 MS samples were re-classified as ES, showing that molecular profiling helped to assign the endometrial samples from adjacent phases correctly even without precise chronological dating. The most widely used method to assign the endometrial samples collected at the second half of the cycle to ES or MS phase is determination of the LH peak from urine, which correlates significantly better with the histological dating than the calculations based on the onset of the next menstrual period [8]. However, as collection of tissue samples for research is for ethical reasons usually combined with clinical procedures that are scheduled long in advance, it is difficult if not impossible to obtain specimens at the particular LH day. Furthermore, the value of histological dating has been questioned as there are too many confounding factors influencing the interpretation of the results [9]. Therefore, new molecular tools, such as described in the current report, are useful to help specify the precise menstrual cycle phase of not only archived endometrial RNA samples but also of endometrial samples from uncertain cycle phases in transcriptomic studies to facilitate the discovery of true disease-related markers. Supplementary Table S1. General characteristics of the study participants. The authors have declared that no conflict of interest exists."
W2948035163,2019,Graph convolutional networks for computational drug development and discovery,"Despite the fact that deep learning has achieved remarkable success in various domains over the past decade, its application in molecular informatics and drug discovery is still limited. Recent advances in adapting deep architectures to structured data have opened a new paradigm for pharmaceutical research. In this survey, we provide a systematic review on the emerging field of graph convolutional networks and their applications in drug discovery and molecular informatics. Typically we are interested in why and how graph convolution networks can help in drug-related tasks. We elaborate the existing applications through four perspectives: molecular property and activity prediction, interaction prediction, synthesis prediction and de novo drug design. We briefly introduce the theoretical foundations behind graph convolutional networks and illustrate various architectures based on different formulations. Then we summarize the representative applications in drug-related problems. We also discuss the current challenges and future possibilities of applying graph convolutional networks to drug discovery."
W3028039738,2020,HECNet: a hierarchical approach to enzyme function classification using a Siamese Triplet Network,"MOTIVATION: Understanding an enzyme's function is one of the most crucial problem domains in computational biology. Enzymes are a key component in all organisms and many industrial processes as they help in fighting diseases and speed up essential chemical reactions. They have wide applications and therefore, the discovery of new enzymatic proteins can accelerate biological research and commercial productivity. Biological experiments, to determine an enzyme's function, are time-consuming and resource expensive. RESULTS: In this study, we propose a novel computational approach to predict an enzyme's function up to the fourth level of the Enzyme Commission (EC) Number. Many studies have attempted to predict an enzyme's function. Yet, no approach has properly tackled the fourth and final level of the EC number. The fourth level holds great significance as it gives us the most specific information of how an enzyme performs its function. Our method uses innovative deep learning approaches along with an efficient hierarchical classification scheme to predict an enzyme's precise function. On a dataset of 11 353 enzymes and 402 classes, we achieved a hierarchical accuracy and Macro-F1 score of 91.2% and 81.9%, respectively, on the 4th level. Moreover, our method can be used to predict the function of enzyme isoforms with considerable success. This methodology is broadly applicable for genome-wide prediction that can subsequently lead to automated annotation of enzyme databases and the identification of better/cheaper enzymes for commercial activities. AVAILABILITY AND IMPLEMENTATION: The web-server can be freely accessed at http://hecnet.cbrlab.org/. SUPPLEMENTARY INFORMATION: Supplementary data are available at Bioinformatics online."
W2282840184,2015,Rational Polypharmacology: Systematically Identifying and Engaging Multiple Drug Targets To Promote Axon Growth,"Mammalian central nervous system (CNS) neurons regrow their axons poorly following injury, resulting in irreversible functional losses. Identifying therapeutics that encourage CNS axon repair has been difficult, in part because multiple etiologies underlie this regenerative failure. This suggests a particular need for drugs that engage multiple molecular targets. Although multitarget drugs are generally more effective than highly selective alternatives, we lack systematic methods for discovering such drugs. Target-based screening is an efficient technique for identifying potent modulators of individual targets. In contrast, phenotypic screening can identify drugs with multiple targets; however, these targets remain unknown. To address this gap, we combined the two drug discovery approaches using machine learning and information theory. We screened compounds in a phenotypic assay with primary CNS neurons and also in a panel of kinase enzyme assays. We used learning algorithms to relate the compounds' kinase inhibition profiles to their influence on neurite outgrowth. This allowed us to identify kinases that may serve as targets for promoting neurite outgrowth as well as others whose targeting should be avoided. We found that compounds that inhibit multiple targets (polypharmacology) promote robust neurite outgrowth in vitro. One compound with exemplary polypharmacology was found to promote axon growth in a rodent spinal cord injury model. A more general applicability of our approach is suggested by its ability to deconvolve known targets for a breast cancer cell line as well as targets recently shown to mediate drug resistance."
W4404770484,2010,THE NEW HYBRID METHOD FOR CLASSIFICATION OF PATIENTS BY GENE EXPRESSION PROFILING,"Genetic researches have gradually become an area which is intensively studied on in recent years. The reason of that is the fact that a lot of diseases and features are transferred to the other generations by genes. These transfers are generally at the base of diseases. The evaluation of the input which is reached as the result of the researches is also accepted as a separate field. The aim of this study is to develop a model which enables the best classification of the patients by DNA microarray expression inputs. For this purpose, the classification which is based on Unsupervised Learning has mainly been used, by bringing together various methods. The Independent Components Analysis is used for dimension reduction, Kohonen Map Method is used for clustering and Random Forest Method is used for classification purposes. The model which is formed by combining these methods and very popular classification method Support Vector Machines (SVMs) has been studied and their classification performance is compared by True Classification Rate (TCR) on two real publicity data sets. The highest value that TCR can take on is one. The aim is to close this value to one. By the help of the model proposed in this study, we expect a reduction in the cost of these researches and aim to prevent wrong diagnoses as much as possible."
W2911605870,2019,Genomes of a major nosocomial pathogen Enterococcus faecium are shaped by adaptive evolution of the chromosome and plasmidome,"Abstract Enterococcus faecium is a gut commensal of many mammals but is also recognized as a major nosocomial human pathogen, as it is listed on the WHO global priority list of multi-drug resistant organisms. Previous research has suggested that nosocomial strains have multiple zoonotic origins and are only distantly related to those involved in human commensal colonization. Here we present the first comprehensive population-wide joint genomic analysis of hospital, commensal and animal isolates using both short- and long-read sequencing techniques. This enabled us to investigate the population plasmidome, core genome variation and genome architecture in detail, using a combination of machine learning, population genomics and genome-wide co-evolution analysis. We observed a high level of genome plasticity with large-scale inversions and heterogeneous chromosome sizes, collectively painting a high-resolution picture of the adaptive landscape of E. faecium, and identified plasmids as the main indicator for host-specificity. Given the increasing availability of long-read sequencing technologies, our approach could be widely applied to other human and animal pathogen populations to unravel fine-scale mechanisms of their evolution."
W2807692668,2018,SOV_refine: A further refined definition of segment overlap score and its significance for protein structure similarity,"BACKGROUND: The segment overlap score (SOV) has been used to evaluate the predicted protein secondary structures, a sequence composed of helix (H), strand (E), and coil (C), by comparing it with the native or reference secondary structures, another sequence of H, E, and C. SOV's advantage is that it can consider the size of continuous overlapping segments and assign extra allowance to longer continuous overlapping segments instead of only judging from the percentage of overlapping individual positions as Q3 score does. However, we have found a drawback from its previous definition, that is, it cannot ensure increasing allowance assignment when more residues in a segment are further predicted accurately. RESULTS: A new way of assigning allowance has been designed, which keeps all the advantages of the previous SOV score definitions and ensures that the amount of allowance assigned is incremental when more elements in a segment are predicted accurately. Furthermore, our improved SOV has achieved a higher correlation with the quality of protein models measured by GDT-TS score and TM-score, indicating its better abilities to evaluate tertiary structure quality at the secondary structure level. We analyzed the statistical significance of SOV scores and found the threshold values for distinguishing two protein structures (SOV_refine > 0.19) and indicating whether two proteins are under the same CATH fold (SOV_refine > 0.94 and > 0.90 for three- and eight-state secondary structures respectively). We provided another two example applications, which are when used as a machine learning feature for protein model quality assessment and comparing different definitions of topologically associating domains. We proved that our newly defined SOV score resulted in better performance. CONCLUSIONS: The SOV score can be widely used in bioinformatics research and other fields that need to compare two sequences of letters in which continuous segments have important meanings. We also generalized the previous SOV definitions so that it can work for sequences composed of more than three states (e.g., it can work for the eight-state definition of protein secondary structures). A standalone software package has been implemented in Perl with source code released. The software can be downloaded from http://dna.cs.miami.edu/SOV/."
W3091117486,2020,SICaRiO: short indel call filtering with boosting,"Despite impressive improvement in the next-generation sequencing technology, reliable detection of indels is still a difficult endeavour. Recognition of true indels is of prime importance in many applications, such as personalized health care, disease genomics and population genetics. Recently, advanced machine learning techniques have been successfully applied to classification problems with large-scale data. In this paper, we present SICaRiO, a gradient boosting classifier for the reliable detection of true indels, trained with the gold-standard dataset from 'Genome in a Bottle' (GIAB) consortium. Our filtering scheme significantly improves the performance of each variant calling pipeline used in GIAB and beyond. SICaRiO uses genomic features that can be computed from publicly available resources, i.e. it does not require sequencing pipeline-specific information (e.g. read depth). This study also sheds lights on prior genomic contexts responsible for the erroneous calling of indels made by sequencing pipelines. We have compared prediction difficulty for three categories of indels over different sequencing pipelines. We have also ranked genomic features according to their predictivity in determining false positives."
W2123085274,2012,Improved model quality assessment using ProQ2,"BACKGROUND: Employing methods to assess the quality of modeled protein structures is now standard practice in bioinformatics. In a broad sense, the techniques can be divided into methods relying on consensus prediction on the one hand, and single-model methods on the other. Consensus methods frequently perform very well when there is a clear consensus, but this is not always the case. In particular, they frequently fail in selecting the best possible model in the hard cases (lacking consensus) or in the easy cases where models are very similar. In contrast, single-model methods do not suffer from these drawbacks and could potentially be applied on any protein of interest to assess quality or as a scoring function for sampling-based refinement. RESULTS: Here, we present a new single-model method, ProQ2, based on ideas from its predecessor, ProQ. ProQ2 is a model quality assessment algorithm that uses support vector machines to predict local as well as global quality of protein models. Improved performance is obtained by combining previously used features with updated structural and predicted features. The most important contribution can be attributed to the use of profile weighting of the residue specific features and the use features averaged over the whole model even though the prediction is still local. CONCLUSIONS: ProQ2 is significantly better than its predecessors at detecting high quality models, improving the sum of Z-scores for the selected first-ranked models by 20% and 32% compared to the second-best single-model method in CASP8 and CASP9, respectively. The absolute quality assessment of the models at both local and global level is also improved. The Pearson's correlation between the correct and local predicted score is improved from 0.59 to 0.70 on CASP8 and from 0.62 to 0.68 on CASP9; for global score to the correct GDT_TS from 0.75 to 0.80 and from 0.77 to 0.80 again compared to the second-best single methods in CASP8 and CASP9, respectively. ProQ2 is available at http://proq2.wallnerlab.org."
W2752271597,2017,Machine Learning based Protein Sequence to (un)Structure Mapping and Interaction Prediction,"Proteins are the fundamental macromolecules within a cell that carry out most of the biological functions. The computational study of protein structure and its functions, using machine learning and data analytics, is elemental in advancing the life-science research due to the fast-growing biological data and the extensive complexities involved in their analyses towards discovering meaningful insights. Mapping of protein’s primary sequence is not only limited to its structure, we extend that to its disordered component known as Intrinsically Disordered Proteins or Regions in proteins (IDPs/IDRs), and hence the involved dynamics, which help us explain complex interaction within a cell that is otherwise obscured. The objective of this dissertation is to develop machine learning based effective tools to predict disordered protein, its properties and dynamics, and interaction paradigm by systematically mining and analyzing large-scale biological data. In this dissertation, we propose a robust framework to predict disordered proteins given only sequence information, using an optimized SVM with RBF kernel. Through appropriate reasoning, we highlight the structure-like behavior of IDPs in disease-associated complexes. Further, we develop a fast and effective predictor of Accessible Surface Area (ASA) of protein residues, a useful structural property that defines protein’s exposure to partners, using regularized regression with 3rd-degree polynomial kernel function and genetic algorithm. As a key outcome of this research, we then introduce a novel method to extract position specific energy (PSEE) of protein residues by modeling the pairwise thermodynamic interactions and hydrophobic effect. PSEE is found to be an effective feature in identifying the enthalpy-gain of the folded state of a protein and otherwise the neutral state of the unstructured proteins. Moreover, we study the peptide-protein transient interactions that involve the induced folding of short peptides through disorder-to-order conformational changes to bind to an appropriate partner. A suite of predictors is developed to identify the residue-patterns of Peptide-Recognition Domains from protein sequence that can recognize and bind to the peptide-motifs and phospho-peptides with post-translational-modifications (PTMs) of amino acid, responsible for critical human diseases, using the stacked generalization ensemble technique. The involved biologically relevant case-studies demonstrate possibilities of discovering new knowledge using the developed tools."
W2964112643,2017,Real-value and confidence prediction of protein backbone dihedral angles through a hybrid method of clustering and deep learning,"Abstract Background Protein dihedral angles provide a detailed description of protein local conformation. Predicted dihedral angles can be used to narrow down the conformational space of the whole polypeptide chain significantly, thus aiding protein tertiary structure prediction. However, direct angle prediction from sequence alone is challenging. Method In this study, we present a novel method to predict realvalued angles by combining clustering and deep learning. That is, we first generate certain clusters of angles (each assigned a label) and then apply a deep residual neural network to predict the label posterior probability. Finally, we output real-valued prediction by a mixture of the clusters with their predicted probabilities. At the same time, we also estimate the bound of the prediction errors at each residue from the predicted label probabilities. Result In this article, we present a novel method (named RaptorX-Angle) to predict real-valued angles by combining clustering and deep learning. Tested on a subset of PDB25 and the targets in the latest two Critical Assessment of protein Structure Prediction (CASP), our method outperforms the existing state-of-art method SPIDER2 in terms of Pearson Correlation Coefficient (PCC) and Mean Absolute Error (MAE). Our result also shows approximately linear relationship between the real prediction errors and our estimated bounds. That is, the real prediction error can be well approximated by our estimated bounds. Conclusions Our study provides an alternative and more accurate prediction of dihedral angles, which may facilitate protein structure prediction and functional study."
W3033617175,2020,Chemical space exploration based on recurrent neural networks: applications in discovering kinase inhibitors,"With the rise of artificial intelligence (AI) in drug discovery, de novo molecular generation provides new ways to explore chemical space. However, because de novo molecular generation methods rely on abundant known molecules, generated molecules may have a problem of novelty. Novelty is important in highly competitive areas of medicinal chemistry, such as the discovery of kinase inhibitors. In this study, de novo molecular generation based on recurrent neural networks was applied to discover a new chemical space of kinase inhibitors. During the application, the practicality was evaluated, and new inspiration was found. With the successful discovery of one potent Pim1 inhibitor and two lead compounds that inhibit CDK4, AI-based molecular generation shows potentials in drug discovery and development."
W2752444636,2017,Assessing the accuracy of blood RNA profiles to identify patients with post-concussion syndrome: A pilot study in a military patient population,"Mild traumatic brain injury (mTBI) is a complex, neurophysiological condition that can have detrimental outcomes. Yet, to date, no objective method of diagnosis exists. Physical damage to the blood-brain-barrier and normal waste clearance via the lymphatic system may enable the detection of biomarkers of mTBI in peripheral circulation. Here we evaluate the accuracy of whole transcriptome analysis of blood to predict the clinical diagnosis of post-concussion syndrome (PCS) in a military cohort. Sixty patients with clinically diagnosed chronic concussion and controls (no history of concussion) were recruited (retrospective study design). Male patients (46) were split into a training set comprised of 20 long-term concussed (> 6 months and symptomatic) and 12 controls (no documented history of concussion). Models were validated in a testing set (control = 9, concussed = 5). RNA_Seq libraries were prepared from whole blood samples for sequencing using a SOLiD5500XL sequencer and aligned to hg19 reference genome. Patterns of differential exon expression were used for diagnostic modeling using support vector machine classification, and then validated in a second patient cohort. The accuracy of RNA profiles to predict the clinical diagnosis of post-concussion syndrome patients from controls was 86% (sensitivity 80%; specificity 89%). In addition, RNA profiles reveal duration of concussion. This pilot study shows the potential utility of whole transcriptome analysis to establish the clinical diagnosis of chronic concussion syndrome."
W1964846603,2014,"A Material Genomic Design of Advanced High Performance, Non-Corroding Steels for Ambient and High Temperature Applications","This work presents an artificial intelligence based design of a series of novel advanced high performance steels for ambient and high temperature applications, following the principle of the materials genome initiative, using an integrated thermodynamics/kinetics based model in combination with a genetic algorithm optimization routine. Novel steel compositions and associated key heat treatment parameters are designed both for applications at the room temperature (ultra-high strength maraging stainless steel) and at high temperatures (ferritic, martensitic and austenitic creep resistant steels). The strength of existing high end alloys of aforementioned four types are calculated according to the corresponding design criteria. The model validation studies suggest that the newly designed alloys have great potential in outperforming existing grades."
W2755813940,2017,Curated compendium of human transcriptional biomarker data,"Abstract Genome-wide transcriptional profiles provide broad insights into cellular activity. One important use of such data isto identify relationships between transcription levels and patient outcomes. These translational insights can guide the development of biomarkers for predicting outcomes in clinical settings. Over the past decades, data from many translational-biomarker studies have been deposited in public repositories, enabling other scientists to reuse the data in follow-up studies. However, data-reuse efforts require considerable time and expertise because transcriptional data are generated using heterogeneous profiling technologies, preprocessed using diverse normalization procedures, and annotated in non-standard ways. To address this problem, we curated a compendium of 45 translational-biomarker datasets from the public domain. To increase the data’s utility, we reprocessed the raw expression data using a standard computational pipeline and standardized the clinical annotations in a fully reproducible manner (see osf.io/ssk3t ). We believe these data will be particularly useful to researchers seeking to validate gene-level findings or to perform benchmarking studies—for example, to compare and optimize machine-learning algorithms’ ability to predict biomedical outcomes."
W2944995967,2019,FOBE and HOBE: First- and High-Order Bipartite Embeddings,"Typical graph embeddings may not capture type-specific bipartite graph features that arise in such areas as recommender systems, data visualization, and drug discovery. Machine learning methods utilized in these applications would be better served with specialized embedding techniques. We propose two embeddings for bipartite graphs that decompose edges into sets of indirect relationships between node neighborhoods. When sampling higher-order relationships, we reinforce similarities through algebraic distance on graphs. We also introduce ensemble embeddings to combine both into a ""best of both worlds"" embedding. The proposed methods are evaluated on link prediction and recommendation tasks and compared with other state-of-the-art embeddings. While being all highly beneficial in applications, we demonstrate that none of the considered embeddings is clearly superior (in contrast to what is claimed in many papers), and discuss the trade offs present among them. Reproducibility: Our code, data sets, and results are all publicly available online at: http://sybrandt.com/2020/fobe_hobe."
W3006052529,2020,Predicting molecular subtypes of breast cancer using pathological images by deep convolutional neural network from public dataset,"Abstract Breast cancer is a heterogeneously complex disease. A number of molecular subtypes with distinct biological features lead to different treatment responses and clinical outcomes. Traditionally, breast cancer is classified into subtypes based on gene expression profiles; these subtypes include luminal A, luminal B, basal like, HER2-enriched, and normal-like breast cancer. This molecular taxonomy, however, could only be appraised through transcriptome analyses. Our study applies deep convolutional neural networks and transfer learning from three pre-trained models, namely ResNet50, InceptionV3 and VGG16, for classifying molecular subtypes of breast cancer using TCGA-BRCA dataset. We used 20 whole slide pathological images for each breast cancer subtype. The results showed that our scale training reached about 78% of accuracy for validation. This outcomes suggested that classification of molecular subtypes of breast cancer by pathological images are feasible and could provide reliable results"
W2476662359,2015,Functional biomarkers for chronic periodontitis and insights into the roles of Prevotella nigrescens and Fusobacterium nucleatum; a metatranscriptome analysis,"Abstract Background/Objectives: Periodontitis is the most prevalent inflammatory disease worldwide and is caused by a dysbiotic subgingival biofilm. Here we used metatranscriptomics to determine the functional shift from health to periodontitis, the response of individual species to dysbiosis and to discover biomarkers. Methods: Sixteen individuals were studied, from which six were diagnosed with chronic periodontitis. Illumina sequencing of the total messenger RNA (mRNA) yielded ~42 million reads per sample. A total of 324 human oral taxon phylotypes and 366,055 open reading frames from the HOMD database reference genomes were detected. Results: The transcriptionally active community shifted from Bacilli and Actinobacteria in health to Bacteroidia, Deltaproteobacteria, Spirochaetes and Synergistetes in periodontitis. Clusters of orthologous groups (COGs) related to carbohydrate transport and catabolism dominated in health, whereas protein degradation and amino acid catabolism dominated in disease. The LEfSe, random forest and support vector machine methods were applied to the 2,000 most highly expressed genes and discovered the three best functional biomarkers, namely haem binding protein HmuY from Porphyromonas gingivalis, flagellar filament core protein FlaB3 from Treponema denticola, and repeat protein of unknown function from Filifactor alocis. They predicted the diagnosis correctly for 14 from 16 individuals, and when applied to an independent study misclassified one out of six subjects only. Prevotella nigrescens shifted from commensalism to virulence by upregulating the expression of metalloproteases and the haem transporter. Expression of genes for the synthesis of the cytotoxic short-chain fatty acid butyrate was observed by Fusobacterium nucleatum under all conditions. Four additional species contributed to butyrate synthesis in periodontitis and they used an additional pathway. Conclusion: Gene biomarkers of periodontitis are highly predictive. The pro-inflammatory role of F. nucelatum is not related to butyrate synthesis."
W2889325774,2018,Binding site matching in rational drug design: algorithms and applications,"Interactions between proteins and small molecules are critical for biological functions. These interactions often occur in small cavities within protein structures, known as ligand-binding pockets. Understanding the physicochemical qualities of binding pockets is essential to improve not only our basic knowledge of biological systems, but also drug development procedures. In order to quantify similarities among pockets in terms of their geometries and chemical properties, either bound ligands can be compared to one another or binding sites can be matched directly. Both perspectives routinely take advantage of computational methods including various techniques to represent and compare small molecules as well as local protein structures. In this review, we survey 12 tools widely used to match pockets. These methods are divided into five categories based on the algorithm implemented to construct binding-site alignments. In addition to the comprehensive analysis of their algorithms, test sets and the performance of each method are described. We also discuss general pharmacological applications of computational pocket matching in drug repurposing, polypharmacology and side effects. Reflecting on the importance of these techniques in drug discovery, in the end, we elaborate on the development of more accurate meta-predictors, the incorporation of protein flexibility and the integration of powerful artificial intelligence technologies such as deep learning."
W7132345068,2020,Quantifying stroma-tumor cell interactions in three-dimensional cell culture systems.,"Background: In cancer research, studying cell motility is fundamental to investigate cancer invasion and drug resistance. In solid tumors constituted by a huge stroma component, such as pancreatic ductal adenocarcinoma (PDAC), the ability to quantify cell movement and interactions is mandatory to better understand the complex crosstalk between cancer and stroma cells. In PDAC, the pancreatic stellate cells (PSCs) are the principal source of dense fibrotic stroma: these closely interact with the PDAC cells to create a facilitating tumor microenvironment that supports local and distant tumor progression through the secretion and/or the response to a number of cytokines that globally increase cancer invasiveness; moreover, the dense tumor microenvironment contributes to resistance to chemotherapy and radiation therapy. Recent studies have established that targeting the stromal compartment in PDAC may lead to promising outcomes. Unfortunately, significant improvements in the overall survival of patients have not been realized in more than four decades, in part because of the lack of relevant preclinical models. Methods: To infer interactions existing between stromal and cancer cells in complex 3D environments, we developed a novel platform that combines time-lapse fluorescence microscopy, automated image detection, and extensive statistical analysis. To better mimic in situ PDAC, we created a hydrogel-based (Matrigel, collagen) model that allows cell tracking in 4 dimensions (x, y, z, t), not possible in 2D, using a mixed population of L3.6PL pancreatic cancer cells and PSCs at a ratio of 25% and 75%, respectively. To precisely identify the two populations and facilitate automatic cell detection, cells were transfected with GFP and mCherry vectors. Once in the 3D conformation, the cocultures were monitored through time-lapse confocal microscopy (CLSM) in controlled conditions, and the dataset containing the temporal evolution of the cells was processed by statistical tools. Results: Key to our approach was the generation of new machine learning-driven automated inferential protocols that resulted in the high-resolution imaging of the strength of the interactions between cells, as well as the potential presence of local chemokine gradients. In our ongoing studies, both commercial PDAC cell lines and pancreatic stellate cells were used to establish the model system. We are currently adopting the model to take full advantage of patient-derived PDAC cells established using the conditionally reprogrammed cells technique, mixed with patient-matched stellate cells. Since cell migration is a hallmark of cancer, we believe that this platform could be used as a reliable and reproducible approach for studying single-cell migration and invasion also in patient-derived models."
W4238387581,2016,A semi-supervised rough set and random forest approach for pattern classification of gene expression data,"In this paper, we present a semi-supervised rough set-based random forest gene selection method for classification of data patterns. The proposed method tries to find the genes of interest known as significant genes and maximise the accuracy of the model with reduction percentage. The advantage of this approach is analysed by experimental results on three benchmark datasets such as leukaemia, colon cancer and SRBCT and results showed an improved accuracy over existing methods such as support vector machine, k-nearest neighbour and random forest. Finally, the performance of those selected significant genes has been measured using classifier validity and statistical measures. The experimental results and performance measures proves the efficiency of the proposed hybridised technique over traditional random forest method."
W1982289269,2012,Genomic Approach Towards Personalized Anticancer Drug Therapy,"Stratification of patients for multidrug response is a promising strategy for cancer treatment. Genome-based prediction models have great potential for this purpose because the extent of drug sensitivity may be attributed to the heterogeneity of the underlying genetic characteristics of cancer. However, microarray data is difficult to analyze and is not reproducible. Several machine-learning algorithms have therefore been developed in a repeatable manner. Random forests algorithm, which uses an ensemble approach based on classification and regression trees, appears to be superior for predicting multidrug sensitivity. This is because ensemble methods are more effective when there are much more predictors than samples. Here, we review recent advances in the development of classification algorithms using microarray technology for prediction of anticancer sensitivity, discuss the availability of ensemble methods for prediction models, and present data regarding the identification of potential responders to FOLFOX therapy using random forests algorithm."
W2799252913,2017,A generalized method toward drug-target interaction prediction via low-rank matrix projection,"Drug-target interaction (DTI) prediction plays a very important role in drug development and drug discovery. Biochemical experiments or \textit{in vitro} methods are very expensive, laborious and time-consuming. Therefore, \textit{in silico} approaches including docking simulation and machine learning have been proposed to solve this problem. In particular, machine learning approaches have attracted increasing attentions recently. However, in addition to the known drug-target interactions, most of the machine learning methods require extra characteristic information such as chemical structures, genome sequences, binding types and so on. Whenever such information is not available, they may perform poor. Very recently, the similarity-based link prediction methods were extended to bipartite networks, which can be applied to solve the DTI prediction problem by using topological information only. In this work, we propose a method based on low-rank matrix projection to solve the DTI prediction problem. On one hand, when there is no extra characteristic information of drugs or targets, the proposed method utilizes only the known interactions. On the other hand, the proposed method can also utilize the extra characteristic information when it is available and the performances will be remarkably improved. Moreover, the proposed method can predict the interactions associated with new drugs or targets of which we know nothing about their associated interactions, but only some characteristic information. We compare the proposed method with ten baseline methods, e.g., six similarity-based methods that utilize only the known interactions and four methods that utilize the extra characteristic information. The datasets and codes implementing the simulations are available at https://github.com/rathapech/DTI_LMP."
W2325307364,2016,High-Content Analysis of Breast Cancer Using Single-Cell Deep Transfer Learning,"High-content analysis has revolutionized cancer drug discovery by identifying substances that alter the phenotype of a cell, which prevents tumor growth and metastasis. The high-resolution biofluorescence images from assays allow precise quantitative measures enabling the distinction of small molecules of a host cell from a tumor. In this work, we are particularly interested in the application of deep neural networks (DNNs), a cutting-edge machine learning method, to the classification of compounds in chemical mechanisms of action (MOAs). Compound classification has been performed using image-based profiling methods sometimes combined with feature reduction methods such as principal component analysis or factor analysis. In this article, we map the input features of each cell to a particular MOA class without using any treatment-level profiles or feature reduction methods. To the best of our knowledge, this is the first application of DNN in this domain, leveraging single-cell information. Furthermore, we use deep transfer learning (DTL) to alleviate the intensive and computational demanding effort of searching the huge parameter's space of a DNN. Results show that using this approach, we obtain a 30% speedup and a 2% accuracy improvement."
W3072729871,2020,Genome-wide discovery of pre-miRNAs: comparison of recent approaches based on machine learning,"MOTIVATION: The genome-wide discovery of microRNAs (miRNAs) involves identifying sequences having the highest chance of being a novel miRNA precursor (pre-miRNA), within all the possible sequences in a complete genome. The known pre-miRNAs are usually just a few in comparison to the millions of candidates that have to be analyzed. This is of particular interest in non-model species and recently sequenced genomes, where the challenge is to find potential pre-miRNAs only from the sequenced genome. The task is unfeasible without the help of computational methods, such as deep learning. However, it is still very difficult to find an accurate predictor, with a low false positive rate in this genome-wide context. Although there are many available tools, these have not been tested in realistic conditions, with sequences from whole genomes and the high class imbalance inherent to such data. RESULTS: In this work, we review six recent methods for tackling this problem with machine learning. We compare the models in five genome-wide datasets: Arabidopsis thaliana, Caenorhabditis elegans, Anopheles gambiae, Drosophila melanogaster, Homo sapiens. The models have been designed for the pre-miRNAs prediction task, where there is a class of interest that is significantly underrepresented (the known pre-miRNAs) with respect to a very large number of unlabeled samples. It was found that for the smaller genomes and smaller imbalances, all methods perform in a similar way. However, for larger datasets such as the H. sapiens genome, it was found that deep learning approaches using raw information from the sequences reached the best scores, achieving low numbers of false positives. AVAILABILITY: The source code to reproduce these results is in: http://sourceforge.net/projects/sourcesinc/files/gwmirna Additionally, the datasets are freely available in: https://sourceforge.net/projects/sourcesinc/files/mirdata."
W3106764389,2020,Human milk oligosaccharide DSLNT and gut microbiome in preterm infants predicts necrotising enterocolitis,"Objective Necrotising enterocolitis (NEC) is a devastating intestinal disease primarily affecting preterm infants. The underlying mechanisms are poorly understood: mother’s own breast milk (MOM) is protective, possibly relating to human milk oligosaccharide (HMO) and infant gut microbiome interplay. We investigated the interaction between HMO profiles and infant gut microbiome development and its association with NEC. Design We performed HMO profiling of MOM in a large cohort of infants with NEC (n=33) with matched controls (n=37). In a subset of 48 infants (14 with NEC), we also performed longitudinal metagenomic sequencing of infant stool (n=644). Results Concentration of a single HMO, disialyllacto-N-tetraose (DSLNT), was significantly lower in MOM received by infants with NEC compared with controls. A MOM threshold level of 241 nmol/mL had a sensitivity and specificity of 0.9 for NEC. Metagenomic sequencing before NEC onset showed significantly lower relative abundance of Bifidobacterium longum and higher relative abundance of Enterobacter cloacae in infants with NEC. Longitudinal development of the microbiome was also impacted by low MOM DSLNT associated with reduced transition into preterm gut community types dominated by Bifidobacterium spp and typically observed in older infants. Random forest analysis combining HMO and metagenome data before disease accurately classified 87.5% of infants as healthy or having NEC. Conclusion These results demonstrate the importance of HMOs and gut microbiome in preterm infant health and disease. The findings offer potential targets for biomarker development, disease risk stratification and novel avenues for supplements that may prevent life-threatening disease."
W3081645663,2020,Machine learning discriminates a movement disorder in a zebrafish model of Parkinson's disease,"ABSTRACT Animal models of human disease provide an in vivo system that can reveal molecular mechanisms by which mutations cause pathology, and, moreover, have the potential to provide a valuable tool for drug development. Here, we have developed a zebrafish model of Parkinson's disease (PD) together with a novel method to screen for movement disorders in adult fish, pioneering a more efficient drug-testing route. Mutation of the PARK7 gene (which encodes DJ-1) is known to cause monogenic autosomal recessive PD in humans, and, using CRISPR/Cas9 gene editing, we generated a Dj-1 loss-of-function zebrafish with molecular hallmarks of PD. To establish whether there is a human-relevant parkinsonian phenotype in our model, we adapted proven tools used to diagnose PD in clinics and developed a novel and unbiased computational method to classify movement disorders in adult zebrafish. Using high-resolution video capture and machine learning, we extracted novel features of movement from continuous data streams and used an evolutionary algorithm to classify parkinsonian fish. This method will be widely applicable for assessing zebrafish models of human motor diseases and provide a valuable asset for the therapeutics pipeline. In addition, interrogation of RNA-seq data indicate metabolic reprogramming of brains in the absence of Dj-1, adding to growing evidence that disruption of bioenergetics is a key feature of neurodegeneration. This article has an associated First Person interview with the first author of the paper."
W2103958039,2011,Bridging the gap between physiology and behavior: Evidence from the sSoTS model of human visual attention.,"We present the case for a role of biologically plausible neural network modeling in bridging the gap between physiology and behavior. We argue that spiking-level networks can allow ""vertical"" translation between physiological properties of neural systems and emergent ""whole-system"" performance-enabling psychological results to be simulated from implemented networks and also inferences to be made from simulations concerning processing at a neural level. These models also emphasize particular factors (e.g., the dynamics of performance in relation to real-time neuronal processing) that are not highlighted in other approaches and that can be tested empirically. We illustrate our argument from neural-level models that select stimuli by biased competition. We show that a model with biased competition dynamics can simulate data ranging from physiological studies of single-cell activity (Study 1) to whole-system behavior in human visual search (Study 2), while also capturing effects at an intermediate level, including performance breakdown after neural lesion (Study 3) and data from brain imaging (Study 4). We also show that, at each level of analysis, novel predictions can be derived from the biologically plausible parameters adopted, which we proceed to test (Study 5). We argue that, at least for studying the dynamics of visual attention, the approach productively links single-cell to psychological data."
W3206189302,2020,Multitask Bioactivity Predictions Using Structural Chemical and Cell Morphology Information,"The understanding of the Mechanism-of-Action (MoA) of compounds and the prediction of potential drug targets has an important role in small-molecule drug discovery. The aim of this work was to compare chemical and cell morphology information for bioactivity prediction. The comparison was performed by using bioactivity data from the ExCAPE database, image data from the Cell Painting data set (the largest publicly available data set of cell images with approximately ~30,000 compound perturbations) and Extended Connectivity Fingerprints (ECFPs) using the multitask Bayesian Matrix Factorisation (BMF) approach Macau. We found that the BMF Macau and Random Forest (RF) performance was overall similar when ECFP fingerprints were used as compounds descriptors. However, BMF Macau outperformed RF in 155 out of 224 target classes (69.20%) when image data was used as compounds information. By using BMF Macau 100 (corresponding to about 45%) and 90 ( about 40%) of the 224 targets were predicted with high predictive performance (AUC > 0.8) with ECFP data and image data as side information, respectively. There were targets better predicted by image data as side information, such as b-catenin, and others better predicted by fingerprint-based side information, like proteins belonging to the G-Protein Coupled Receptor 1 family, which could be rationalized from the underlying data distributions in each descriptor domain. In conclusion, both cell morphology changes and structural chemical information contain information about compound bioactivity, which is also partially complementary, and can hence contribute to in silico mechanism of action analysis."
W1498884757,2010,Molecular sampling of prostate cancer: a dilemma for predicting disease progression,"BACKGROUND: Current prostate cancer prognostic models are based on pre-treatment prostate specific antigen (PSA) levels, biopsy Gleason score, and clinical staging but in practice are inadequate to accurately predict disease progression. Hence, we sought to develop a molecular panel for prostate cancer progression by reasoning that molecular profiles might further improve current clinical models. METHODS: We analyzed a Swedish Watchful Waiting cohort with up to 30 years of clinical follow up using a novel method for gene expression profiling. This cDNA-mediated annealing, selection, ligation, and extension (DASL) method enabled the use of formalin-fixed paraffin-embedded transurethral resection of prostate (TURP) samples taken at the time of the initial diagnosis. We determined the expression profiles of 6100 genes for 281 men divided in two extreme groups: men who died of prostate cancer and men who survived more than 10 years without metastases (lethals and indolents, respectively). Several statistical and machine learning models using clinical and molecular features were evaluated for their ability to distinguish lethal from indolent cases. RESULTS: Surprisingly, none of the predictive models using molecular profiles significantly improved over models using clinical variables only. Additional computational analysis confirmed that molecular heterogeneity within both the lethal and indolent classes is widespread in prostate cancer as compared to other types of tumors. CONCLUSIONS: The determination of the molecularly dominant tumor nodule may be limited by sampling at time of initial diagnosis, may not be present at time of initial diagnosis, or may occur as the disease progresses making the development of molecular biomarkers for prostate cancer progression challenging."
W3081632927,2020,Detection of native and mirror protein structures based on Ramachandran plot analysis by interpretable machine learning models,"Abstract In this contribution the discrimination between native and mirror models of proteins according to their chirality is tackled based on the structural protein information. This information is contained in the Ramachandran plots of the protein models. We provide an approach to classify those plots by means of an interpretable machine learning classifier - the Generalized Matrix Learning Vector Quantizer. Applying this tool, we are able to distinguish with high accuracy between mirror and native structures just evaluating the Ramachandran plots. The classifier model provides additional information regarding the importance of regions, e.g. α -helices and β -strands, to discriminate the structures precisely. This importance weighting differs for several considered protein classes."
W2914299250,2019,A blood-based prognostic biomarker in inflammatory bowel disease,"Objective We have previously described a prognostic transcriptional signature in CD8 T-cells that separates inflammatory bowel disease (IBD) patients into 2 phenotypically-distinct subgroups, termed IBD1 and IBD2. Here we sought to develop a blood-based test that could identify these subgroups without cell separation, and thus be suitable for clinical use in Crohn’s disease (CD) and ulcerative colitis (UC). Design Patients with active IBD were recruited before treatment. Transcriptomic analyses were performed on purified CD8 T-cells and/or whole blood. Phenotype data was collected prospectively. IBD1/IBD2 patient subgroups were identified by consensus clustering of CD8 T-cell transcriptomes. In a training cohort, machine learning was used to identify groups of genes (“classifiers”) whose differential expression in whole blood re-created the IBD1/IBD2 subgroups. Genes from the best classifiers were qPCR-optimised, and further machine learning was used to identify the optimal qPCR classifier, which was locked-down for further testing. Independent validation was sought in separate cohorts of CD (n=66) and UC patients (n=57). Results In both validation cohorts, a 17-gene qPCR-based classifier stratified patients into two distinct subgroups. Irrespective of the underlying diagnosis, IBDhi patients (analogous to the poor-prognosis IBD1 subgroup) experienced significantly more aggressive disease than IBDlo patients (analogous to IBD2), with earlier need for treatment escalation (hazard ratio=2.65 [CD], 3.12 [UC]) and more escalations over time (for multiple escalations within 18 months: sensitivity=72.7% [CD], 100% [UC]; NPV=90.9% [CD], 100% [UC]). Conclusion This is the first validated prognostic biomarker that can predict prognosis in newly-diagnosed IBD patients, and represents a step towards personalised therapy."
W2907905056,2019,Kinetics of Xist-induced gene silencing can be predicted from combinations of epigenetic and genomic features,"Abstract To initiate X-chromosome inactivation (XCI), the long non-coding RNA Xist mediates chromosome-wide gene silencing of one X chromosome in female mammals to equalize gene dosage between the sexes. The efficiency of gene silencing, however is highly variable across genes, with some genes even escaping XCI in somatic cells. A genes susceptibility to Xist-mediated silencing appears to be determined by a complex interplay of epigenetic and genomic features; however, the underlying rules remain poorly understood. We have quantified chromosome-wide gene silencing kinetics at the level of the nascent transcriptome using allele-specific Precision nuclear Run-On sequencing (PRO-seq). We have developed a Random Forest machine learning model that can predict the measured silencing dynamics based on a large set of epigenetic and genomic features and tested its predictive power experimentally. While the genomic distance to the Xist locus is the prime determinant of the speed of gene silencing, we find that also pre-marking of gene promoters with polycomb complexes is associated with fast silencing. Moreover, a series of features associated with active transcription and the O-GlcNAc transferase Ogt are enriched at rapidly silenced genes. Our machine learning approach can thus uncover the complex combinatorial rules underlying gene silencing during X inactivation."
W2628404901,2014,Analysis and prediction of the effects of single amino acid variants in human disease,"Over the past fifty years, the genetic bases for many human diseases have been discovered. Genome-wide association studies (GWAS) have pin-pointed genetic loci containing disease-associated variants, which can be probed in more detail using targeted DNA sequencing and imputation. The falling cost of DNA sequencing has led to the adoption of whole-genome and whole-exome sequencing, enabling more of the genome to be investigated. However, with the masses of data being produced, it is vital to have tools to identify truly interesting disease-associated variation. This thesis describes the development of three tools to help researchers identify and characterise disease-associated genetic variants. Whole-genome sequencing data contain many reported variants that may be due to errors in sequencing, read-mapping or variant calling. It is therefore vital to filter out these incorrect variants and Chapter 6 describes the development of an ensemble machine learning method for filtering these variants, which is able to remove over 80% of incorrect variants at the expense of under 4% of true variation. Single amino acid variants (SAVs) are one of the best-studied groups of variants in human disease, and there are a number of tools available to pre- dict whether SAV will be deleterious. SuSPect (disease-susceptibility–based SAV phenotype predictor) out-performs other tested methods, thanks to its incorporation of information from protein-protein interaction networks. Finally, knowing a variant is potentially damaging to a protein’s function does not tell a researcher whether or not it will cause the disease of interest,and even healthy human exomes contain many SAVs predicted to be deleterious. PriMe SuSPect (prioritisation method using SuSPect) is an extension to SuSPect, which provides disease-specific scores for over 5,000 diseases by leveraging information from PPI networks. This enables researchers to determine which SAVs across an entire exome are likely to be involved in their specific disease of interest."
W2982431316,2019,Characterizing chromatin folding coordinate and landscape with deep learning,"Genome organization is critical for setting up the spatial environment of gene transcription, and substantial progress has been made towards its high-resolution characterization. The underlying molecular mechanism for its establishment is much less understood. We applied a deep-learning approach, variational autoencoder (VAE), to analyze the fluctuation and heterogeneity of chromatin structures revealed by single-cell super-resolution imaging and to identify a reaction coordinate for chromatin folding. This coordinate monitors the progression of topologically associating domain (TAD) formation and connects the seemingly random structures observed in individual cohesin-depleted cells as intermediate states along the folding pathway. Analysis of the folding landscape derived from VAE suggests that well-folded structures similar to those found in wild-type cells remain energetically favorable in cohesin-depleted cells. The interaction energies, however, are not strong enough to overcome the entropic penalty, leading to the formation of only partially folded structures and the disappearance of TADs from contact maps upon averaging. Implications of these results for the molecular driving forces of chromatin folding are discussed."
W2580237759,2017,Efficient computational framework for biological 3D image data retrieval,"Aiming at an efficient and generalizable computational framework for 3D image retrieval, in this project, we are developing effective computational methods with deep learning algorithms at the heart, that can compare protein 3D structural data to identify specific drug (ligand) bindingsites. We use multi-channel 3D images of voxelized protein structure as input, where crucial information about the proteins, such as 3D shape and physicochemical properties, are included in the images."
W2518118492,2016,The OGCleaner: filtering false-positive homology clusters,"Detecting homologous sequences in organisms is an essential step in protein structure and function prediction, gene annotation and phylogenetic tree construction. Heuristic methods are often employed for quality control of putative homology clusters. These heuristics, however, usually only apply to pairwise sequence comparison and do not examine clusters as a whole. We present the Orthology Group Cleaner (the OGCleaner), a tool designed for filtering putative orthology groups as homology or non-homology clusters by considering all sequences in a cluster. The OGCleaner relies on high-quality orthologous groups identified in OrthoDB to train machine learning algorithms that are able to distinguish between true-positive and false-positive homology groups. This package aims to improve the quality of phylogenetic tree construction especially in instances of lower-quality transcriptome assemblies. AVAILABILITY AND IMPLEMENTATION: https://github.com/byucsl/ogcleaner CONTACT: sfujimoto@gmail.comSupplementary information: Supplementary data are available at Bioinformatics online."
W2990766158,2019,"Computational Identification of piRNAs Using Features Based on RNA Sequence, Structure, Thermodynamic and Physicochemical Properties","Rationale: PIWI-interacting RNAs (piRNAs) are a recently-discovered class of small noncoding RNAs (ncRNAs) with a length of 21-35 nucleotides. They play a role in gene expression regulation, transposon silencing, and viral infection inhibition. Once considered as “dark matter” of ncRNAs, piRNAs emerged as important players in multiple cellular functions in different organisms. However, our knowledge of piRNAs is still very limited as many piRNAs have not been yet identified due to lack of robust computational predictive tools. Methods: To identify novel piRNAs, we developed piRNAPred, an integrated framework for piRNA prediction employing hybrid features like k-mer nucleotide composition, secondary structure, thermodynamic and physicochemical properties. A non-redundant dataset (D3349 or D1684p+1665n) comprising 1684 experimentally verified piRNAs and 1665 non-piRNA sequences was obtained from piRBase and NONCODE, respectively. These sequences were subjected to the computation of various sequence- structure based features in binary format and trained using different machine learning techniques, of which support vector machine (SVM) performed the best. Results: During the ten-fold cross-validation approach (10-CV), piRNAPred achieved an overall accuracy of 98.60% with Mathews correlation coefficient (MCC) of 0.97 and receiver operating characteristic (ROC) of 0.99. Furthermore, we achieved a dimensionality reduction of feature space using an attribute selected classifier. Conclusion: We obtained the highest performance in accurately predicting piRNAs as compared to the current state-of-the-art piRNA predictors. In conclusion, piRNAPred would be helpful to expand the piRNA repertoire, and provide new insights on piRNA functions."
W3080523324,2020,PreLnc: An Accurate Tool for Predicting lncRNAs Based on Multiple Features,"Accumulating evidence indicates that long non-coding RNAs (lncRNAs) have certain similarities with messenger RNAs (mRNAs) and are associated with numerous important biological processes, thereby demanding methods to distinguish them. Based on machine learning algorithms, a variety of methods are developed to identify lncRNAs, providing significant basic data support for subsequent studies. However, many tools lack certain scalability, versatility and balance, and some tools rely on genome sequence and annotation. In this paper, we propose a convenient and accurate tool ""PreLnc"", which uses high-confidence lncRNA and mRNA transcripts to build prediction models through feature selection and classifiers. The false discovery rate (FDR) adjusted P-value and Z-value were used for analyzing the tri-nucleotide composition of transcripts of different species. Conclusions can be drawn from the experiment that there were significant differences in RNA transcripts among plants, which may be related to evolutionary conservation and the fact that plants are under evolutionary pressure for a longer time than animals. Combining with the Pearson correlation coefficient, we use the incremental feature selection (IFS) method and the comparison of multiple classifiers to build the model. Finally, the balanced random forest was used to construct the classifier, and PreLnc obtained 91.09% accuracy for 349,186 transcripts of animals and plants. In addition, by comparing standard performance measurements, PreLnc performed better than other prediction tools."
W3036097568,2020,A Knowledge-Based Machine Learning Approach to Gene Prioritisation in Amyotrophic Lateral Sclerosis,"Amyotrophic lateral sclerosis is a neurodegenerative disease of the upper and lower motor neurons resulting in death from neuromuscular respiratory failure, typically within two to five years of first symptoms. Several rare disruptive gene variants have been associated with ALS and are responsible for about 15% of all cases. Although our knowledge of the genetic landscape of this disease is improving, it remains limited. Machine learning models trained on the available protein–protein interaction and phenotype-genotype association data can use our current knowledge of the disease genetics for the prediction of novel candidate genes. Here, we describe a knowledge-based machine learning method for this purpose. We trained our model on protein–protein interaction data from IntAct, gene function annotation from Gene Ontology, and known disease-gene associations from DisGeNet. Using several sets of known ALS genes from public databases and a manual review as input, we generated a list of new candidate genes for each input set. We investigated the relevance of the predicted genes in ALS by using the available summary statistics from the largest ALS genome-wide association study and by performing functional and phenotype enrichment analysis. The predicted sets were enriched for genes associated with other neurodegenerative diseases known to overlap with ALS genetically and phenotypically, as well as for biological processes associated with the disease. Moreover, using ALS genes from ClinVar and our manual review as input, the predicted sets were enriched for ALS-associated genes (ClinVar p = 0.038 and manual review p = 0.060) when used for gene prioritisation in a genome-wide association study."
W2948566648,2019,Deep Neural Architectures for Highly Imbalanced Data in Bioinformatics,"In the postgenome era, many problems in bioinformatics have arisen due to the generation of large amounts of imbalanced data. In particular, the computational classification of precursor microRNA (pre-miRNA) involves a high imbalance in the classes. For this task, a classifier is trained to identify RNA sequences having the highest chance of being miRNA precursors. The big issue is that well-known pre-miRNAs are usually just a few in comparison to the hundreds of thousands of candidate sequences in a genome, which results in highly imbalanced data. This imbalance has a strong influence on most standard classifiers and, if not properly addressed, the classifier is not able to work properly in a real-life scenario. This work provides a comparative assessment of recent deep neural architectures for dealing with the large imbalanced data issue in the classification of pre-miRNAs. We present and analyze recent architectures in a benchmark framework with genomes of animals and plants, with increasing imbalance ratios up to 1:2000. We also propose a new graphical way for comparing classifiers performance in the context of high-class imbalance. The comparative results obtained show that, at a very high imbalance, deep belief neural networks can provide the best performance."
W3104460850,2020,Clinical Pharmacology and Therapeutics: 2020 in Review,"A year ago, former editor-in-chief Scott Waldman, MD, handed over the Clinical Pharmacology & Therapeutics (CPT) leadership baton to a new editorial team. To mark the occasion, a themed issue “Clinical Pharmacology & Therapeutics 2030” was published at the start of the year in which the team shared its vision for the journal, illustrated by a series of perspectives from global leaders across the discipline from academia, regulatory agencies, and pharma.1 In addition to the disciplines where CPT has traditionally been the leading publication in the field, we identified new and emerging areas for the journal to focus on, such as precision medicine, data science, global heath and special populations, and novel modalities and therapeutic approaches. It was therefore not a coincidence that the second themed issue of this year was dedicated to “Data Science,” which brought together clinical pharmacology with science and methodology from areas like artificial intelligence, machine learning, real-world data, and large-scale multi-omics.2 This was also the first example of an issue fully dedicated to a particular theme, including all original research articles. It also introduced the first CPT Tutorials,3, 4 a new article type for the journal providing practical educational material on tools, methodologies, and approaches in clinical pharmacology5-7 (Table 1). The most recent themed issue “Therapeutic Innovations in Oncology” was again fully dedicated to a single topic and gave the readers “a tour of selected innovations in precision medicine, model-informed drug discovery and development frameworks, and the evolving clinical trial and regulatory landscape that have nurtured patient-focused oncology research, development, and clinical practice.”8 One change implemented this year was that themed issues will appear less frequently than before, but will be as much as possible aligned with the topic and include a broader range of article types, including original research. Another important new feature is that contributions will not be by invitation only and open calls for papers will be issued.1 The 2021 themed issues will be “Precision Dosing,” “Anti-Infectives,” and “Pharmacogenetics & Pharmacogenomics.” For the “non-themed” issues, the editorial team selected papers on key topics to be highlighted on the cover (Figure 1) and in editorials, such as regulatory sciences,9 novel technologies for mechanistic understanding of drug exposure and response,10 precision medicine of oral coagulants,11 induced pluripotent stem cells,12 and the role of the microbiome in central-nervous system clinical pharmacology.13 The October issue was dedicated to CPT’s Editor Emeritus, Marcus M. Reidenberg, MD,14 who died in March this year and served the journal for 17 years. Under his leadership, CPT became the premier publication in the discipline. Little did I know how the world would change when I wrote the editorial on finding new drugs for infectious diseases for the February 2020 issue,15 inspired by the analyses from DiMasi et al. at Tufts University.16 My pre-coronavirus disease 2019 (COVID-19) conclusion was that “If anything, the analysis by DiMasi and colleagues underscores that from a scientific and clinical perspective drug development in infectious diseases should be relatively successful. Clinical pharmacologists should be at the forefront of converting this opportunity into reality through application of existing and emerging innovative drug development paradigms in the context of global health.” A few weeks after this publication, the world went into lockdown, and we and many other asked ourselves the question if COVID-19 would be a defining moment for clinical pharmacology.17 I suppose all we can say at present is that time will tell, but the hope is that whatever we learn will have a positive impact on effectiveness and speed of drug development for infectious diseases that goes well beyond COVID-19. As a reminder, DiMasi et al. found that current clinical trial times for infectious diseases range from 2–8 years.15, 16 The journal experienced an unprecedented number of submissions related to COVID-19 and we are grateful and indebted to the large number of members of our Editorial Board and peer reviewers who have been instrumental in helping us select the most impactful science and maintaining the highest standards in a rapidly moving environment.18 We look forward to working with them, our authors, readers, and many others to continue to fulfil CPT’s mission to be the leading journal for clinical pharmacology and therapeutic innovations, transforming the development and utilization of medicines across all diseases for all patients. No funding was received for this work. The author declared no competing interests for this work."
W4394495772,2018,PREDICTION OF PHENOTYPIC AND GENOTYPIC VALUES BY BLUP/GWS AND NEURAL NETWORKS,"ABSTRACT Genome-wide selection (GWS) uses simultaneously the effect of the thousands markers covering the entire genome to predict genomic breeding values for individuals under selection. The possible benefits of GWS are the reduction of the breeding cycle, increase in gains per unit of time, and decrease of costs. However, the success of the GWS is dependent on the choice of the method to predict the effects of markers. Thus, the objective of this work was to predict genomic breeding values (GEBV) through artificial neural networks (ANN), based on the estimation of the effect of the markers, compared to the Ridge Regression-Best Linear Unbiased Predictor/Genome Wide Selection (RR-BLUP/GWS). Simulations were performed by software R to provide correlations concerning ANN and RR-BLUP/GWS. The prediction methods were evaluated using correlations between phenotypic and genotypic values and predicted GEBV. The results showed the superiority of the ANN in predicting GEBV in simulations with higher and lower marker densities, with higher levels of linkage disequilibrium and heritability."
W1583174215,2010,Biomedical Signal Analysis: Contemporary Methods and Applications,"Biomedical signal analysis has become one of the most important visualization and interpretation methods in biology and medicine. Many new and powerful instruments for detecting, storing, transmitting, analyzing, and displaying images have been developed in recent years, allowing scientists and physicians to obtain quantitative measurements to support scientific hypotheses and medical diagnoses. This book offers an overview of a range of proven and new methods, discussing both theoretical and practical aspects of biomedical signal analysis and interpretation.After an introduction to the topic and a survey of several processing and imaging techniques, the book describes a broad range of methods, including continuous and discrete Fourier transforms, independent component analysis (ICA), dependent component analysis, neural networks, and fuzzy logic methods. The book then discusses applications of these theoretical tools to practical problems in everyday biosignal processing, considering such subjects as exploratory data analysis and low-frequency connectivity analysis in fMRI, MRI signal processing including lesion detection in breast MRI, dynamic cerebral contrast-enhanced perfusion MRI, skin lesion classification, and microscopic slice image processing and automatic labeling. Biomedical Signal Analysis can be used as a text or professional reference. Part I, on methods, forms a self-contained text, with exercises and other learning aids, for upper-level undergraduate or graduate-level students. Researchers or graduate students in systems biology, genomic signal processing, and computer-assisted radiology will find both parts I and II (on applications) a valuable handbook."
W2963242855,2017,Attend and Predict: Understanding Gene Regulation by Selective Attention\n on Chromatin,"The past decade has seen a revolution in genomic technologies that enable a\nflood of genome-wide profiling of chromatin marks. Recent literature tried to\nunderstand gene regulation by predicting gene expression from large-scale\nchromatin measurements. Two fundamental challenges exist for such learning\ntasks: (1) genome-wide chromatin signals are spatially structured,\nhigh-dimensional and highly modular; and (2) the core aim is to understand what\nare the relevant factors and how they work together? Previous studies either\nfailed to model complex dependencies among input signals or relied on separate\nfeature analysis to explain the decisions. This paper presents an\nattention-based deep learning approach; we call AttentiveChrome, that uses a\nunified architecture to model and to interpret dependencies among chromatin\nfactors for controlling gene regulation. AttentiveChrome uses a hierarchy of\nmultiple Long short-term memory (LSTM) modules to encode the input signals and\nto model how various chromatin marks cooperate automatically. AttentiveChrome\ntrains two levels of attention jointly with the target prediction, enabling it\nto attend differentially to relevant marks and to locate important positions\nper mark. We evaluate the model across 56 different cell types (tasks) in\nhuman. Not only is the proposed architecture more accurate, but its attention\nscores also provide a better interpretation than state-of-the-art feature\nvisualization methods such as saliency map.\n Code and data are shared at www.deepchrome.org\n"
W1789138905,2013,Statistical inference for template-based protein structure prediction,"Protein structure prediction is one of the most important problems in computational biology. The most successful computational approach, also called template-based modeling, identifies templates with solved crystal structures for the query proteins and constructs three dimensional models based on sequence/structure alignments. Although substantial effort has been made to improve protein sequence alignment, the accuracy of alignments between distantly related proteins is still unsatisfactory. In this thesis, I will introduce a number of statistical machine learning methods to build accurate alignments between a protein sequence and its template structures, especially for proteins having only distantly related templates. For a protein with only one good template, we develop a regression-tree based Conditional Random Fields (CRF) model for pairwise protein sequence/structure alignment. By learning a nonlinear threading scoring function, we are able to leverage the correlation among different sequence and structural features. We also introduce an information-theoretic measure to guide the learning algorithm to better exploit the structural features for low-homology proteins with little evolutionary information in their sequence profile. For a protein with multiple good templates, we design a probabilistic consistency approach to thread the protein to all templates simultaneously. By minimizing the discordance between the pairwise alignments of the protein and templates, we are able to construct a multiple sequence/structure alignment, which leads to better structure predictions than any single-template based prediction."
W2156270929,2015,LncRNA-ID: Long non-coding RNA IDentification using balanced random forests,"MOTIVATION: Long non-coding RNAs (lncRNAs), which are non-coding RNAs of length above 200 nucleotides, play important biological functions such as gene expression regulation. To fully reveal the functions of lncRNAs, a fundamental step is to annotate them in various species. However, as lncRNAs tend to encode one or multiple open reading frames, it is not trivial to distinguish these long non-coding transcripts from protein-coding genes in transcriptomic data. RESULTS: In this work, we design a new tool that calculates the coding potential of a transcript using a machine learning model (random forest) based on multiple features including sequence characteristics of putative open reading frames, translation scores based on ribosomal coverage, and conservation against characterized protein families. The experimental results show that our tool competes favorably with existing coding potential computation tools in lncRNA identification. AVAILABILITY AND IMPLEMENTATION: The scripts and data can be downloaded at https://github.com/zhangy72/LncRNA-ID."
W3020016319,2020,Shifting ecosystem connectivity during the Pleistocene drove diversification and gene‐flow in a species complex of Neotropical birds (Tityridae: Pachyramphus),"Abstract Aim We aim to test the biogeographic drivers of diversification and gene‐flow at the Isthmus of Panama using a species complex of suboscine birds as a case study. We specifically evaluate whether diversification in these birds is better explained by continuous parapatry or a Refuge Model of periodic isolation and gene‐flow due glacial cycling. Location The Isthmus of Panama (Neotropics). Taxon Pachyramphus aglaiae and Pachyramphus homochrous (Aves: Tityridae). Methods We develop an approach to distinguish among the two biogeographic hypotheses—parapatric ecological speciation versus climatically mediated speciation—by making explicit predictions for demographic history, niche evolution and change in geographic connectivity over time. We sequenced genome‐wide markers (ultraconserved elements) to estimate the evolutionary and demographic history of this group. We applied both phylogenomic network analyses and demographic modelling using a supervised machine learning approach. These genetic analyses were combined with a novel distribution modelling method that estimates the probability of interspecies contact as a function of climatic conditions through time. Results We found that both spatial and genetic analyses revealed concordant results. All speciation events occurred during the Pleistocene and were characterized by non‐continuous gene‐flow, supporting a scenario of climate‐mediated diversification. Spatial connectivity was highest at present, consistent with our best demographic model of secondary contact. Main conclusions This study exemplifies a mechanism by which speciation, dispersal and introgression unfold in an important region for Neotropical diversification—the Isthmus of Panama—where periods of both isolation and introgression probably drive diversification. Overall, our results are consistent with the Refuge Model of biotic diversification, but suggest that introgression may be a crucial yet underappreciated component of this classic paradigm."
W3091918580,2020,Improved protein structure prediction by deep learning irrespective of co-evolution information,"We describe our latest study of the deep convolutional residual neural networks (ResNet) for protein structure prediction, including deeper and wider ResNets, the efficacy of different input features, and improved 3D model building methods. Our ResNet can predict correct folds (TMscore>0.5) for 26 out of 32 CASP13 FM (template-free-modeling) targets and L/5 long-range contacts for these targets with precision over 80%, a significant improvement over the CASP13 results. Although co-evolution analysis plays an important role in the most successful structure prediction methods, we show that when co-evolution is not used, our ResNet can still predict correct folds for 18 of the 32 CASP13 FM targets including several large ones. This marks a significant improvement over the top co-evolution-based, non-deep learning methods at CASP13, and other non-coevolution-based deep learning models, such as the popular recurrent geometric network (RGN). With only primary sequence, our ResNet can also predict correct folds for all 21 human-designed proteins we tested. In contrast, RGN predicts correct folds for only 3 human-designed proteins and zero CASP13 FM target. In addition, we find that ResNet may fare better for the human-designed proteins when trained without co-evolution information than with co-evolution. These results suggest that ResNet does not simply denoise co-evolution signals, but instead is able to learn important sequence-structure relationship from experimental structures. This has important implications on protein design and engineering especially when evolutionary information is not available."
W4299732266,2020,"A Quantitative System for Discriminating Induced Pluripotent Stem Cells, Embryonic Stem Cells and Somatic Cells","Induced pluripotent stem cells (iPSCs) derived from somatic cells (SCs) and embryonic stem cells (ESCs) provide promising resources for regenerative medicine and medical research, leading to a daily identification of new cell lines. However, an efficient system to discriminate the different types of cell lines is lacking. Here, we develop a quantitative system to discriminate the three cell types, iPSCs, ESCs, and SCs. The system consists of DNA-methylation biomarkers and mathematical models, including an artificial neural network and support vector machines. All biomarkers were unbiasedly selected by calculating an eigengene score derived from analysis of genome-wide DNA methylations. With 30 biomarkers, or even with as few as 3 top biomarkers, this system can discriminate SCs from pluripotent cells (PCs, including ESCs and iPSCs) with almost 100% accuracy. With approximately 100 biomarkers, the system can distinguish ESCs from iPSCs with an accuracy of 95%. This robust system performs precisely with raw data without normalization as well as with converted data in which the continuous methylation levels are accounted. Strikingly, this system can even accurately predict new samples generated from different microarray platforms and the next-generation sequencing. The subtypes of cells, such as female and male iPSCs and fetal and adult SCs, can also be discriminated with this method. Thus, this novel quantitative system works as an accurate framework for discriminating the three cell types, iPSCs, ESCs, and SCs. This strategy also supports the notion that DNA-methylation generally varies among the three cell types."
W2896808816,2018,Associations between polygenic risk scores for four psychiatric illnesses and brain structure using multivariate pattern recognition,"Psychiatric illnesses are complex and polygenic. They are associated with widespread alterations in the brain, which are partly influenced by genetic factors. There have been some attempts to relate polygenic risk scores (PRS) – a measure of the overall genetic risk an individual carries for a disorder – to brain structure using univariate methods. However, PRS are likely associated with distributed and covarying effects across the brain. We therefore used multivariate machine learning in this proof-of-principle study to investigate associations between brain structure and PRS for four psychiatric disorders; attention deficit-hyperactivity disorder (ADHD), autism, bipolar disorder and schizophrenia. The sample included 213 individuals comprising patients with depression (69), bipolar disorder (33), and healthy controls (111). The five psychiatric PRSs were calculated based on summary data from the Psychiatric Genomics Consortium. T1-weighted magnetic resonance images were obtained and voxel-based morphometry was implemented in SPM12. Multivariate relevance vector regression was implemented in the Pattern Recognition for Neuroimaging Toolbox (PRoNTo). Across the whole sample, a multivariate pattern of grey matter significantly predicted the PRS for autism (r = 0.20, pFDR = 0.03; MSE = 4.20 × 10−5, pFDR = 0.02). For the schizophrenia PRS, the MSE was significant (MSE = 1.30 × 10−5, pFDR = 0.02) although the correlation was not (r = 0.15, pFDR = 0.06). These results lend support to the hypothesis that polygenic liability for autism and schizophrenia is associated with widespread changes in grey matter concentrations. These associations were seen in individuals not affected by these disorders, indicating that this is not driven by the expression of the disease, but by the genetic risk captured by the PRSs."
W2945089144,2011,Protein Local Structure Prediction through Improved Clustering Support Vector Machines (ICSVM),"Accurate protein secondary structure prediction plays an important role in direct tertiary structure modeling, and can also significantly enhance sequence analysis and sequence-structure threading for structure and function determination. Understanding the sequence-to-structure relationship is a central task in bioinformatics. Adequate knowledge about this can improve the accuracy for protein structure prediction. The conventional algorithm such as clustering and SVM can not reveal the complex nonlinear relationship adequately on a huge amount of data individually. So the model CSVMs (Clustering Support Vector Machines) was designed by merging the concept of both clustering and SVM. It has been seen that the generalization power for CSVMs is strong enough to recognize the complicated pattern of sequence-to-structure relationships. CSVMs can only predict the protein local structure with which it is being trained. But if a new type of protein segment comes then it may happen that the CSVMs will fail. That is, none of the cluster will treat it as a positive sample. So in this paper we introduced another robust method called Improved Support Vector Machines (ICSVM) which can handle the unseen example efficiently. Keywords: Clustering algorithm, SVM, Protein structure prediction, CSVMs, ICSVM."
W2913070902,2019,Performance Comparison of Machine Learning Platforms,"In this paper, we present a method for comparing and evaluating different collections of machine learning algorithms on the basis of a given performance measure (e.g., accuracy, area under the curve (AUC), F-score). Such a method can be used to compare standard machine learning platforms such as SAS, IBM SPSS, and Microsoft Azure ML. A recent trend in automation of machine learning is to exercise a collection of machine learning algorithms on a particular problem and then use the best performing algorithm. Thus, the proposed method can also be used to compare and evaluate different collections of algorithms for automation on a certain problem type and find the best collection. In the study reported here, we applied the method to compare six machine learning platforms – R, Python, SAS, IBM SPSS Modeler, Microsoft Azure ML, and Apache Spark ML. We compared the platforms on the basis of predictive performance on classification problems because a significant majority of the problems in machine learning are of that type. The general question that we addressed is the following: Are there platforms that are superior to others on some particular performance measure? For each platform, we used a collection of six classification algorithms from the following six families of algorithms – support vector machines, multilayer perceptrons, random forest (or variant), decision trees/gradient boosted trees, Naive Bayes/Bayesian networks, and logistic regression. We compared their performance on the basis of classification accuracy, F-score, and AUC. We used F-score and AUC measures to compare platforms on two-class problems only. For testing the platforms, we used a mix of data sets from (1) the University of California, Irvine (UCI) library, (2) the Kaggle competition library, and (3) high-dimensional gene expression problems. We performed some hyperparameter tuning on algorithms wherever possible. The online supplement is available at https://doi.org/10.1287/ijoc.2018.0825 ."
W3087456053,2020,Annotation of Allosteric Compounds to Enhance Bioactivity Modeling for Class A GPCRs,"Proteins often have both orthosteric and allosteric binding sites. Endogenous ligands, such as hormones and neurotransmitters, bind to the orthosteric site, while synthetic ligands may bind to orthosteric or allosteric sites, which has become a focal point in drug discovery. Usually, such allosteric modulators bind to a protein noncompetitively with its endogenous ligand or substrate. The growing interest in allosteric modulators has resulted in a substantial increase of these entities and their features such as binding data in chemical libraries and databases. Although this data surge fuels research focused on allosteric modulators, binding data is unfortunately not always clearly indicated as being allosteric or orthosteric. Therefore, allosteric binding data is difficult to retrieve from databases that contain a mixture of allosteric and orthosteric compounds. This decreases model performance when statistical methods, such as machine learning models, are applied. In previous work we generated an allosteric data subset of ChEMBL release 14. In the current study an improved text mining approach is used to retrieve the allosteric and orthosteric binding types from the literature in ChEMBL release 22. Moreover, convolutional deep neural networks were constructed to predict the binding types of compounds for class A G protein-coupled receptors (GPCRs). Temporal split validation showed the model predictiveness with Matthews correlation coefficient (MCC) = 0.54, sensitivity allosteric = 0.54, and sensitivity orthosteric = 0.94. Finally, this study shows that the inclusion of accurate binding types increases binding predictions by including them as descriptor (MCC = 0.27 improved to MCC = 0.34; validated for class A GPCRs, trained on all GPCRs). Although the focus of this study is mainly on class A GPCRs, binding types for all protein classes in ChEMBL were obtained and explored. The data set is included as a supplement to this study, allowing the reader to select the compounds and binding types of interest."
W2168535963,2010,ANMM4CBR: a case-based reasoning method for gene expression data classification,"BACKGROUND: Accurate classification of microarray data is critical for successful clinical diagnosis and treatment. The ""curse of dimensionality"" problem and noise in the data, however, undermines the performance of many algorithms. METHOD: In order to obtain a robust classifier, a novel Additive Nonparametric Margin Maximum for Case-Based Reasoning (ANMM4CBR) method is proposed in this article. ANMM4CBR employs a case-based reasoning (CBR) method for classification. CBR is a suitable paradigm for microarray analysis, where the rules that define the domain knowledge are difficult to obtain because usually only a small number of training samples are available. Moreover, in order to select the most informative genes, we propose to perform feature selection via additively optimizing a nonparametric margin maximum criterion, which is defined based on gene pre-selection and sample clustering. Our feature selection method is very robust to noise in the data. RESULTS: The effectiveness of our method is demonstrated on both simulated and real data sets. We show that the ANMM4CBR method performs better than some state-of-the-art methods such as support vector machine (SVM) and k nearest neighbor (kNN), especially when the data contains a high level of noise. AVAILABILITY: The source code is attached as an additional file of this paper."
W2515160119,2016,RAMPred: identifying the N1-methyladenosine sites in eukaryotic transcriptomes,"N(1)-methyladenosine (m(1)A) is a prominent RNA modification involved in many biological processes. Accurate identification of m(1)A site is invaluable for better understanding the biological functions of m(1)A. However, limitations in experimental methods preclude the progress towards the identification of m(1)A site. As an excellent complement of experimental methods, a support vector machine based-method called RAMPred is proposed to identify m(1)A sites in H. sapiens, M. musculus and S. cerevisiae genomes for the first time. In this method, RNA sequences are encoded by using nucleotide chemical property and nucleotide compositions. RAMPred achieves promising performances in jackknife tests, cross cell line tests and cross species tests, indicating that RAMPred holds very high potential to become a useful tool for identifying m(1)A sites. For the convenience of experimental scientists, a web-server based on the proposed model was constructed and could be freely accessible at http://lin.uestc.edu.cn/server/RAMPred."
W3214359793,2020,Prediction of Drug-likeness of Central Nervous System Drug Candidates Using a Feed-Forward Neural Network Based on Chemical Structure,"Modern medical science has been greatly advanced by the development of new drugs, despite the fact that the process of developing new drugs is costly and time-consuming. An accurate prediction method for the drug-likeness in the early stage of drug discovery is highly desirable, as it will facilitate the discovery process and reduce the overall cost and eventually contribute to human well-being. Based on a central nervous system (CNS) drug dataset, we constructed an artificial neural network (NN) to predict the CNS drug-likeness of a given bioactive compound. We first constructed a simple feed-forward neural network, to learn and predict the possible correlations between twelve physiochemical properties and the CNS drug-likeness. The accuracy of prediction has reached 80%, which has been improved from previous reports. We further constructed a neural network based on chemical structure, and the accuracy has increased to 86%. The successful prediction of the CNS drug-likeness renders this NN a powerful tool for virtual drug screening."
W3004167263,2020,Deep Radiogenomics of Lower-Grade Gliomas: Convolutional Neural Networks Predict Tumor Genomic Subtypes Using MR Images,"Purpose To employ deep learning to predict genomic subtypes of lower-grade glioma (LLG) tumors based on their appearance at MRI. Materials and Methods Imaging data from The Cancer Imaging Archive and genomic data from The Cancer Genome Atlas from 110 patients from five institutions with lower-grade gliomas (World Health Organization grade II and III) were used in this study. A convolutional neural network was trained to predict tumor genomic subtype based on the MRI of the tumor. Two different deep learning approaches were tested: training from random initialization and transfer learning. Deep learning models were pretrained on glioblastoma MRI, instead of natural images, to determine if performance was improved for the detection of LGGs. The models were evaluated using area under the receiver operating characteristic curve (AUC) with cross-validation. Imaging data and annotations used in this study are publicly available. Results The best performing model was based on transfer learning from glioblastoma MRI. It achieved AUC of 0.730 (95% confidence interval [CI]: 0.605, 0.844) for discriminating cluster-of-clusters 2 from others. For the same task, a network trained from scratch achieved an AUC of 0.680 (95% CI: 0.538, 0.811), whereas a model pretrained on natural images achieved an AUC of 0.640 (95% CI: 0.521, 0.763). Conclusion These findings show the potential of utilizing deep learning to identify relationships between cancer imaging and cancer genomics in LGGs. However, more accurate models are needed to justify clinical use of such tools, which might be obtained using substantially larger training datasets. Supplemental material is available for this article. Keywords: Brain/Brain Stem, Convolutional Neural Network (CNN), Head/Neck, MR-Imaging, Neural Networks, Neuro-Oncology, Radiogenomics, Supervised learning, Transfer learning © RSNA, 2020"
W1978972549,2013,Prioritization of Retinal Disease Genes: An Integrative Approach,"The discovery of novel disease-associated variations in genes is often a daunting task in highly heterogeneous disease classes. We seek a generalizable algorithm that integrates multiple publicly available genomic data sources in a machine-learning model for the prioritization of candidates identified in patients with retinal disease. To approach this problem, we generate a set of feature vectors from publicly available microarray, RNA-seq, and ChIP-seq datasets of biological relevance to retinal disease, to observe patterns in gene expression specificity among tissues of the body and the eye, in addition to photoreceptor-specific signals by the CRX transcription factor. Using these features, we describe a novel algorithm, positive and unlabeled learning for prioritization (PULP). This article compares several popular supervised learning techniques as the regression function for PULP. The results demonstrate a highly significant enrichment for previously characterized disease genes using a logistic regression method. Finally, a comparison of PULP with the popular gene prioritization tool ENDEAVOUR shows superior prioritization of retinal disease genes from previous studies. The java source code, compiled binary, assembled feature vectors, and instructions are available online at https://github.com/ahwagner/PULP."
W2377171433,2012,Classification method of gene expression programming based on principle of maximum degree of membership,"The paper proposes a classification method of Gene Expression Programming(GEP)based on the principle of maximum degree of membership,which is named MDM-GEP.Describing fuzziness of classification by membership degree of fuzzy set,the GEP classifier approximating membership function is obtained on training data set.For the instance to be classified,it computes the membership degree of in fuzzy sets,and determines the final class based on the principle of maximum degree of membership.The experiments carried on three datasets from the UCI machine learning repository show that MDM-GEP not only is effective for classification,but also resolves the unclassifiable region problems in the conventional simple GEP classification strategy."
W4230050131,2017,Improving de novo metatranscriptome assembly via machine learning algorithms,"In this paper, we present DNPipe, a Pipeline that processes and filters the transcript contigs reported by existing De Novo metatranscriptome assembly algorithms, aiming to improve the quality of de novo assembly of metatranscriptomic sequences. DNPipe consists of expectation-maximisation (EM) and sampling approaches that utilise abundance information of transcript contigs. We tested DNPipe on six metatranscriptomic datasets acquired from a mock microbial community dominated by three (among more than 15) known bacterial genomes. Results show that DNPipe can substantially improve the quality of metatranscriptome assembly, producing longer and more accurate transcripts. The N50 of the contigs increases by 19% (from around 1880 bps to 2250 bps), and the precision of the assembly improves by up to 8.7%, achieving about 81%. DNPipe assemblies are of higher quality than those assembled by Trinity as well. The DNPipe tool can be downloaded as open source software at https://sourceforge.net/projects/dnpipe/files/."
W2885867072,2018,Development of a Novel Proteomic Risk-Classifier for Prognostication of Patients With Early-Stage Hormone Receptor–Positive Breast Cancer,"Use of proteomic strategies to identify a risk classifier that estimates probability of distant recurrence in early-stage hormone receptor (HR)-positive breast cancer is relevant to physiological cellular function and therefore to intrinsic tumor biology. We used a 298-sample retrospective training set to develop an immunohistochemistry-based novel risk classifier called CanAssist-Breast (CAB) which combines 5 prognostically relevant biomarkers and 3 clinico-pathological parameters to arrive at probability of distant recurrence within 5 years from diagnosis. Five selected biomarkers, namely, CD44, ABCC4, ABCC11, N-cadherin, and pan-cadherin, were chosen based on their role in tumor metastasis. The chosen biomarkers represent the hallmarks of cancer and are distinct from other proliferation and gene expression–based prognostic signatures. The 3 clinico-pathological parameters integrated into the machine learning–based CAB algorithm are tumor size, tumor grade, and node status. These features are used to calculate a “CAB risk score” that classifies patients into low- or high-risk groups and predicts probability of distant recurrence in 5 years. Independent clinical validation of CAB in a retrospective study comprising 196 patients indicated that distant metastasis-free survival (DMFS) was significantly different in the 2 risk groups. The difference in DMFS between the low- and high-risk categories was 19% in the validation cohort ( P = .0002). In multivariate analysis, CAB risk score was the most significant independent predictor of distant recurrence with a hazard ratio of 4.3 ( P = .0003). CanAssist-Breast is a precise and unique machine learning–based proteomic risk-classifier that can assist in risk stratification of patients with early-stage HR+ breast cancer."
W2891185006,2018,Generative Modeling for Protein Structures,"Analyzing the structure and function of proteins is a key part of understanding biology at the molecular and cellular level. In addition, a major engineering challenge is to design new proteins in a principled and methodical way. Current computational modeling methods for protein design are slow and often require human oversight and intervention. Here, we apply Generative Adversarial Networks (GANs) to the task of generating protein structures, toward application in fast de novo protein design. We encode protein structures in terms of pairwise distances between alpha-carbons on the protein backbone, which eliminates the need for the generative model to learn translational and rotational symmetries. We then introduce a convex formulation of corruption-robust 3D structure recovery to fold the protein structures from generated pairwise distance maps, and solve these problems using the Alternating Direction Method of Multipliers. We test the effectiveness of our models by predicting completions of corrupted protein structures and show that the method is capable of quickly producing structurally plausible solutions."
W2951725148,2018,An open-source k-mer based machine learning tool for fast and accurate subtyping of HIV-1 genomes,"For many disease-causing virus species, global diversity is clustered into a taxonomy of subtypes with clinical significance. In particular, the classification of infections among the subtypes of human immunodeficiency virus type 1 (HIV-1) is a routine component of clinical management, and there are now many classification algorithms available for this purpose. Although several of these algorithms are similar in accuracy and speed, the majority are proprietary and require laboratories to transmit HIV-1 sequence data over the network to remote servers. This potentially exposes sensitive patient data to unauthorized access, and makes it impossible to determine how classifications are made and to maintain the data provenance of clinical bioinformatic workflows. We propose an open-source supervised and alignment-free subtyping method (Kameris) that operates on k-mer frequencies in HIV-1 sequences. We performed a detailed study of the accuracy and performance of subtype classification in comparison to four state-of-the-art programs. Based on our testing data set of manually curated real-world HIV-1 sequences (n = 2, 784), Kameris obtained an overall accuracy of 97%, which matches or exceeds all other tested software, with a processing rate of over 1,500 sequences per second. Furthermore, our fully standalone general-purpose software provides key advantages in terms of data security and privacy, transparency and reproducibility. Finally, we show that our method is readily adaptable to subtype classification of other viruses including dengue, influenza A, and hepatitis B and C virus."
W2614653403,2017,Predicting the Plant Root-Associated Ecological Niche of 21 Pseudomonas Species Using Machine Learning and Metabolic Modeling,"Plants rarely occur in isolated systems. Bacteria can inhabit either the endosphere, the region inside the plant root, or the rhizosphere, the soil region just outside the plant root. Our goal is to understand if using genomic data and media dependent metabolic model information is better for training machine learning of predicting bacterial ecological niche than media independent models or pure genome based species trees. We considered three machine learning techniques: support vector machine, non-negative matrix factorization, and artificial neural networks. In all three machine-learning approaches, the media-based metabolic models and flux balance analyses were more effective at predicting bacterial niche than the genome or PRMT models. Support Vector Machine trained on a minimal media base with Mannose, Proline and Valine was most predictive of all models and media types with an f-score of 0.8 for rhizosphere and 0.97 for endosphere. Thus we can conclude that media-based metabolic modeling provides a holistic view of the metabolome, allowing machine learning algorithms to highlight the differences between and categorize endosphere and rhizosphere bacteria. There was no single media type that best highlighted differences between endosphere and rhizosphere bacteria metabolism and therefore no single enzyme, reaction, or compound that defined whether a bacteria's origin was of the endosphere or rhizosphere."
W3087315965,2020,An Experimental Study of Weight Initialization and Weight Inheritance Effects on Neuroevolution,"Weight initialization is critical in being able to successfully train artificial neural networks (ANNs), and even more so for recurrent neural networks (RNNs) which can easily suffer from vanishing and exploding gradients. In neuroevolution, where evolutionary algorithms are applied to neural architecture search, weights typically need to be initialized at three different times: when initial genomes (ANN architectures) are created at the beginning of the search, when offspring genomes are generated by crossover, and when new nodes or edges are created during mutation. This work explores the difference between using Xavier, Kaiming, and uniform random weight initialization methods, as well as novel Lamarckian weight inheritance methods for initializing new weights during crossover and mutation operations. These are examined using the Evolutionary eXploration of Augmenting Memory Models (EXAMM) neuroevolution algorithm, which is capable of evolving RNNs with a variety of modern memory cells (e.g., LSTM, GRU, MGU, UGRNN and Delta-RNN cells) as well recurrent connections with varying time skips through a high performance island based distributed evolutionary algorithm. Results show that with statistical significance, utilizing the Lamarckian strategies outperforms Kaiming, Xavier and uniform random weight initialization, and can speed neuroevolution by requiring less backpropagation epochs to be evaluated for each generated RNN."
W2522106898,2016,A Novel Wrapper-filter Hybrid Method for Candidate SNPs Selection,"Genomic studies provide massive amount of data including thousands of Single NucleotidePolymorphisms (SNPs).The analysis of SNPs helps to identify genetic variants related to complex traits.Therefore, it is essential to provide an efficient method to find a small subset of candidate SNPs as good representatives of the rest of SNPs.In this study, a new feature/SNP selection method based on the relationship between filter and wrapper criteria (i.e.correlation and model accuracy) is proposed.The method is based on the prediction of Mean Square Error (MSE) in terms of the number of features, Mean Feature-Feature Correlation (MFFC) and Mean Feature-Target Correlation (MFTC).It trains a Neural Network (NN) to predict the accuracy in terms of the number of features, MFFC and MFTC.We ran experiments on artificial SNPs datasets, comparing our algorithm with well-known feature selection techniques, and obtained higher accuracy in selecting the candidate SNPs in shorter running time."
W2286706539,2015,Experts back genome editing in human embryo research,"Abstract Animals avoid predators and find the best food and mates by learning from the consequences of their behavior. However, reinforcers are not always uniquely appetitive or aversive but can have complex properties. Most intoxicating substances fall within this category; provoking aversive sensory and physiological reactions while simultaneously inducing overwhelming appetitive properties. Here we describe the subtle behavioral features associated with continued seeking for alcohol despite aversive consequences. We developed an automated runway apparatus to measure how Drosophila respond to consecutive exposures of a volatilized substance. Behavior within this Behavioral Expression of Ethanol Reinforcement Runway (BEER Run) demonstrated a defined shift from aversive to appetitive responses to volatilized ethanol. Behavioral metrics attained by combining computer vision and machine learning methods, reveal that a subset of 9 classified behaviors and component behavioral features associate with this shift. We propose this combination of 9 behaviors can be used to navigate the complexities of operant learning to reveal motivated goal-seeking behavior."
W7211991588,2019,GM-CSF and CXCR4 define a T helper cell signature in multiple sclerosis,"Cytokine dysregulation is a central driver of chronic inflammatory diseases such as multiple sclerosis (MS). Here, we sought to determine the characteristic cellular and cytokine polarization profile in patients with relapsing-remitting multiple sclerosis (RRMS) by high-dimensional single-cell mass cytometry (CyTOF). Using a combination of neural network-based representation learning algorithms, we identified an expanded T helper cell subset in patients with MS, characterized by the expression of granulocyte-macrophage colony-stimulating factor and the C-X-C chemokine receptor type 4. This cellular signature, which includes expression of very late antigen 4 in peripheral blood, was also enriched in the central nervous system of patients with relapsing-remitting multiple sclerosis. In independent validation cohorts, we confirmed that this cell population is increased in patients with MS compared with other inflammatory and non-inflammatory conditions. Lastly, we also found the population to be reduced under effective disease-modifying therapy, suggesting that the identified T cell profile represents a specific therapeutic target in MS."
W2115335928,2012,A Hybrid Data Mining Technique for Improving the Classification Accuracy of Microarray Data Set,"A major challenge in biomedical studies in recent years has been the classification of gene expression profiles into categories, such as cases and controls.This is done by first training a classifier by using a labeled training set containing labeled samples from the two populations, and then using that classifier to predict the labels of new samples.Such predictions have recently been shown to improve the diagnosis and treatment selection practices for several diseases.This procedure is complicated, however, by the high dimensionality of the data.While microarrays can measure the levels of thousands of genes per sample, case-control microarray studies usually involve no more than several dozen samples.Standard classifiers do not work well in these situations where the number of features (gene expression levels measured in these microarrays) far exceeds the number of samples.Selecting only the features that are most relevant for discriminating between the two categories can help construct better classifiers, in terms of both accuracy and efficiency.This paper provides a comparison between dimension reduction technique, namely Partial Least Squares (PLS)method and a hybrid feature selection scheme, and evaluates the relative performance of four different supervised classification procedures such as Radial Basis Function Network (RBFN), Multilayer Perceptron Network (MLP), Support Vector Machine using Polynomial kernel function(Polynomial-SVM) and Support Vector Machine using RBF kernel function (RBF-SVM) incorporating those methods.Experimental results show that the Partial Least-Squares(PLS) regression method is an appropriate feature selection method and a combined use of different classification and feature selection approaches makes it possible to construct high performance classification models for microarray data."
W2779603631,2017,SV2: accurate structural variation genotyping and de novo mutation detection from whole genomes,"Motivation: Structural variation (SV) detection from short-read whole genome sequencing is error prone, presenting significant challenges for population or family-based studies of disease. Results: Here, we describe SV2, a machine-learning algorithm for genotyping deletions and duplications from paired-end sequencing data. SV2 can rapidly integrate variant calls from multiple structural variant discovery algorithms into a unified call set with high genotyping accuracy and capability to detect de novo mutations. Availability and implementation: SV2 is freely available on GitHub (https://github.com/dantaki/SV2). Contact: jsebat@ucsd.edu. Supplementary information: Supplementary data are available at Bioinformatics online."
W2969238338,2019,Reproducibility of CRISPR-Cas9 methods for generation of conditional mouse alleles: a multi-center evaluation,"BACKGROUND: CRISPR-Cas9 gene-editing technology has facilitated the generation of knockout mice, providing an alternative to cumbersome and time-consuming traditional embryonic stem cell-based methods. An earlier study reported up to 16% efficiency in generating conditional knockout (cKO or floxed) alleles by microinjection of 2 single guide RNAs (sgRNA) and 2 single-stranded oligonucleotides as donors (referred herein as ""two-donor floxing"" method). RESULTS: We re-evaluate the two-donor method from a consortium of 20 laboratories across the world. The dataset constitutes 56 genetic loci, 17,887 zygotes, and 1718 live-born mice, of which only 15 (0.87%) mice contain cKO alleles. We subject the dataset to statistical analyses and a machine learning algorithm, which reveals that none of the factors analyzed was predictive for the success of this method. We test some of the newer methods that use one-donor DNA on 18 loci for which the two-donor approach failed to produce cKO alleles. We find that the one-donor methods are 10- to 20-fold more efficient than the two-donor approach. CONCLUSION: We propose that the two-donor method lacks efficiency because it relies on two simultaneous recombination events in cis, an outcome that is dwarfed by pervasive accompanying undesired editing events. The methods that use one-donor DNA are fairly efficient as they rely on only one recombination event, and the probability of correct insertion of the donor cassette without unanticipated mutational events is much higher. Therefore, one-donor methods offer higher efficiencies for the routine generation of cKO animal models."
W2994654778,2020,Sport and exercise genomics: the FIMS 2019 consensus statement update,"Rapid advances in technologies in the field of genomics such as high throughput DNA sequencing, big data processing by machine learning algorithms and gene-editing techniques are expected to make precision medicine and gene-therapy a greater reality. However, this development will raise many important new issues, including ethical, moral, social and privacy issues. The field of exercise genomics has also advanced by incorporating these innovative technologies. There is therefore an urgent need for guiding references for sport and exercise genomics to allow the necessary advancements in this field of sport and exercise medicine, while protecting athletes from any invasion of privacy and misuse of their genomic information. Here, we update a previous consensus and develop a guiding reference for sport and exercise genomics based on a SWOT (Strengths, Weaknesses, Opportunities and Threats) analysis. This SWOT analysis and the developed guiding reference highlight the need for scientists/clinicians to be well-versed in ethics and data protection policy to advance sport and exercise genomics without compromising the privacy of athletes and the efforts of international sports federations. Conducting research based on the present guiding reference will mitigate to a great extent the risks brought about by inappropriate use of genomic information and allow further development of sport and exercise genomics in accordance with best ethical standards and international data protection principles and policies. This guiding reference should regularly be updated on the basis of new information emerging from the area of sport and exercise medicine as well as from the developments and challenges in genomics of health and disease in general in order to best protect the athletes, patients and all other relevant stakeholders."
W4291606807,2018,Deciphering gene regulation from gene expression dynamics using deep neural network,"Complex biological functions are carried out by the interaction of genes and proteins. Uncovering the gene regulation network behind a function is one of the central themes in biology. Typically, it involves extensive experiments of genetics, biochemistry and molecular biology. In this paper, we show that much of the inference task can be accomplished by a deep neural network (DNN), a form of machine learning or artificial intelligence. Specifically, the DNN learns from the dynamics of the gene expression. The learnt DNN behaves like an accurate simulator of the system, on which one can perform in-silico experiments to reveal the underlying gene network. We demonstrate the method with two examples: biochemical adaptation and the gap-gene patterning in fruit fly embryogenesis. In the first example, the DNN can successfully find the two basic network motifs for adaptation - the negative feedback and the incoherent feed-forward. In the second and much more complex example, the DNN can accurately predict behaviors of essentially all the mutants. Furthermore, the regulation network it uncovers is strikingly similar to the one inferred from experiments. In doing so, we develop methods for deciphering the gene regulation network hidden in the DNN ""black box"". Our interpretable DNN approach should have broad applications in genotype-phenotype mapping."
W2950332142,2018,diploS/HIC: An Updated Approach to Classifying Selective Sweeps,"Identifying selective sweeps in populations that have complex demographic histories remains a difficult problem in population genetics. We previously introduced a supervised machine learning approach, S/HIC, for finding both hard and soft selective sweeps in genomes on the basis of patterns of genetic variation surrounding a window of the genome. While S/HIC was shown to be both powerful and precise, the utility of S/HIC was limited by the use of phased genomic data as input. In this report we describe a deep learning variant of our method, diploS/HIC, that uses unphased genotypes to accurately classify genomic windows. diploS/HIC is shown to be quite powerful even at moderate to small sample sizes."
W2025248837,2010,Computational approaches to therapeutic peptide discovery,"Abstract The development of peptides with therapeutic activities can be based on naturally occurring peptides or alternatively on de novo design. The discovery of natural peptides is often a matter of serendipity. In part, this is because natural peptides are typically proteolytically cleaved out from precursor proteins, a feature that averts the direct benefits of the genomic revolution. The first part of this review describes attempts to create a more systematic identification of natural peptides relying on a two step process. In the initial step, an in silico peptidome is predicted through the use of machine learning. Then, various computational biology tools are tailored to focus on peptides predicted to have the desired biological activity; for example, activating a GPCR or modulating the cellular arm of the immune system. The second part of the review is devoted to de novo peptide design and focuses on arguably the simplest scenario in which the designed peptide corresponds to a contiguous protein subsequence. Amongst these peptides, those corresponding to helical segments are prominent, mainly due to their relative ability to fold independently. Inspired by the clinical success of viral entry inhibitors, which are peptides corresponding to helical segments in viral envelope proteins, a computational tool for the identification of intramolecular helix–helix interactions was developed. Using this approach, peptides having anti‐cancer, anti‐angiogenic, and anti‐inflammatory activities have been recently rationally designed and biologically characterized. © 2010 Wiley Periodicals, Inc. Biopolymers (Pept Sci) 94: 701–710, 2010. This article was originally published online as an accepted preprint. The “Published Online” date corresponds to the preprint version. You can request a copy of the preprint by emailing the Biopolymers editorial office at biopolymers@wiley.com"
W3140081902,2018,Gen Ekspresyon Verilerinde Yapay Sinir Ağlarına Dayalı Yeni Bir Denetimli Temel Bileşenler Analizi’nin Geliştirilmesi,"The aim of this study is dimension reduction of multidimensional gene expression data using supervised principal component analysis (S-PCA) and –proposed as a new approach- supervised principal component analysis with artificial neural networks (S-ANN-PCA) and to compare performances of these two methods by using random survival forests (RSF). In simulation application 5000 genes were generated according to multivariate normal distribution and then survival time that is correlated to these gene data were generated for 100 units. Simulation step was carried out with 1000 repetitions. In addition, gene expression data for 240 individuals with extensive B-cell lymphoma (DLBCL) were used. Dimension reduction was done using Wald statistic in selection of important genes. The new data sets obtained from the methods were analyzed using RSF analysis.In the simulation application, it was obtained that the explanatoriness of S-PCA was significantly different from S-ANN-PCA (p<0.001). In the DLBCL data application, it was found that the error rate for the S-PCA was 36.78% and 43% for the S-ANN-PCA as a result of RSF. The importance value of S-PCA method was found to be higher and its error rate was found to be lower than the other method.S-PCA performed better than S-ANN-PCA in analyzing gene expression data experiencing a multidimensional problem."
W2546542913,2016,Predicting Enhancer-Promoter Interaction from Genomic Sequence with Deep Neural Networks,"Abstract In the human genome, distal enhancers are involved in regulating target genes through proxi-mal promoters by forming enhancer-promoter interactions. Although recently developed high-throughput experimental approaches have allowed us to recognize potential enhancer-promoter interactions genome-wide, it is still largely unclear to what extent the sequence-level information encoded in our genome help guide such interactions. Here we report a new computational method (named “SPEID”) using deep learning models to predict enhancer-promoter interactions based on sequence-based features only, when the locations of putative enhancers and promoters in a particular cell type are given. Our results across six different cell types demonstrate that SPEID is effective in predicting enhancer-promoter interactions as compared to state-of-the-art methods that only use information from a single cell type. As a proof-of-principle, we also applied SPEID to identify somatic non-coding mutations in melanoma samples that may have reduced enhancer-promoter interactions in tumor genomes. This work demonstrates that deep learning models can help reveal that sequence-based features alone are sufficient to reliably predict enhancer-promoter interactions genome-wide."
W4396793457,2020,Genome feature optimization and coronary artery disease prediction using cuckoo search,"Cardiovascular diseases are among the major health ailment issue leading to millions of deaths every year. In recent past, analyzing gene expression data, particularly using machine learning strategies to predict and classify the given unlabeled gene expression record is a generous research issue. Concerning this, a substantial requirement is feature optimization, which is since the overall genes observed in human body are closely 25000 and among them 636 are cardiovascular related genes. Hence, it complexes the process of training the machine learning models using these entire cardiovascular gene features. This manuscript uses bidirectional pooled variance strategy of ANOVA standard to select optimal features. Along the side to surpass the constraint observed in traditional classifiers, which is unstable accuracy at k-fold cross validation, this manuscript proposed a classification strategy that build upon the swarm intelligence technique called cuckoo search. The experimental study indicating that the number of optimal features those selected by proposed model is substantially low that compared to the other contemporary model that selects features using forward feature selection and classifies using support vector machine classifier (FFS&SVM). The experimental study evinced that the proposed model, which selects feature by bidirectional pooled variance estimation and classifies using proposed classification strategy that build on cuckoo search (BPVE&CS) outperformed the selected contemporary model (FFS&SVM)."
W2965952014,2019,Deep Splicing Code: Classifying Alternative Splicing Events Using Deep Learning,"Alternative splicing (AS) is the process of combining different parts of the pre-mRNA to produce diverse transcripts and eventually different protein products from a single gene. In computational biology field, researchers try to understand AS behavior and regulation using computational models known as “Splicing Codes”. The final goal of these algorithms is to make an in-silico prediction of AS outcome from genomic sequence. Here, we develop a deep learning approach, called Deep Splicing Code (DSC), for categorizing the well-studied classes of AS namely alternatively skipped exons, alternative 5’ss, alternative 3’ss, and constitutively spliced exons based only on the sequence of the exon junctions. The proposed approach significantly improves the prediction and the obtained results reveal that constitutive exons have distinguishable local characteristics from alternatively spliced exons. Using the motif visualization technique, we show that the trained models learned to search for competitive alternative splice sites as well as motifs of important splicing factors with high precision. Thus, the proposed approach greatly expands the opportunities to improve alternative splicing modeling. In addition, a web-server for AS events prediction has been developed based on the proposed method."
W3004602201,2020,Learning massive interpretable gene regulatory networks of the human brain by merging Bayesian Networks,"Abstract We present the Fast Greedy Equivalence Search (FGES)-Merge, a new method for learning the structure of gene regulatory networks via merging locally learned Bayesian networks, based on the fast greedy equivalent search algorithm. The method is competitive with the state of the art in terms of the Matthews correlation coefficient, which takes into account both precision and recall, while also improving upon it in terms of speed, scaling up to tens of thousands of variables and being able to use empirical knowledge about the topological structure of gene regulatory networks. We apply this method to learning the gene regulatory network for the full human genome using data from samples of different brain structures (from the Allen Human Brain Atlas). Furthermore, this Bayesian network model should predict interactions between genes in a way that is clear to experts, following the current trends in explainable artificial intelligence. To achieve this, we also present a new open-access visualization tool that facilitates the exploration of massive networks and can aid in finding nodes of interest for experimental tests."
W2921885623,2019,The role of tonic glycinergic conductance in cerebellar granule cell signalling and the effect of gain‐of‐function mutation,"KEY POINTS: A T258F mutation of the glycine receptor increases the receptor affinity to endogenous agonists, modifies single-channel conductance and shapes response decay kinetics. Glycine receptors of cerebellar granule cells play their functional role not continuously, but when the granule cell layer starts receiving a high amount of excitatory inputs. Despite their relative scarcity, tonically active glycine receptors of cerebellar granule cells make a significant impact on action potential generation and inter-neuronal crosstalk, and modulate synaptic plasticity in neural networks; extracellular glycine increases probability of postsynaptic response occurrence acting at NMDA receptors and decreases this probability acting at glycine receptors. Tonic conductance through glycine receptors of cerebellar granule cells is a yet undiscovered element of the biphasic mechanism that regulates processing of sensory inputs in the cerebellum. A T258F point mutation disrupts this biphasic mechanism, thus illustrating the possible role of the gain-of-function mutations of the glycine receptor in development of neural pathologies. ABSTRACT: Functional glycine receptors (GlyRs) have been repeatedly detected in cerebellar granule cells (CGCs), where they deliver exclusively tonic inhibitory signals. The functional role of this signalling, however, remains unclear. Apart from that, there is accumulating evidence of the important role of GlyRs in cerebellar structures in development of neural pathologies such as hyperekplexia, which can be triggered by GlyR gain-of-function mutations. In this research we initially tested functional properties of GlyRs, carrying the yet understudied T258F gain-of-function mutation, and found that this mutation makes significant modifications in GlyR response to endogenous agonists. Next, we clarified the role of tonic GlyR conductance in neuronal signalling generated by single CGCs and by neural networks in cell cultures and in living cerebellar tissue of C57Bl-6J mice. We found that GlyRs of CGCs deliver a significant amount of tonic inhibition not continuously, but when the cerebellar granule layer starts receiving substantial excitatory input. Under these conditions tonically active GlyRs become a part of neural signalling machinery allowing generation of action potential (AP) bursts of limited length in response to sensory-evoked signals. GlyRs of CGCs support a biphasic modulatory mechanism which enhances AP firing when excitatory input intensity is low, but suppresses it when excitatory input rises to a certain critical level. This enables one of the key functions of the CGC layer: formation of sensory representations and their translation into motor output. Finally, we have demonstrated that the T258F mutation in CGC GlyRs modifies single-cell and neural network signalling, and breaks a biphasic modulation of the AP-generating machinery."
W2734958468,2017,"A CRISPR Resource for Individual, Combinatorial, or Multiplexed Gene Knockout","We have combined a machine-learning approach with other strategies to optimize knockout efficiency with the CRISPR/Cas9 system. In addition, we have developed a multiplexed sgRNA expression strategy that promotes the functional ablation of single genes and allows for combinatorial targeting. These strategies have been combined to design and construct a genome-wide, sequence-verified, arrayed CRISPR library. This resource allows single-target or combinatorial genetic screens to be carried out at scale in a multiplexed or arrayed format. By conducting parallel loss-of-function screens, we compare our approach to existing sgRNA design and expression strategies."
W2044002635,2012,"A Systematic Prediction of Multiple Drug-Target Interactions from Chemical, Genomic, and Pharmacological Data","In silico prediction of drug-target interactions from heterogeneous biological data can advance our system-level search for drug molecules and therapeutic targets, which efforts have not yet reached full fruition. In this work, we report a systematic approach that efficiently integrates the chemical, genomic, and pharmacological information for drug targeting and discovery on a large scale, based on two powerful methods of Random Forest (RF) and Support Vector Machine (SVM). The performance of the derived models was evaluated and verified with internally five-fold cross-validation and four external independent validations. The optimal models show impressive performance of prediction for drug-target interactions, with a concordance of 82.83%, a sensitivity of 81.33%, and a specificity of 93.62%, respectively. The consistence of the performances of the RF and SVM models demonstrates the reliability and robustness of the obtained models. In addition, the validated models were employed to systematically predict known/unknown drugs and targets involving the enzymes, ion channels, GPCRs, and nuclear receptors, which can be further mapped to functional ontologies such as target-disease associations and target-target interaction networks. This approach is expected to help fill the existing gap between chemical genomics and network pharmacology and thus accelerate the drug discovery processes."
W2369010487,2011,A Kind of Method to Find the Optimal Scale Factor of Gene Expression Data of SVM Classification,"The gene expression data is uneven distribution and a huge noise.When use second-order soft margin of small σ of support vector machine classification,it is easy to made most of the training data was assigned to the dominant class.So Brown believes that should increase a diagonal matrix-λn+NI in the nuclear matrix K in order to control the two types of errors.By choosing the appropriate λ,it can make the dominant class to generate a smaller sample of Lagrange multipliers and the second class to generata a larger sample of Lagrange multipliers.But there is no uniform method to choose λ.So a method is proposed to determine the optimal λ value through an argument b.Experiments show that this method of classification is better than traditional methods under the same conditions."
W2996841765,2019,Using methylation profiling to diagnose systemic metastases of pleomorphic xanthoastrocytoma,"New methods of molecular testing are improving diagnostic accuracy and reliability beyond what the traditional light microscope can provide. In the current case, methylome profiling and next-generation sequencing were used to prove that tumors in the chest wall and spine were metastases from what, by histology, appeared to be a low-grade cerebral glioma. They also identified a targetable BRAF V600E mutation that dictated subsequent therapy, to which the patient responded. A 47-year-old man with no prior health issues developed a dull frontal headache that lasted for 1 month. He had no seizures, nausea, vomiting, visual disturbances, or weaknesses. MRI showed a heterogeneous yet fairly well-circumscribed mass in the left temporal lobe that was large enough to produce ipsilateral uncal herniation (Fig. 1A). The tumor underwent gross total resection at an outside hospital. Pathologic evaluation at that outside hospital resulted in an original diagnosis of glioblastoma (GBM). The patient received radiation therapy with concurrent temozolomide (TMZ), but was lost to follow-up for more than 3 months and did not receive post-radiation TMZ. Even after 2 years of follow-up MRIs, there was no evidence of tumor recurrence in the brain (Fig. 1B). Radiologic and pathologic findings. (A) Post-contrast MRI of the original tumor in the left temporal lobe. (B) Post-contrast MRI of the same site, 2 years later, showing no evidence of local recurrence. (C) MRI of the thorax, showing a mass invading the right chest wall and destroying ribs (arrowhead). (D) MRI inversion recovery sequence of the spine showing vertebral lesions at multiple levels (arrowheads), including a pathologic fracture at T12. The left temporal lobe tumor was of moderate cellularity (E), and had neurons intermixed with bland-appearing spindly-to-round cells (F), as well as rare binucleate neurons suggestive of a ganglioglioma (G). Adjacent cortex had disorganized neurons (H), and there were numerous neurons in the deeper white matter (I, asterisks). No mitoses were present. The herniated area showed microvascular proliferation (J) and necrosis (not shown). Scale bar in J = 250 µm in (E), 50 µm in (F), 25 µm in (G), 100 µm in (H–J). By H&E, the chest wall tumor resembled a sarcoma with a prominent myxoid background (K), yet was immunopositive for the glial markers GFAP (L) and Olig2 (M). A couple of mitoses were seen in the small needle biopsy, and Ki67 was relatively high (N). Scale bar in N = 100 µm for (K–N). The T12 vertebral body tumor showed high cellularity (O) and abundant mitoses (P, arrowheads). Scale bar in P = 100 µm in (O), 25 µm in (P). Twenty-seven months after initial presentation, the patient complained of chest and mid-back pain which radiated to the left lumbar area, and difficulty walking. Scans showed a right chest wall mass invading the pleura (Fig. 1C), as well as lesions at multiple levels of the spinal vertebrae, with compressive fracture of T12 causing central canal stenosis (Fig. 1D). The spinal cord and leptomeninges, however, showed no tumors. The patient underwent T1-T4 laminectomy and fusion, T12 vertebrectomy and fusion, and decompression of the spine. A biopsy of the chest wall mass and resection of the T12 mass were performed at the outside hospital and, along with the original left temporal lobe tumor from 2 years prior, were all sent to Northwestern Memorial Hospital for comprehensive review. Histologic examination of the temporal lobe resection showed a neoplasm composed of cells with spindly-to-round nuclei (Fig. 1E and 1F). Within the main part of the tumor were neurons and rare binucleate neurons, suggestive of a glioneuronal entity like ganglioglioma (Figs. 1F and 2G). No mitoses were present. Adjacent to the tumor was cortex with dysplastic neurons (Fig. 1H) and abundant neurons in the white matter (Fig. 1I). In the herniated uncinate process, there was necrosis and microvascular proliferation with reactive gliosis and inflammation (Fig. 1J). Neither eosinophilic granular bodies nor Rosenthal fibers were seen. Methylation and copy number profiling of the chest wall mass. (A) The patient’s chest wall mass was plotted on an X–Y coordinate graph (red dot to the lower left of the x–y intersection), where closer proximity to other dots indicates greater similarity of the unknown tumor’s genomic CpG methylation pattern to existing cases in the library. Clusters are as follows: 1 = PXA; 2 = anaplastic PXA; 3 = infantile hemispheric glioma; 4 = ganglioglioma; 5 = MYB-driven low-grade glioma; 6 = supratentorial pilocytic astrocytoma; 7 = dysembryoplastic neuroepithelial tumor; 8 = rosette-forming glioneuronal tumor; 9 = posterior fossa pilocytic astrocytoma; 10 = midline pilocytic astrocytoma; 11 = subependymal giant cell astrocytoma; 12 = diffuse midline glioma, K27 mutant; 13 = GBMs (including seven subclusters). Seventy-two tumor clusters, which mapped further away from the queried sample, have been removed for clarity. (B) Data were obtained as part of methylation profiling. The T2 chest wall mass showed cells with spindly-to-round nuclei with amphiphilic cytoplasm in an apparently myxoid background (Fig. 1K). Although nuclear atypia was minimal, there were a few mitoses (not shown), the tumor cells were positive for both GFAP (Fig. 1L) and Olig2 (Fig. 1M), and the Ki67 proliferation index was elevated (Fig. 1N). The chest wall mass was immunonegative for CD34, EMA, Ber-EP4, LCA, and Melan-A (not shown). The T12 tumor showed high cellularity (Fig. 1O), with up to 15 mitoses per 10 high power fields (Fig. 1P) and bone marrow invasion (not shown). Targeted next generation sequencing (NGS) of the left temporal mass and the chest wall mass showed that both tumors had BRAF V600E mutation, as well as frameshift mutations at L124 in SETD2 and 124C>T transitions in the TERT promoter. The chest wall mass also had an inactivating TP53 T253A mutation (Table 1). NGS comparison of the temporal lobe tumor and the chest wall mass Variant allele fraction is shown in parentheses to the right of each mutation. Methylation profiling of the chest wall mass identified the tumor as a pleomorphic xanthoastrocytoma (PXA, Fig. 2A). The exact score was 0.83 and clustered with PXA reference cases by tSNE analysis. Of note, the random forest classifier and tSNE are independent bioinformatic analyses for evaluation of DNA methylation. The tumor showed widespread copy number alterations, including trisomy 7, but not CDKN2A deletion (Fig. 2B). MGMT promoter was unmethylated. Considering the overall clinical and radiologic profile, and the histologic similarity to the chest wall tumor, the T12 tumor was interpreted as being part of the same process and was therefore not subjected to further testing. Likewise, the original cerebral tumor was only analyzed by NGS, not methylation profiling, since it contained the exact same mutations as the chest wall mass (aside from the TP53 mutation). After the spinal surgery, the patient developed a pulmonary embolism, prompting placement of an inferior vena cava filter and treatment with apixaban. When the revised molecular-based diagnosis of metastatic PXA with BRAF V600E mutation was rendered, the patient was started on a combination of encorafenib (BRAF inhibitor) and binimetinib (MEK inhibitor). After 3 months of treatment, the main chest wall mass and spinal metastases had shrunk, but additional metastatic disease developed in the lungs and left femoral head. Because of the overall favorable response to BRAF/MEK inhibitors, no radiotherapy to the chest or spine had yet been administered 4 months after chest and spinal surgery. Advanced molecular tests are not only enhancing our diagnostic capacity, they are also prompting a rethinking of many tumor entities. PXA is an uncommon glial neoplasm; its classic features include location in the superficial temporal lobe, lipid-laden xanthomatous cells, and marked nuclear atypia, including multinucleated cells.1 Most PXAs are driven by BRAF V600E mutation,2 making it part of the family of brain tumors characterized by MAPK activation. MAPK-driven gliomas are a heterogeneous group of neoplasms histologically and clinically, ranging from dysembryoplastic neuroepithelial tumors to pilocytic astrocytomas (PA) and gangliogliomas (GG), and even a subset of GBMs.3 In fact, on consultation, the original cerebral tumor was suspected of being a PA/GG hybrid. As in this case, cortical dysplasia can sometimes be found nearby gangliogliomas and PXAs,4,5 further blurring the distinction between developmental malformations and neoplasia. Because most PXAs are not as infiltrative as diffuse grade II-IV astrocytomas, their prognosis is fairly good when gross total resection is possible. In one retrospective study, 80% of patients with grade II PXAs were still alive after 15 years.6 However, grade III PXAs, which are characterized by ≥5 mitoses/high power field, have a median survival of only 5 years.6 Grade III PXAs usually also contain other genetic alterations associated with worse behavior, like TP53 mutations and TERT promoter mutations.3,7,8 Although the original diagnosis at the outside institution was a GBM, there were no mitoses in the tumor, and the region showing necrosis and microvascular proliferation appeared separate from the main tumor. This was readily attributable to the uncal herniation seen radiologically. Furthermore, unlike a typical GBM, this patient had no recurrences in the brain after 2 years. Along with BRAF V600E mutation, the original temporal lobe tumor had mutations in the TERT promoter and SETD2; the latter encodes a histone lysine methyltransferase and has been found most often in high-grade gliomas arising in children and young adults.9,10 Even though the original tumor did not appear to be high grade, and the chest wall tumor did not resemble the original tumor, they had the exact same mutations (plus a TP53 mutation in the chest wall tumor). Thus, NGS definitely showed that the metastatic chest wall tumor came from the original brain tumor, although the pattern of mutations was not specific to a particular type of tumor. GFAP and Olig2 immunopositivity suggested a glioma, but nothing more precise than that. Methylation profiling by BeadChip array involves obtaining the methylation status of ~450,000 CpG sites (now ~850,000 CpG sites on the most recent EPIC chips from Illumina) and using machine learning to classify new tumors based on overall extent of pattern similarity to existing tumors in the library.11 In this case, the original brain tumor showed histologic features more suggestive of PA and/or GG, yet the methylation pattern of its chest wall metastasis unequivocally clustered within the PXA group (Fig. 2A). The distinction between grade II PXA and grade III anaplastic PXA is often difficult histologically, and current methylation classification cannot distinguish between them either. Since the original cerebral tumor showed no histologic evidence of anaplasia, it could be regarded as a grade II PXA, even though its eventual behavior was highly aggressive. Although rare, extracerebral metastases of PXA have been reported, involving sites as diverse as the scalp, skull, orbit, chest wall, lung, and vertebrae.12,13 Vemurafenib, which inhibits BRAF V600E, has shown activity against gliomas with this mutation.14 However, since the combination of a MEK inhibitor, binimetinib, with a newer BRAF inhibitor, encorafenib, was shown to be more effective and better tolerated than vemurafenib in BRAF V600E-mutant melanoma,15 it was tried in the current case, with good response. This work was supported by National Institutes of Health grant R01NS102669 (C.H.) and by National Cancer Institute P50CA221747. K.K. and C.H. prepared the text and figures. M.S. provided the methylation data. O.K., J-.P.W., V.G., and S.G. edited the clinical portions. Conflict of interest statement. The authors declare that they have no competing interests."
W3135942779,2020,A Survey on Machine Learning Applications to Tackle COVID-19 Viral Pandemic,"An infectious viral disease COVID-19 was declared as global pandemic by World Health Organization (WHO) in March 2020.Every day the number of infected patients gets increasing in all over the world, at an alarming rate. This created a global urgency to find a power tool and methodologies to fight against the crisis. In this survey, the main scope and contributions of machine learning (ML) applications are discussed in aspects of forecasting the spread, identifying the infectant, diagnosing the patient, investigating the existing drugs and developing the specific vaccine. Artificial intelligence with ML is already supporting genomics, medical image examination, and prediction and thus machine learning still has great potential to tackle the pandemic. This survey discusses challenges in the machine learning algorithms with the goal of promoting the research to fight the COVID-19 viral pandemic and to prepare better for future pandemic"
W2990426060,2019,Monocytes affect bone mineral density in pre- and postmenopausal women through ribonucleoprotein complex biogenesis by integrative bioinformatics analysis,"Osteoporosis is one of the most common metabolic bone disease among pre- and postmenopausal women. As the precursors of osteoclast cells, circulating monocytes play important role in bone destruction and remodeling. The aim of study is to identify potential key genes and pathways correlated with the pathogenesis of osteoporosis. Then we construct novel estimation model closely linked to the bone mineral density (BMD) with key genes. Weighted gene co-expression network analysis (WGCNA) were conducted by collecting gene data set with 80 samples from gene expression omnibus (GEO) database. Besides, hub genes were identified by series of bioinformatics and machine learning algorithms containing protein-protein interaction (PPI) network, receiver operating characteristic curve and Pearson correlation. The direction of correlation coefficient were performed to screen for gene signatures with high BMD and low BMD. A novel BMD score system was put forward based on gene set variation analysis and logistic regression, which was validated by independent data sets. We identified six modules correlated with BMD. Finally 100 genes were identified as the high bone mineral density signatures while 130 genes were identified as low BMD signatures. Besides, we identified the significant pathway in monocytes: ribonucleoprotein complex biogenesis. What's more, our score validated it successfully."
W2802210103,2018,Computational Prediction and Analysis of Associations between Small Molecules and Binding-Associated S-Nitrosylation Sites,"Interactions between drugs and proteins occupy a central position during the process of drug discovery and development. Numerous methods have recently been developed for identifying drug⁻target interactions, but few have been devoted to finding interactions between post-translationally modified proteins and drugs. We presented a machine learning-based method for identifying associations between small molecules and binding-associated S-nitrosylated (SNO-) proteins. Namely, small molecules were encoded by molecular fingerprint, SNO-proteins were encoded by the information entropy-based method, and the random forest was used to train a classifier. Ten-fold and leave-one-out cross validations achieved, respectively, 0.7235 and 0.7490 of the area under a receiver operating characteristic curve. Computational analysis of similarity suggested that SNO-proteins associated with the same drug shared statistically significant similarity, and vice versa. This method and finding are useful to identify drug⁻SNO associations and further facilitate the discovery and development of SNO-associated drugs."
W7136046162,2017,Additional file 1: of Geminivirus data warehouse: a database enriched with machine learning approaches,This file includes: Table S1. Minimum and maximum sizes of genome sequences in each genus. Table S2. Number of instances/sequences of each genus contained in the dataset. Table S3. Performance of the genus classification model. Table S4. Performance of the ORF classification model. Equations S1. Model assessment measures. Figure S1. The structure of the SQL tables. (DOC 216 kb)
W655415368,2011,Investigating the role of single point mutations in the human proteome: a computational study,"In the post genomic era with the massive production of biological data the understanding of factors affecting protein stability is one of the most important and challenging tasks for highlighting the role of mutations in relation to human maladies. The problem is at the basis of what is referred to as molecular medicine with the underlying idea that pathologies can be detailed at a molecular level. To this purpose scientific efforts focus on characterising mutations that hamper protein functions and by these affect biological processes at the basis of cell physiology. New techniques have been developed with the aim of detailing single nucleotide polymorphisms (SNPs) at large in all the human chromosomes and by this information in specific databases are exponentially increasing. Eventually mutations that can be found at the DNA level, when occurring in transcribed regions may then lead to mutated proteins and this can be a serious medical problem, largely affecting the phenotype. Bioinformatics tools are urgently needed to cope with the flood of genomic data stored in database and in order to analyse the role of SNPs at the protein level. In principle several experimental and theoretical observations are suggesting that protein stability in the solvent-protein space is responsible of the correct protein functioning. Then mutations that are found disease related during DNA analysis are often assumed to perturb protein stability as well. However so far no extensive analysis at the proteome level has investigated whether this is the case. Also computationally methods have been developed to infer whether a mutation is disease related and independently whether it affects protein stability. Therefore whether the perturbation of protein stability is related to what it is routinely referred to as a disease is still a big question mark. In this work we have tried for the first time to explore the relation among mutations at the protein level and their relevance to diseases with a large-scale computational study of the data from different databases. To this aim in the first part of the thesis for each mutation type we have derived two probabilistic indices (for 141 out of 150 possible SNPs): the perturbing index (Pp), which indicates the probability that a given mutation effects protein stability considering all the “in vitro” thermodynamic data available and the disease index (Pd), which indicates the probability of a mutation to be disease related, given all the mutations that have been clinically associated so far. We find with a robust statistics that the two indexes correlate with the exception of all the mutations that are somatic cancer related. By this each mutation of the 150 can be coded by two values that allow a direct comparison with data base information. Furthermore we also implement computational methods that starting from the protein structure is suited to predict the effect of a mutation on protein stability and find that overpasses a set of other predictors performing the same task. The predictor is based on support vector machines and takes as input protein tertiary structures. We show that the predicted data well correlate with the data from the databases. All our efforts therefore add to the SNP annotation process and more importantly found the relationship among protein stability perturbation and the human variome leading to the diseasome."
W2046842005,2011,Discriminative prediction of mammalian enhancers from DNA sequence,"Accurately predicting regulatory sequences and enhancers in entire genomes is an important but difficult problem, especially in large vertebrate genomes. With the advent of ChIP-seq technology, experimental detection of genome-wide EP300/CREBBP bound regions provides a powerful platform to develop predictive tools for regulatory sequences and to study their sequence properties. Here, we develop a support vector machine (SVM) framework which can accurately identify EP300-bound enhancers using only genomic sequence and an unbiased set of general sequence features. Moreover, we find that the predictive sequence features identified by the SVM classifier reveal biologically relevant sequence elements enriched in the enhancers, but we also identify other features that are significantly depleted in enhancers. The predictive sequence features are evolutionarily conserved and spatially clustered, providing further support of their functional significance. Although our SVM is trained on experimental data, we also predict novel enhancers and show that these putative enhancers are significantly enriched in both ChIP-seq signal and DNase I hypersensitivity signal in the mouse brain and are located near relevant genes. Finally, we present results of comparisons between other EP300/CREBBP data sets using our SVM and uncover sequence elements enriched and/or depleted in the different classes of enhancers. Many of these sequence features play a role in specifying tissue-specific or developmental-stage-specific enhancer activity, but our results indicate that some features operate in a general or tissue-independent manner. In addition to providing a high confidence list of enhancer targets for subsequent experimental investigation, these results contribute to our understanding of the general sequence structure of vertebrate enhancers."
W2769569970,2017,Computational biology: deep learning,"Deep learning is the trendiest tool in a computational biologist's toolbox. This exciting class of methods, based on artificial neural networks, quickly became popular due to its competitive performance in prediction problems. In pioneering early work, applying simple network architectures to abundant data already provided gains over traditional counterparts in functional genomics, image analysis, and medical diagnostics. Now, ideas for constructing and training networks and even off-the-shelf models have been adapted from the rapidly developing machine learning subfield to improve performance in a range of computational biology tasks. Here, we review some of these advances in the last 2 years."
W2983698537,2019,Metagenome-wide association study of gut microbiome revealed novel aetiology of rheumatoid arthritis in the Japanese population,"OBJECTIVE: The causality and pathogenic mechanism of microbiome composition remain elusive in many diseases, including autoimmune diseases such as rheumatoid arthritis (RA). This study aimed to elucidate gut microbiome's role in RA pathology by a comprehensive metagenome-wide association study (MWAS). METHODS: =42) by using whole-genome shotgun sequencing of high depth (average 13 Gb per sample). Our MWAS consisted of three major bioinformatic analytic pipelines (phylogenetic analysis, functional gene analysis and pathway analysis). RESULTS: ) in the RA case metagenome. The non-linear machine learning method efficiently deconvoluted the case-control phylogenetic discrepancy. Gene functional assessments showed that the abundance of one redox reaction-related gene (R6FCZ7) was significantly decreased in the RA metagenome compared with controls. A variety of biological pathways including those related to metabolism (e.g., fatty acid biosynthesis and glycosaminoglycan degradation) were enriched in the case-control comparison. A population-specific link between the metagenome and host genome was identified by comparing biological pathway enrichment between the RA metagenome and the RA genome-wide association study results. No apparent discrepancy in alpha or beta diversities of metagenome was found between RA cases and controls. CONCLUSION: Our shotgun sequencing-based MWAS highlights a novel link among the gut microbiome, host genome and pathology of RA, which contributes to our understanding of the microbiome's role in RA aetiology."
W3084969864,2020,Global sequence features based translation initiation site prediction in human genomic sequences,"Gene prediction has been increasingly important in genome annotation due to advancements in sequencing technology. Genome annotation further helps in determining the structure and function of these genes. Translation initiation site prediction (TIS) in human genomic sequences is one of the fundamental and essential steps in gene prediction. Thus, accurate prediction of TIS in these sequences is highly desirable. Although many computational methods were developed for this problem, none of them focused on finding these sites in human genomic sequences. In this paper, a new TIS prediction method is proposed by incorporating global sequence based features. Support vector machine is used to assess the prediction power of these features. The proposed method achieved accuracy of above 90% when tested for genomic as well as cDNA sequences. The experimental results indicate that the method works well for both genomic and cDNA sequences. The method can be integrated into gene prediction system in future."
W2914040497,2019,Mass Spectrometry-Based Tissue Imaging: The Next Frontier in Clinical Diagnostics?,"The diagnosis of tissue samples traditionally has been performed by anatomic pathologists using a combination of cellular staining and light microscopy. With these techniques, pathologists can characterize various tissue features including cell morphology, structure, and composition to subsequently confirm whether a disease process is present. Although the histopathologic “gold-standard” methods are invaluable for routine tissue diagnosis, the results can be subjective, owing to a combination of factors such as variability in staining quality, nature of the sample, and human interpretation, and inconclusive for diseases that present indistinguishable histologic features. There is a need for new technologies that can be used as complementary tools in pathology for objective tissue analysis and disease diagnosis. Mass spectrometry (MS)7 imaging has been heralded as an upcoming advance in tissue analysis. The ability of MS to rapidly identify a variety of biomolecules present in a sample is highly attractive to the clinical laboratory. Indeed, MS coupled to chromatographic separation techniques is currently used to detect and/or quantify small molecules such as pharmacological agents and hormones in blood and urine. The advent of MS techniques that allow direct tissue analysis, including MALDI-MS and secondary ion MS, has allowed laboratories to extend the use of MS beyond biofluids into tissue samples. Using MALDI MS, for example, thin tissue sections can be analyzed in a nontargeted manner for the abundance and spatial distribution of biomolecules. As such, MALDI-MS imaging is being increasingly applied in clinical research, especially in the context of cancer diagnostics based on tissue proteomic and lipidomic signatures. The potential of MS in revolutionizing tissue analysis and diagnosis has driven several advances to accelerate its feasibility and utility in the clinical setting. The development of ambient ionization MS (AIMS), for example, has brought MS-based tissue imaging even closer to routine clinical use. Unlike MALDI and secondary ionization MS (SIMS), AIMS techniques, such as desorption electrospray ionization (DESI), allow for tissue analysis in an open environment at atmospheric pressure, providing real-time assessment of tissue molecular composition. In the envisioned situation, clinicians and laboratorians could perform rapid clinical assessment of tissue biopsies to improve and expedite diagnosis, as well as to potentially guide intraoperative tumor excision. Here, we discuss the rapidly evolving field of MS-based tissue imaging with a few of the top experts in the field, as well as the challenges still faced in terms of implementing this technology in the clinical laboratory. How is MS currently used with respect to tissue imaging and what are the limitations that are preventing its routine use in the clinical laboratory? Kristina Schwamborn: Up until now, many MS imaging studies have addressed clinical questions mostly related to differentiating healthy from cancerous tissue. From my point of view, there are 3 limitations that still prevent clinicians and pathologists from integrating MS into their clinical routine, thus hampering its use in the clinical laboratory. Firstly, in many instances, the question addressed (e.g., healthy vs cancer) is fairly uncomplicated for trained pathologists even with a simple hematoxylin and eosin stain. Secondly, most studies have been based on comparatively small cohorts, thus limiting the statistical power. Thirdly, the majority of studies have been performed in a single laboratory, thus questioning reproducibility of the results in external laboratories. Ron Heeren: MS imaging is the main segue into molecular pathology for rapid tissue-based diagnostics. Whether it is disease staging, tumor margin assessment, therapy prediction, or cellular phenotyping, it is evident that MS imaging is making a stronger and stronger impact on the clinical decision-making process. The breadth of molecular information it can uncover in a single experiment is still unsurpassed. In my mind, the current limitation is still throughput. Although we are capable of generating hundreds of pixels per minute at this stage, we are still far away from the speeds of 1 slide per minute currently used in routine digital optical pathology. As speed, resolution, and sensitivity are intimately linked, these are all MS imaging parameters that merit combined improvement. Nicholas Winograd: MS imaging determines spatial localization of molecular species directly from the sample—something not possible with tissue homogenates and extractions. The big limitation of any MS-based assay is the need for validated biomarkers. Graham Cooks: One needs to be careful not to underestimate the power of existing methods. Immunohistochemistry gives very valuable molecular information, typically at the nucleic acid level, and is itself a rapidly developing diagnostic method. The information provided by MS is acquired rapidly and has great molecular detail, but it is often not quantitative. It is not clear to me that there are significant limitations which prevent more widespread use. What are the major preanalytical concerns for MS tissue imaging? For example, what are the analytical issues surrounding analysis of formalin-fixed, paraffin-embedded (FFPE) tissues and what strategies are being investigated to adapt MS imaging to FFPE tissues? Kristina Schwamborn: Many MS imaging studies have demonstrated that FFPE samples can generate reliable results similar to fresh, frozen tissue samples especially with the advance of on-tissue (in situ tissue) tryptic digestion. However, there are still two major points of concern regarding analysis of FFPE samples. Firstly, due to additional sample preparation steps (e.g., antigen retrieval and on-tissue digestion), a considerable amount of variation can be introduced, rendering interlaboratory data difficult to compare. Secondly, the additional sample preparation steps can significantly prolong the turnaround time, thus limiting the clinical utility if time-to-result is critical. Ron Heeren: FFPE analysis with MS imaging is considered indispensable for its clinical implementation. The availability of historical collections of preserved and “fixed” tissue is almost a molecular museum of humanity. It has the potential of being an enormous information resource for clinical diagnostics, in particular for retrospective studies. One of the major challenges is the fact that different organizations prepare and store their FFPE material very differently. As recently pointed out in a round robin study, it is difficult to mitigate this preanalytical heterogeneity, which is convolved with the tissue heterogeneity that MS imaging researchers are looking to understand and put to use. The additional challenge is that small molecules are imaged with more difficulties in FFPE due to the process of paraffin removal and washing, which can concomitantly remove small compounds of interest. Recent development of direct metabolite and direct neuropeptide imaging seem to offer potential new avenues, but these have not been picked up by the community at large. More surface-sensitive methods such as SIMS suffer from extreme sensitivity to surface contamination, as they only examine the top 50 nm of a surface. This is where most of the embedding material ends up after sectioning. Sputter cleaning protocols offer amelioration of the problem but increase the analysis time. AIMS technologies could be helpful in this regard but still have to prove themselves for this purpose. FFPE material is demonstrated to be useful for abundant protein and glycan analysis using a variety of enzymes. Multiplexed enzyme strategies are routes that various researchers are investigating. Ultimately, FFPE material is the substrate of choice for immunohistochemistry. MS imaging, particularly imaging mass cytometry, offers an approach for targeted, multiplexed protein imaging. This is an area in which I expect extensive development, as it already has been demonstrated to be strongly complementary to the discovery-oriented, untargeted incarnations of MS imaging. Nicholas Winograd: Intact proteins are not able to be imaged with FFPE tissues. However, analyte retrieval and subsequent on-tissue digestion will allow tryptic peptide imaging. Graham Cooks: A significant concern is to know where imaging is taking place. One method is to cross index with preoperative MRI. Formalin fixing changes the chemical nature of the sample, while paraffin embedding adds large amounts of matrix that contribute to the mass spectra. Neither is a first choice for the mass spectrometrist. There might be workarounds but the current direction of MS imaging to explore fresh tissue in depth seems particularly appropriate. MS tissue imaging often revolves around protein and peptide analysis. How has the technology evolved beyond this and what are the challenges with analyzing nonprotein biomolecules? Kristina Schwamborn: Nonambient as well as ambient ionization technologies have demonstrated the utility of analyzing small molecules such as lipids and metabolites to characterize tissue samples. Notably, studies using lipid profiles have achieved excellent classification results. However, apart from the same challenges that protein-based MS analyses are facing (e.g., reproducibility between different laboratories), validation of nonprotein biomarkers is less “straightforward.” For example, validation of lipid biomarkers is more complex than protein biomarkers and validation of metabolite biomarkers is difficult due to rapid changes depending on ischemia time. Ron Heeren: Looking at the literature, lipid and, more recently, metabolite imaging have all played an equally important role throughout the development of MS imaging. The challenges with nonprotein biomolecules are similar to those experienced with protein analysis. Any sample treatment potentially removes or delocalizes compounds, but, because small molecules are more susceptible to solvent effects, this effect might have a bigger impact. The use of fresh frozen sections has a clear advantage there, especially for intraoperative imaging diagnostics. New protocols that enable the analysis of peptides and metabolites directly from FFPE material without on tissue digestion are slowly making their way into the field. Nicholas Winograd: The high abundance, low mass, and easy ionization of lipids have made lipid imaging just as popular as protein analysis in the last decade. The biggest disadvantage is that the most abundant species detected, such as dipalmitoyl phosphatidylcholine—PC(16:0/16:0), are not often the most biologically interesting species. Drug localization is also a major application. Graham Cooks: The evolution has been towards analysis of small molecules, lipids and metabolites, which provide more direct contemporaneous information on the disease state of the individual. What are the benefits and limitations of MALDI MS-based tissue imaging and how do alternative methods such as secondary ion MS and AIMS compare to MALDI MS? Kristina Schwamborn: MALDI MS offers the capability of analyzing multiple proteins/peptides/lipids/metabolites in parallel without the need for targeting specific molecules. Thus, in a single experiment (using a single tissue section), a panel of potential biomarkers can be discovered without relying on antibodies. As a result, more tissue can be conserved for potential additional testing such as genomic analyses in the clinical workup. However, compared to traditional (immuno)histochemical analyses that characterize tissues beyond the level of a single cell, most MS imaging approaches are unable to provide that level of resolution. SIMS, however, can attain that level of resolution. Ron Heeren: The main drawback of MALDI remains the fact that a matrix needs to be applied. The application process can result in delocalization, limit spatial resolution, and, for some matrices, results in a nonstable surface prone to evaporation of the matrix during the MS imaging experiment. SIMS and IMS technologies do not suffer from these phenomena. SIMS has the main advantage of extreme spatial resolution and new beam technologies can now also desorb and ionize larger molecules. The AIMS technologies offer molecular imaging capabilities for nonvacuum compatible samples and, as such, open up completely new imaging application domains. Nicholas Winograd: Obviously the improved spatial resolution of SIMS is a great advantage over MALDI. Depending on the ion source, submicron imaging is achievable along with depth profiling with a resolution of tens of nanometers. Considering the practical limitations of MALDI with the laser footprint and matrix cluster size that usually limit it to 5- or 10-micron spatial resolution, there is no practical way to perform depth profiling with MALDI. However, most SIMS ion sources induce a degree of prompt fragmentation, effectively limiting the mass range to below m/z 1000. The advent of the gas cluster ion beams has markedly improved this, extending the mass range to above m/z 2000 and a spatial resolution in the range of 1 micron. Graham Cooks: The fact that this is a useful question is a testament to the shared advantages of the various MS imaging methods. The list of those common advantages is long. Beyond that, MALDI has excellent spatial resolution, a large body of experienced practitioners, and solid data handling methodology and archival database. Ambient methods have advantages of speed and convenience in working in open air. The ability to perform real-time MS imaging analysis for clinical use would require considerable information technology support due to the data generated from the MS and the need to document the relevant information into the laboratory and/or health information system. What challenges do you foresee in these regards to implementing MS-based imaging into clinical use? Kristina Schwamborn: In my point of view, there are still 3 major challenges that real-time MS imaging faces. Firstly, on-tissue resolution might not be sufficient for all types of tumors since some do not grow as bulk tumors but rather as single dispersed cells. Secondly, providing only a tumor-free margin is not always sufficient for adequate tumor resection. Occasionally, resection of specific tumors will require a certain distance (e.g., 0.5 cm) between the tumor-free margin and the actual surgical resection margin. Thirdly, regarding biocomputational analysis, most classification models are trained for a certain number of conditions (e.g., healthy vs tumor type A vs tumor type B). However, the presented tumor may not always belong to any of the pretrained categories (e.g., lymphoma or sarcoma instead of adenocarcinoma) and, thus, may not be classified properly potentially leading to inappropriate treatment. Ron Heeren: One of the challenges is the “big data” challenge. As the MS imaging technologies are improving resolution and throughput, the data sizes are increasing exponentially. Real-time MS-imaging analysis also requires the real-time consultation of large databases or high-speed computing. Although approaches exist that can build classification models to assist this process, these are still in their infancy. The challenge of implementing new data science strategies for real-time clinical diagnostics is only just beginning to be addressed. Innovations in the field of machine learning and artificial intelligence that will positively affect the clinical implementation of MS imaging are imminent. They will pave the way for full integration of MS imaging as a multiplexed clinical assay in digital pathology. Nicholas Winograd: Again, validated biomarkers are needed for MS-based assays. Near real-time analysis has been done with a turnaround time of 30 minutes or less. “Real time” MS imaging would depend largely on the mode of ionization—there has been some progress with direct-ionization probes (i.e., DESI, direct analysis in real time, liquid extraction surface analysis). Such techniques have less fine spatial resolution than MALDI or SIMS, but still fine enough for practical problems such as tumor margins. Graham Cooks: The challenges here are large but they are being encountered at a time of unprecedented advances in data processing online, in data storage, and manipulation through sophisticated multivariate methods. The attention being given to “big data” is encouragement that the challenges will be met. mass spectrometry ambient ionization MS secondary ionization MS desorption electrospray ionization formalin-fixed, paraffin-embedded."
W2003341701,2010,Semi-supervised prediction of protein subcellular localization using abstraction augmented Markov models,"BACKGROUND: Determination of protein subcellular localization plays an important role in understanding protein function. Knowledge of the subcellular localization is also essential for genome annotation and drug discovery. Supervised machine learning methods for predicting the localization of a protein in a cell rely on the availability of large amounts of labeled data. However, because of the high cost and effort involved in labeling the data, the amount of labeled data is quite small compared to the amount of unlabeled data. Hence, there is a growing interest in developing semi-supervised methods for predicting protein subcellular localization from large amounts of unlabeled data together with small amounts of labeled data. RESULTS: In this paper, we present an Abstraction Augmented Markov Model (AAMM) based approach to semi-supervised protein subcellular localization prediction problem. We investigate the effectiveness of AAMMs in exploiting unlabeled data. We compare semi-supervised AAMMs with: (i) Markov models (MMs) (which do not take advantage of unlabeled data); (ii) an expectation maximization (EM); and (iii) a co-training based approaches to semi-supervised training of MMs (that make use of unlabeled data). CONCLUSIONS: The results of our experiments on three protein subcellular localization data sets show that semi-supervised AAMMs: (i) can effectively exploit unlabeled data; (ii) are more accurate than both the MMs and the EM based semi-supervised MMs; and (iii) are comparable in performance, and in some cases outperform, the co-training based semi-supervised MMs."
W2038670706,2012,Sequence-Based Prediction of DNA-Binding Residues in Proteins with Conservation and Correlation Information,"The recognition of DNA-binding residues in proteins is critical to our understanding of the mechanisms of DNA-protein interactions, gene expression, and for guiding drug design. Therefore, a prediction method DNABR (DNA Binding Residues) is proposed for predicting DNA-binding residues in protein sequences using the random forest (RF) classifier with sequence-based features. Two types of novel sequence features are proposed in this study, which reflect the information about the conservation of physicochemical properties of the amino acids, and the correlation of amino acids between different sequence positions in terms of physicochemical properties. The first type of feature uses the evolutionary information combined with the conservation of physicochemical properties of the amino acids while the second reflects the dependency effect of amino acids with regards to polarity charge and hydrophobic properties in the protein sequences. Those two features and an orthogonal binary vector which reflect the characteristics of 20 types of amino acids are used to build the DNABR, a model to predict DNA-binding residues in proteins. The DNABR model achieves a value of 0.6586 for Matthew’s correlation coefficient (MCC) and 93.04 percent overall accuracy (ACC) with a68.47 percent sensitivity (SE) and 98.16 percent specificity (SP), respectively. The comparisons with each feature demonstrate that these two novel features contribute most to the improvement in predictive ability. Furthermore, performance comparisons with other approaches clearly show that DNABR has an excellent prediction performance for detecting binding residues in putative DNA-binding protein. The DNABR web-server system is freely available at http://www.cbi.seu.edu.cn/DNABR/."
W3004576526,2019,ESDA: An Improved Approach to Accurately Identify Human snoRNAs for Precision Cancer Therapy,"Background: SnoRNAs (Small nucleolar RNAs) are small RNA molecules with approximately 60-300 nucleotides in sequence length. They have been proved to play important roles in cancer occurrence and progression. It is of great clinical importance to identify new snoRNAs as fast and accurately as possible. Objective: A novel algorithm, ESDA (Elastically Sparse Partial Least Squares Discriminant Analysis), was proposed to improve the speed and the performance of recognizing snoRNAs from other RNAs in human genomes. Methods: In ESDA algorithm, to optimize the extracted information, kernel features were selected from the variables extracted from both primary sequences and secondary structures. Then they were used by SPLSDA (sparse partial least squares discriminant analysis) algorithm as input variables for the final classification model training to distinguish snoRNA sequences from other Human RNAs. Due to the fact that no prior biological knowledge is request to optimize the classification model, ESDA is a very practical method especially for completely new sequences. Results: 89 H/ACA snoRNAs and 269 C/D snoRNAs of human were used as positive samples and 3403 non-snoRNAs as negative samples to test the identification performance of the proposed ESDA. For the H/ACA snoRNAs identification, the sensitivity and specificity were respectively as high as 99.6% and 98.8%. For C/D snoRNAs, they were respectively 96.1% and 98.3%. Furthermore, we compared ESDA with other widely used algorithms and classifiers: SnoReport, RF (Random Forest), DWD (Distance Weighted Discrimination) and SVM (Support Vector Machine). The highest improvement of accuracy obtained by ESDA was 25.1%. Conclusion: Strongly proved the superiority performance of ESDA and make it promising for identifying SnoRNAs for further development of the precision medicine for cancers."
W3098733200,2020,The application of artificial intelligence to drug sensitivity prediction,"The development of computational methods for the prediction of effective therapeutic strategies based on the genomic information of patients is the main challenge of precision medicine. Since the 21st century, next-generation sequencing (NGS) has opened up new possibilities for personalized medicine. Extensive characterization at the molecular level for hundreds of cancer cell lines has been brought to the public eye by many organizations and agencies around the world. For example, the National Cancer Institute 60 Human Cancer Cell Line Screen (NCI-60), Cancer Cell Line Encyclopedia (CCLE) and Genomics of Drug Sensitivity in Cancer (GDSC) have provided large-scale omics data such as genomic, transcriptomic and epigenomic data characterizing cancer cell lines, and The Cancer Genome Atlas (TCGA) has molecularly characterized over 20000 primary cancers of patients. Combined with the drug response data of cancer cell lines, multiomics data could be used to analyse the mechanisms of action of anticancer drugs, which could be incorporated into precision medicine strategies. Over several decades, artificial intelligence (AI) technologies based on big data have revolutionized bioinformatics. AI has built a bridge between genomics and drug sensitivity by promoting the development of predictive models for the drug response of cancer cell lines. The 2012 NCI-DREAM drug prediction challenge has been particularly influential, as the innovative applications of machine learning that emerged from it have laid the groundwork for future studies. However, classic machine learning models are still challenging in terms of predictability because they limit the systematic integration of high-dimensional multiomics data. Therefore, network-based approaches, including link prediction and network representation, have become mainstream methods for drug response prediction. On the one hand, network-based approaches have not faced the “small n, large p” problem since the multiomics features are either represented in a gene/protein network or embedded in similarity networks between cell lines. On the other hand, the introduction of gene regulatory networks (GRNs) and protein-protein interactions (PPIs) into the predictive model can provide a functional background for the integration of genomic data and thereby improve the predictive performance of drug response. In addition to network-based approaches, multimodal deep learning models can systematically integrate multiomic data by considering them as different modalities. Generally, there are three feature fusion methods in deep neural networks: Input-level feature fusion (early fusion), intermediate feature fusion and decision-level fusion (late fusion). Intermediate feature fusion is predominant in drug response prediction studies, by which features are learned separately for each type of omics data and then integrated into one unified representation to be used as the input for a classifier or a regressor. Moreover, the features of drug structures can be used as a model to improve the performance. In brief, we summarize the characteristics of publicly accessible genomic databases and discuss the trends of artificial intelligence applications in drug sensitivity prediction for cancer cell lines, including machine learning, networks and multimodal deep neural networks."
W3025331028,2020,Disease-relevant single cell photonic signatures identify S100β stem cells and their myogenic progeny in vascular lesions,"Abstract A hallmark of subclinical atherosclerosis is the accumulation of vascular smooth muscle cell (SMC)-like cells leading to intimal thickening and lesion formation. While medial SMCs contribute to vascular lesions, the involvement of resident vascular stem cells (vSCs) remains unclear. We evaluated single cell photonics as a discriminator of cell phenotype in vitro before the presence of vSC within vascular lesions was assessed ex vivo using supervised machine learning and further validated using lineage tracing analysis. Using a novel lab-on-a-Disk (Load) platform, label-free single cell photonic emissions from normal and injured vessels ex vivo were interrogated and compared to freshly isolated aortic SMCs, cultured Movas SMCs, macrophages, B-cells, S100β + mVSc, bone marrow derived mesenchymal stem cells (MSC) and their respective myogenic progeny across five broadband light wavelengths (λ465 – λ670 ± 20 nm). We found that profiles were of sufficient coverage, specificity, and quality to clearly distinguish medial SMCs from different vascular beds (carotid vs aorta), discriminate normal carotid medial SMCs from lesional SMC-like cells ex vivo following flow restriction, and identify SMC differentiation of a series of multipotent stem cells following treatment with transforming growth factor beta 1 (TGF-β1), the Notch ligand Jaggedl, and Sonic Hedgehog using multivariate analysis, in part, due to photonic emissions from enhanced collagen III and elastin expression. Supervised machine learning supported genetic lineage tracing analysis of S100β + vSCs and identified the presence of S100β + vSC-derived myogenic progeny within vascular lesions. We conclude disease-relevant photonic signatures may have predictive value for vascular disease."
W2981180631,2019,TD‐P‐19: DIGITIZING BRAIN HEALTH: FROM NEURODIFFERENTIATION TO DAILY ACTIVITIES,"To study cellular mechanisms underlying cognitive health within the same individuals longitudinally, we launched the Quantu Project (quantuproject.org), which predicts changes in daily activity indicative of cognitive health and identifies whether this activity correlates to blood-borne proteins and/or the ability of volunteers’ stem cells to form neural networks in vitro. In an ongoing pilot study, the daily activity of seventeen healthy, young (20-23 years of age) volunteers was recorded by wearable devices for 12–15 months, including REM sleep onset time and duration, heartrate and miles walked/ran. Every six months, volunteers provide blood samples for proteomic screening and derivation of neural stem cells (NSC) from extracted peripheral blood mononuclear cells. A platform to characterize the dynamics of study participants' induced pluripotent NSC (iNSC) self-organization during differentiation into neurons was developed by integrating cellular omics analysis (proteomics, multiplexed immunostaining) with a spatially-derived graphical image analysis, Ca recordings and multielectrode array analysis that captured signaling between pairs of cells. This single cell profiling enabled us to develop a spatiotemporal model of how single human neurons form networks, and the use of iNSCs enabled us to apply the ‘Living Neural Networks” assay to cells obtained from healthy volunteers, including those who behaviors are being tracked by wearable devices. Computer models were developed to predict the onset and duration of REM sleep per night (using prior activity data and/or metrics from the in vitro studies); algorithm accuracy was scored on withheld test datasets. Mathematical analysis of the developing neural networks identified patterns in network topology and electrical function that predicted the time-course of differentiation for cells from healthy controls. Analysis of the sleep data obtained from volunteers’ wearable devices also identified “sleep signatures” unique to individuals."
W1928903768,2014,Nucleosome Positioning with Set of Key Positions and Nucleosome Affinity,"The formation and precise positioning of nucleosome in chromatin occupies a very important role of study in life process. Today, many researchers discover that the positioning where the location of a DNA sequence fragment wraps around a histone in genome is not random but regular. However, the positioning is closely relevant to the concrete sequence of core DNA. So in this paper, we analyzed the relation between the affinity and sequence structure of core DNA sequence, and extracted the set of key positions. In these positions, the nucleotide sequences probably occupied mainly action in the binding. First, we simplified and formatted the experimental data by the affinity. Then, to find the key positions in the wrapping, we used neural network to analyze the positive and negative effect of nucleosome generation for every position in core DNA sequences. However, we reached a class of weights with every position to describe this effect. Finally, based on the positions with high weights, we analyzed the reason why the chosen positions are key positions, and used these positions to construct a model of nucleosome positioning predict. Experimental results show the effectiveness of our method."
W2906508336,2018,Gene Expression Analysis for Early Lung Cancer Prediction Using Machine Learning Techniques: An Eco-Genomics Approach,"Cancer as a multifactorial disorder develops due to the complex interaction between gene and environment. A person may be susceptible to cancer due to his individual genetic makeup. Cancer causes maximum death worldwide as per data given by the World Health Organization. Some cases are reported with particular genetic makeup. Hence, the proper understanding of eco-genomics of cancer is necessary to interpret the underlying cause and risk factor for cancer. Combining huge gene expression date available in cyberspace and advanced machine learning technique may bring out the strongest candidate genes, which individually or as a part of the complex system, have more accurate prognostic value to determine someone’s susceptibility toward cancer. In this paper, we have analyzed gene expression data for the lung cancer available in the Kent Ridge Bio-Medical Dataset Repository. The microarray gene expression data are analyzed to select and predict the optimal subset of genes, which are the most probable causing agent of lung cancer."
W4300582245,2016,Filtered selection coupled with support vector machines generate a functionally relevant prediction model for colorectal cancer,"Musa Nur Gabere,1 Mohamed Aly Hussein,1 Mohammad Azhar Aziz2 1Department of Bioinformatics, King Abdullah International Medical Research Center/King Saud bin Abdulaziz University for Health Sciences, Riyadh, Saudi Arabia; 2Colorectal Cancer Research Program, Department of Medical Genomics, King Abdullah International Medical Research Center, Riyadh, Saudi Arabia Purpose: There has been considerable interest in using whole-genome expression profiles for the classification of colorectal cancer (CRC). The selection of important features is a crucial step before training a classifier.Methods: In this study, we built a model that uses support vector machine (SVM) to classify cancer and normal samples using Affymetrix exon microarray data obtained from 90 samples of 48 patients diagnosed with CRC. From the 22,011 genes, we selected the 20, 30, 50, 100, 200, 300, and 500 genes most relevant to CRC using the minimum-redundancy–maximum-relevance (mRMR) technique. With these gene sets, an SVM model was designed using four different kernel types (linear, polynomial, radial basis function [RBF], and sigmoid).Results: The best model, which used 30 genes and RBF kernel, outperformed other combinations; it had an accuracy of 84% for both ten fold and leave-one-out cross validations in discriminating the cancer samples from the normal samples. With this 30 genes set from mRMR, six classifiers were trained using random forest (RF), Bayes net (BN), multilayer perceptron (MLP), naïve Bayes (NB), reduced error pruning tree (REPT), and SVM. Two hybrids, mRMR + SVM and mRMR + BN, were the best models when tested on other datasets, and they achieved a prediction accuracy of 95.27% and 91.99%, respectively, compared to other mRMR hybrid models (mRMR + RF, mRMR + NB, mRMR + REPT, and mRMR + MLP). Ingenuity pathway analysis was used to analyze the functions of the 30 genes selected for this model and their potential association with CRC: CDH3, CEACAM7, CLDN1, IL8, IL6R, MMP1, MMP7, and TGFB1 were predicted to be CRC biomarkers.Conclusion: This model could be used to further develop a diagnostic tool for predicting CRC based on gene expression data from patient samples. Keywords: colorectal cancer, support vector machines, exon microarray, minimum redundancy maximum relevance, predictive model, pathway analysis, biomarkers"
W3102984263,2020,A Recurrence‐Specific Gene‐Based Prognosis Prediction Model for Lung Adenocarcinoma through Machine Learning Algorithm,"Background . After curative surgical resection, about 30‐75% lung adenocarcinoma (LUAD) patients suffer from recurrence with dismal survival outcomes. Identification of patients with high risk of recurrence to impose intense therapy is urgently needed. Materials and Methods . Gene expression data of LUAD were obtained from The Cancer Genome Atlas (TCGA) and Gene Expression Omnibus (GEO) databases. Differentially expressed genes (DEGs) were calculated by comparing the recurrent and primary tissues. Prognostic genes associated with the recurrence‐free survival (RFS) of LUAD patients were identified using univariate analysis. LASSO Cox regression and multivariate Cox analysis were applied to extract key genes and establish the prediction model. Results . We detected 37 DEGs between primary and recurrent LUAD tumors. Using univariate analysis, 31 DEGs were found to be significantly associated with RFS. We established the RFS prediction model including thirteen genes using the LASSO Cox regression. In the training cohort, we classified patients into high‐ and low‐risk groups and found that patients in the high‐risk group suffered from worse RFS compared to those in the low‐risk group ( P < 0.01). Concordant results were confirmed in the internal and external validation cohort. The efficiency of the prediction model was also confirmed under different clinical subgroups. The high‐risk group was significantly identified as the risk factor of recurrence in LUAD by the multivariate Cox analysis (HR = 13.37, P = 0.01). Compared to clinicopathological features, our prediction model possessed higher accuracy to identify patients with high risk of recurrence (AUC = 96.3 % ). Finally, we found that the G2M checkpoint pathway was enriched both in recurrent tumors and primary tumors of high‐risk patients. Conclusions . Our recurrence‐specific gene‐based prognostic prediction model provides extra information about the risk of recurrence in LUAD, which is conducive for clinicians to conduct individualized therapy in clinic."
W2614665773,2017,An equation‐free method reveals the ecological interaction networks within complex microbial ecosystems,"Abstract Mapping the network of ecological interactions is a key to understanding the composition, stability, function and dynamics of microbial communities. In recent years various approaches have been used to reveal microbial interaction networks from metagenomic sequencing data, such as time‐series analysis, machine learning and statistical techniques. Despite these efforts it is still not possible to capture details of the ecological interactions behind complex microbial dynamics. We developed the sparse S‐map method ( SSM ), which generates a sparse interaction network from a multivariate ecological time series without presuming any mathematical formulation for the underlying microbial processes. The advantage of the SSM over alternative methodologies is that it fully utilizes the observed data using a framework of empirical dynamic modelling. This makes the SSM robust to non‐equilibrium dynamics and underlying complexity (nonlinearity) in microbial processes. We showed that an increase in dataset size or a decrease in observational error improved the accuracy of SSM However, the accuracy of a comparative equation‐based method was almost unchanged for both cases and equivalent to the SSM at best. Hence, the SSM outperformed a comparative equation‐based method when datasets were large and the magnitude of observational errors was small. The results were robust to the magnitude of process noise and the functional forms of interspecific interactions that we tested. We applied the method to a microbiome data of six mice and found that there were different microbial interaction regimes between young to middle age (4–40 week‐old) and middle to old age (36–72 week‐old) mice. The complexity of microbial relationships impedes detailed equation‐based modelling. Our method provides a powerful alternative framework to infer ecological interaction networks of microbial communities in various environments and will be improved by further developments in metagenomics sequencing technologies leading to increased dataset size and improved accuracy and precision."
W3007606275,2020,ADVANCEMENTS IN APPLICATIONS OF MICROBIOLOGY AND BIOINFORMATICS INPHARMACOLOGY,"This special issue is highly related to Microbiology and Bioinformatics application for pharmacology and its usage in medical and health care systems towards providing leads for molecular development and an initiative in Basic science to perform advanced research in areas like the virtual patient and CRISPER Human. Also, it focuses on the integration of machine learning algorithms to mankind. In addition to the basic science involved in Microbiology, Bioinformatics and Pharmacology, the advancements in the current stage of applying the schemas of artificial intelligence (AI) in basic sciences are also focused in this issue. Artificial intelligence in the diagnosis of health care is the requirement for the current era of Digital Genomics. This special issue focuses on both basic science and advanced developments in the current era of Digital Genomics. The articles published in this special issue will certainly bring a positive effect for the development of health care systems and scientific leads to develop molecules with the available resources enhance the maximum utilization of scientific knowledge to potentiate diagnosis and therapy in health care."
W3115662163,2011,A Hybrid Method of Feature Extraction for Tumor Classification Using Microarray Gene Expression Data,Classification of disease phenotypes using microarray gene expression data faces a critical challenge due to its high dimensionality and small sample size nature. Hence there is a need to develop efficient dimension reduction techniques to improve the class prediction performance. In this paper we present a hybrid feature extraction method to combat the dimensionality problem by combining F-score statistics with autoregressive (AR) model. The F-score statistics preselect the discriminant genes from the raw microarray data and then this reduced set is modeled by the AR method to extract the relevant information. A low complexity radial basis function neural network (RBFNN) is also introduced to efficiently classify the microarray data. Exhaustive simulation study on six standard datasets shows the potentiality of the proposed method with the advantage of reduced computational complexity.
W2995432463,2019,Foster thy young: Enhanced prediction of orphan genes in assembled genomes,"ABSTRACT Proteins encoded by newly-emerged genes (“orphan genes”) share no sequence similarity with proteins in any other species. They provide organisms with a reservoir of genetic elements to quickly respond to changing selection pressures. Here, we systematically assess the ability of five gene annotation pipelines to accurately predict genes in genomes according to phylostratal origin. BRAKER and MAKER are existing, popular ab initio tools that infer gene structures by machine learning. Direct Inference is an evidence-based pipeline we developed to predict gene structures from alignments of RNA-Seq data. The BIND pipeline integrates ab initio predictions of BRAKER and Direct inference; MIND combines Direct Inference and MAKER predictions. We use highly-curated Arabidopsis and yeast annotations as gold-standard benchmarks, and cross-validate in rice. Each pipeline under-predicts orphan genes (as few as 11 percent, under one prediction scenario). Increasing RNA-Seq diversity greatly improves prediction efficacy. The combined methods (BIND and MIND) yield best predictions overall, BIND identifying 68% of annotated orphan genes and 99% of ancient genes in Arabidopsis. We provide a light weight, flexible, reproducible solution to improve gene prediction."
W2511860235,2016,Predicting the impact of non-coding variants on DNA methylation,"Abstract DNA methylation plays a crucial role in the establishment of tissue-specific gene expression and the regulation of key biological processes. However, our present inability to predict the effect of genome sequence variation on DNA methylation precludes a comprehensive assessment of the consequences of non-coding variation. We introduce CpGenie, a sequence-based framework that learns a regulatory code of DNA methylation using a deep convolutional neural network and uses this network to predict the impact of sequence variation on proximal CpG site DNA methylation. CpGenie produces allele-specific DNA methylation prediction with single-nucleotide sensitivity that enables accurate prediction of methylation quantitative trait loci (meQTL). We demonstrate that CpGenie prioritizes validated GWAS SNPs, and contributes to the prediction of functional non-coding variants, including expression quantitative trait loci (eQTL) and disease-associated mutations. CpGenie is publicly available to assist in identifying and interpreting regulatory non-coding variants."
W2067943075,2010,Use of in Vitro HTS-Derived Concentration–Response Data as Biological Descriptors Improves the Accuracy of QSAR Models of in Vivo Toxicity,"BACKGROUND: Quantitative high-throughput screening (qHTS) assays are increasingly being used to inform chemical hazard identification. Hundreds of chemicals have been tested in dozens of cell lines across extensive concentration ranges by the National Toxicology Program in collaboration with the National Institutes of Health Chemical Genomics Center. OBJECTIVES: Our goal was to test a hypothesis that dose-response data points of the qHTS assays can serve as biological descriptors of assayed chemicals and, when combined with conventional chemical descriptors, improve the accuracy of quantitative structure-activity relationship (QSAR) models applied to prediction of in vivo toxicity end points. METHODS: We obtained cell viability qHTS concentration-response data for 1,408 substances assayed in 13 cell lines from PubChem; for a subset of these compounds, rodent acute toxicity half-maximal lethal dose (LD50) data were also available. We used the k nearest neighbor classification and random forest QSAR methods to model LD50 data using chemical descriptors either alone (conventional models) or combined with biological descriptors derived from the concentration-response qHTS data (hybrid models). Critical to our approach was the use of a novel noise-filtering algorithm to treat qHTS data. RESULTS: Both the external classification accuracy and coverage (i.e., fraction of compounds in the external set that fall within the applicability domain) of the hybrid QSAR models were superior to conventional models. CONCLUSIONS: Concentration-response qHTS data may serve as informative biological descriptors of molecules that, when combined with conventional chemical descriptors, may considerably improve the accuracy and utility of computational approaches for predicting in vivo animal toxicity end points."
W4244068030,2020,Scope of 3D Shape-Based Approaches in Predicting the Macromolecular Targets of Structurally Complex Small Molecules Including Natural Products and Macrocyclic Ligands,"A plethora of similarity-based, network-based, machine learning and docking approaches for predicting the macromolecular targets of small molecules are available today and recognized as valuable tools for providing guidance in early drug discovery. With the increasing maturity of target prediction methods, researchers have started to explore ways to expand their scope to more challenging molecules such as structurally complex natural products and macrocyclic small molecules. In this work we systematically explore the capacity of an alignment-based approach to identify the targets of structurally complex small molecules (including large and flexible natural products and macrocyclic compounds) based on the similarity of their 3D molecular shape to non-complex molecules (i.e. more conventional, ""drug-like"", synthetic compounds). For this analysis, query sets of ten representative, structurally complex molecules were compiled for each of 35 pharmaceutically relevant proteins. Subsequently, ROCS, a leading shape-based screening engine, was utilized to generate rank-ordered lists of the potential targets of the 35x10 queries according to the similarity of their 3D molecular shape with that of compounds from a knowledge base of 272 640 non-complex small molecules active on a total of 3642 different proteins. Four of the scores implemented in ROCS were explored for target ranking, with the TanimotoCombo score consistently outperforming all others. The score successfully recovered the targets of 29% and 40% of the 350 queries among the top-5 and top-20 positions, respectively. For 29 out of the 35 investigated targets (83%), the method correctly assigned the first rank (out of 3642) to the target of interest for at least one of the ten queries. The shape-based target prediction approach showed remarkable robustness, with good success rates obtained even for compounds that are clearly distinct from any of the ligands present in the knowledge base. However, complex natural products and macrocyclic compounds proved to be challenging even with this approach, although cases of complete failure were recorded only for a small number of targets."
W3117003199,2020,Use of neural networks in the problems of operation and repair of rolling stock of electric transport,"Deep neural networks have achieved great success in controlled learning problems, and MIL as a typical poorly controlled learning method is effective for many applications in computer vision, biometrics, natural language processing, etc. In this article, we review several neural networks with multiple instances ( MINN), which neural networks seek to solve MIL problems. MINNs perform MILs in the end, which take bags with different numbers of instances as input and directly output the tags of the bags. All parameters in MINN can be optimized by back propagation. In addition to revising old MINNs, we offer a new type of MINN for exploring bag representations, which differs from existing MINNs that focus on the evaluation of an instance label. In addition, recent tricks developed in deep learning have been studied in MINN; we find that deep supervision is effective for a better understanding of bag views. In experiments, the proposed MINNs achieve the most advanced or competitive performance on several MIL tests. Moreover, for testing and learning it is very fast, for example, it takes only 0.0.0 03 s to predict the bag and a few seconds to learn on the MIL datasets on a moderate processor. Initially, several instances (MILs) were proposed to predict bounce activity [1]. Now it is widely applied to many domains and is an important problem in computer training. Many multimedia data have a multiplier (MI) structure; For example, a text article contains several paragraphs, the image can be divided into several local areas, and gene expression data contains several genes. MIL is useful for processing and understanding MI data. Studying multiple instances is a type of weak controlled learning (WSL). Each sample is executed in the form of labeled data, which consist of a wide variety of instances associated with the functions of input. The purpose of MIL in the dual task is to prepare a classifier for prediction of test packet labels, based on the assumption that there is a positive packet and contains at least one positive instance, while the data is negative if it consists only of negative instances."
W2989576890,2019,Utility and First Clinical Application of Screening Embryos for Polygenic Disease Risk Reduction,"For over 2 decades preimplantation genetic testing (PGT) has been in clinical use to reduce the risk of miscarriage and genetic disease in patients with advanced maternal age and risk of transmitting disease. Recently developed methods of genome-wide genotyping and machine learning algorithms now offer the ability to genotype embryos for polygenic disease risk with accuracy equivalent to adults. In addition, contemporary studies on adults indicate the ability to predict polygenic disorders with risk equivalent to monogenic disorders. Existing biobanks provide opportunities to model the clinical utility of polygenic disease risk reduction among sibling adults. Here, we provide a mathematical model for the use of embryo screening to reduce the risk of type 1 diabetes. Results indicate a 45-72% reduced risk with blinded genetic selection of one sibling. The first clinical case of polygenic risk scoring in human preimplantation embryos from patients with a family history of complex disease is reported. In addition to these data, several common and accepted practices place PGT for polygenic disease risk in the applicable context of contemporary reproductive medicine. In addition, prediction of risk for PCOS, endometriosis, and aneuploidy are of particular interest and relevance to patients with infertility and represent an important focus of future research on polygenic risk scoring in embryos."
W2934176510,2019,"Behavioural analysis of single-cell aneural ciliate, Stentor roeselii , using machine learning approaches","Abstract There is still a significant gap between our understanding of neural circuits and the behaviours they compute – i.e. the computations performed by these neural networks (Carandini 2012). Learning, behaviour, and memory formation, what used to only be associated with animals with neural systems, have been observed in many unicellular aneural species, namely Physarum, Paramecium, and Stentor (Tang & Marshall 2018). As these are fully functioning organisms, yet being unicellular, there is a much better chance to elucidate the detailed mechanisms underlying these learning processes in these organisms without the complications of highly interconnected neural circuits. An intriguing learning behaviour observed in Stentor roeselii (Jennings 1902) when stimulated with carmine has left scientists puzzled for more than a century. So far, none of the existing learning paradigm can fully encapsulate this particular series of five characteristic avoidant reactions. Although we were able to observe all responses described in literature and in a previous study (Dexter et al. 2019, manuscript in preparation), they do not conform to any particular learning model. We then investigated whether models based on machine learning approaches, including decision tree, random forest, and feed-forward neural networks could infer and predict the behavior of S. roeselii . Our results showed that an artificial neural network with multiple ‘computational’ neurons is inefficient at modelling the single-celled ciliate’s avoidant reactions. This has highlighted the complexity of behaviours in aneural organisms. Additionally, this report will also discuss the significance of elucidating molecular details underlying learning and decision-making processes in these unicellular organisms, which could offer valuable insights that are applicable to higher animals."
W3022126235,2020,Applying knowledge-driven mechanistic inference to toxicogenomics,"When considering toxic chemicals in the environment, a mechanistic, causal explanation of toxicity may be preferred over a statistical or machine learning-based prediction by itself. Elucidating a mechanism of toxicity is, however, a costly and time-consuming process that requires the participation of specialists from a variety of fields, often relying on animal models. We present an innovative mechanistic inference framework (MechSpy), which can be used as a hypothesis generation aid to narrow the scope of mechanistic toxicology analysis. MechSpy generates hypotheses of the most likely mechanisms of toxicity, by combining a semantically-interconnected knowledge representation of human biology, toxicology and biochemistry with gene expression time series on human tissue. Using vector representations of biological entities, MechSpy seeks enrichment in a manually curated list of high-level mechanisms of toxicity, represented as biochemically- and causally-linked ontology concepts. Besides predicting the canonical mechanism of toxicity for many well-studied compounds, we experimentally validated some of our predictions for other chemicals without an established mechanism of toxicity. This mechanistic inference framework is an advantageous tool for predictive toxicology, and the first of its kind to produce a mechanistic explanation for each prediction. MechSpy can be modified to include additional mechanisms of toxicity, and is generalizable to other types of mechanisms of human biology."
W2966289615,2019,A 23 gene–based molecular prognostic score precisely predicts overall survival of breast cancer patients,"BACKGROUND: Although many prognosis-predicting molecular scores for breast cancer have been developed, they are applicable to only limited disease subtypes. We aimed to develop a novel prognostic score that is applicable to a wider range of breast cancer patients. METHODS: We initially examined The Cancer Genome Atlas breast cancer cohort to identify potential prognosis-related genes. We then performed a meta-analysis of 36 international breast cancer cohorts to validate such genes. We trained artificial intelligence models (random forest and neural network) to predict prognosis precisely, and we finally validated our prediction with the log-rank test. FINDINGS: We identified a comprehensive list of 184 prognosis-related genes, most of which have been not extensively studied to date. We then established a universal molecular prognostic score (mPS) that relies on the expression status of only 23 of these genes. The mPS system is almost universally applicable to breast cancer patients (log-rank P < 0.05) in a manner independent of platform (microarray or RNA sequencing). INTERPRETATION: The mPS system is simple and cost-effective to apply and yet is able to reveal previously unrecognized heterogeneity among patient subpopulations in a platform-independent manner. The combination of mPS and clinical stage stratifies prognosis even more precisely and should prove of value for avoidance of overtreatment. In addition, the prognosis-related genes uncovered in this study are potential drug targets. FUND: This work was supported by KAKENHI grants from the Ministry of Education, Culture, Sports, Science, and Technology of Japan to H.S. (19K20403) and to K.I·N (18H05215)."
W2804985110,2018,The Blessings of Multiple Causes,"Causal inference from observational data often assumes ""ignorability,"" that all confounders are observed. This assumption is standard yet untestable. However, many scientific studies involve multiple causes, different variables whose effects are simultaneously of interest. We propose the deconfounder, an algorithm that combines unsupervised machine learning and predictive model checking to perform causal inference in multiple-cause settings. The deconfounder infers a latent variable as a substitute for unobserved confounders and then uses that substitute to perform causal inference. We develop theory for the deconfounder, and show that it requires weaker assumptions than classical causal inference. We analyze its performance in three types of studies: semi-simulated data around smoking and lung cancer, semi-simulated data around genome-wide association studies, and a real dataset about actors and movie revenue. The deconfounder provides a checkable approach to estimating closer-to-truth causal effects."
W2963784900,2017,Machine learning in materials informatics: recent applications and prospects,"Abstract Propelled partly by the Materials Genome Initiative, and partly by the algorithmic developments and the resounding successes of data-driven efforts in other domains, informatics strategies are beginning to take shape within materials science. These approaches lead to surrogate machine learning models that enable rapid predictions based purely on past data rather than by direct experimentation or by computations/simulations in which fundamental equations are explicitly solved. Data-centric informatics methods are becoming useful to determine material properties that are hard to measure or compute using traditional methods—due to the cost, time or effort involved—but for which reliable data either already exists or can be generated for at least a subset of the critical cases. Predictions are typically interpolative, involving fingerprinting a material numerically first, and then following a mapping (established via a learning algorithm) between the fingerprint and the property of interest. Fingerprints, also referred to as “descriptors”, may be of many types and scales, as dictated by the application domain and needs. Predictions may also be extrapolative—extending into new materials spaces—provided prediction uncertainties are properly taken into account. This article attempts to provide an overview of some of the recent successful data-driven “materials informatics” strategies undertaken in the last decade, with particular emphasis on the fingerprint or descriptor choices. The review also identifies some challenges the community is facing and those that should be overcome in the near future."
W2599917571,2017,Partnership applies deep learning to very big data,"GlaxoSmithKline has for several years engaged in a campaign of creative destruction, acting to replace traditional methods of manufacturing and research with more efficient ways of doing things. The implementation of programs such as its Manufacturing Technology Roadmap, a manifesto against the standard pharma method of manufacturing drugs in batches, for example, has helped earn the company the reputation of risk-taker among major drug firms. Now, GSK is turning its attention to drug discovery, where it is hoping that a nascent approach of applying supercomputing to huge data sets will allow it to move from target identification to a molecule ready for the clinic in just one year. John Baldoni, senior vice president of platform technology and science at GSK, refers to the drastic telescoping of a process that has traditionally taken closer to a decade as the company’s “moon shot” project. It will rely heavily, he says, on the"
W3015122607,2020,Machine Classification of Methylomes in Cancer,"Abstract Cancer remains a leading cause of morbidity and mortality worldwide. Its evolutionary nature and resultant complex interactions with the tumour micro-environment and the host immune system engender heterogeneity, make developing interventions difficult. Usually detected at the advanced stages of disease, metastatic cancer accounts for 90% of cancer-associated deaths. Therefore early detection of cancer, combined with current therapies, would have a significant impact on survival and treatment of this insidious disease. Epigenetic changes such as DNA methylation are some of the early events in carcinogenesis. Here, we report on a machine learning model that can classify 13 types of cancer as well as non-cancer tissue samples using only DNA methylome data, with an accuracy of 98.2%. We utilise the features identified by this model to develop a robust deep neural network that can generalise to independent data sets. We also demonstrate that the methylation associated genomic loci detected by the classifier are associated with genes involved in cancer, providing insights into the epigenomic regulation of carcinogenesis."
W3003269599,2020,Integrative analysis of cross-modal features for the prognosis prediction of clear cell renal cell carcinoma,"MOTIVATION: As a highly heterogeneous disease, clear cell renal cell carcinoma (ccRCC) has quite variable clinical behaviors. The prognostic biomarkers play a crucial role in stratifying patients suffering from ccRCC to avoid over- and under-treatment. Researches based on hand-crafted features and single-modal data have been widely conducted to predict the prognosis of ccRCC. However, these experience-dependent methods, neglecting the synergy among multimodal data, have limited capacity to perform accurate prediction. Inspired by complementary information among multimodal data and the successful application of convolutional neural networks (CNNs) in medical image analysis, a novel framework was proposed to improve prediction performance. RESULTS: We proposed a cross-modal feature-based integrative framework, in which deep features extracted from computed tomography/histopathological images by using CNNs were combined with eigengenes generated from functional genomic data, to construct a prognostic model for ccRCC. Results showed that our proposed model can stratify high- and low-risk subgroups with significant difference (P-value < 0.05) and outperform the predictive performance of those models based on single-modality features in the independent testing cohort [C-index, 0.808 (0.728-0.888)]. In addition, we also explored the relationship between deep image features and eigengenes, and make an attempt to explain deep image features from the view of genomic data. Notably, the integrative framework is available to the task of prognosis prediction of other cancer with matched multimodal data. AVAILABILITY AND IMPLEMENTATION: https://github.com/zhang-de-lab/zhang-lab? from=singlemessage. SUPPLEMENTARY INFORMATION: Supplementary data are available at Bioinformatics online."
W3028499909,2020,Uncertainty Quantification Using Neural Networks for Molecular Property Prediction,"Uncertainty quantification (UQ) is an important component of molecular property prediction, particularly for drug discovery applications where model predictions direct experimental design and where unanticipated imprecision wastes valuable time and resources. The need for UQ is especially acute for neural models, which are becoming increasingly standard yet are challenging to interpret. While several approaches to UQ have been proposed in the literature, there is no clear consensus on the comparative performance of these models. In this paper, we study this question in the context of regression tasks. We systematically evaluate several methods on five regression data sets using multiple complementary performance metrics. Our experiments show that none of the methods we tested is unequivocally superior to all others, and none produces a particularly reliable ranking of errors across multiple data sets. While we believe that these results show that existing UQ methods are not sufficient for all common use cases and further research is needed, we conclude with a practical recommendation as to which existing techniques seem to perform well relative to others."
W2951572348,2017,Denoising genome-wide histone ChIP-seq with convolutional neural networks,"MOTIVATION: Chromatin immune-precipitation sequencing (ChIP-seq) experiments are commonly used to obtain genome-wide profiles of histone modifications associated with different types of functional genomic elements. However, the quality of histone ChIP-seq data is affected by many experimental parameters such as the amount of input DNA, antibody specificity, ChIP enrichment and sequencing depth. Making accurate inferences from chromatin profiling experiments that involve diverse experimental parameters is challenging. RESULTS: We introduce a convolutional denoising algorithm, Coda, that uses convolutional neural networks to learn a mapping from suboptimal to high-quality histone ChIP-seq data. This overcomes various sources of noise and variability, substantially enhancing and recovering signal when applied to low-quality chromatin profiling datasets across individuals, cell types and species. Our method has the potential to improve data quality at reduced costs. More broadly, this approach-using a high-dimensional discriminative model to encode a generative noise process-is generally applicable to other biological domains where it is easy to generate noisy data but difficult to analytically characterize the noise or underlying data distribution. AVAILABILITY AND IMPLEMENTATION: https://github.com/kundajelab/coda . CONTACT: akundaje@stanford.edu."
W3008346374,2020,Alternative Splicing Events as Indicators for the Prognosis of Uveal Melanoma,"Growing evidence has revealed that abnormal alternative splicing (AS) events are closely related to carcinogenic processes. However, the comprehensive study on the prognostic value of splicing events involved in uveal melanoma (UM) is still lacking. Therefore, splicing data of 80 UM patients were obtained from the Cancer Genome Atlas (TCGA) SpliceSeq and RNA sequence data of UM and patient clinical features were downloaded from the Cancer Genome Atlas (TCGA) database to identify survival related splicing events in UM. As a result, a total of 37996 AS events of 17911 genes in UM were detected, among which 5299 AS events of 3529 genes were significantly associated with UM patients' survival. Functional enrichment analysis revealed that this survival related splicing genes are corelated with mRNA catabolic process and ribosome pathway. Based on survival related splicing events, seven types of prognostic markers and the final overall prognostic signature could independently predict the overall survival of UM patients. Finally, an 11 spliced gene was identified in the final signature. On the basis of these 11 genes, we constructed a Support Vector Machine (SVM) classifier and evaluated it with leave-one-out cross-validation. The results showed that the 11 genes could determine short- and long-term survival with a predicted accuracy of 97.5%. Besides, the splicing factors and alternative splicing events correlation network was constructed to serve as therapeutic targets for UM treatment. Thus, our study depicts a comprehensive landscape of alternative splicing events in the prognosis of UM. The correlation network and associated pathways would provide additional potential targets for therapy and prognosis."
W3125157949,2020,Critical evaluation of web-based DNA N6-methyladenine site prediction tools,"Methylation of DNA N6-methyladenosine (6mA) is a type of epigenetic modification that plays pivotal roles in various biological processes. The accurate genome-wide identification of 6mA is a challenging task that leads to understanding the biological functions. For the last 5 years, a number of bioinformatics approaches and tools for 6mA site prediction have been established, and some of them are easily accessible as web application. Nevertheless, the accurate genome-wide identification of 6mA is still one of the challenging works that lead to understanding the biological functions. Especially in practical applications, these tools have implemented diverse encoding schemes, machine learning algorithms and feature selection methods, whereas few systematic performance comparisons of 6mA site predictors have been reported. In this review, 11 publicly available 6mA predictors evaluated with seven different species-specific datasets (Arabidopsis thaliana, Tolypocladium, Diospyros lotus, Saccharomyces cerevisiae, Drosophila melanogaster, Caenorhabditis elegans and Escherichia coli). Of those, few species are close homologs, and the remaining datasets are distant sequences. Our independent, validation tests demonstrated that Meta-i6mA and MM-6mAPred models for A. thaliana, Tolypocladium, S. cerevisiae and D. melanogaster achieved excellent overall performance when compared with their counterparts. However, none of the existing methods were suitable for E. coli, C. elegans and D. lotus. A feasibility of the existing predictors is also discussed for the seven species. Our evaluation provides useful guidelines for the development of 6mA site predictors and helps biologists selecting suitable prediction tools."
W2176262589,2015,Efficient Identification of Null-Allele Single Nucleotide Polymorphism Markers,"OBJECTIVES: At the beginning of a genome-wide association study, many markers are discarded because they fail to meet standard quality control criteria. Some of these markers are out of Hardy-Weinberg equilibrium (HWE) because they have 'null alleles' (which may be deletions or third alleles that do not hybridize to standard probes). It may be useful to identify null-allele markers so that they can be analyzed under different models or in order to explore regions of copy number variation. METHODS: We present a model for the chip-based genotype data that are produced when a null-allele single nucleotide polymorphism (SNP) is genotyped under standard (2-allele) assumptions. We show that this model can be combined with the standard HWE model to develop classification procedures based on the supervised learning algorithms Support Vector Machines (SVM), Classification and Regression Trees (CART) or Random Forests for identifying null-allele SNPs. RESULTS: We report a list of null-allele SNPs we identified on the Illumina 660W-Quad chip and provide suggestions for applying our CART model to other SNP sets. CONCLUSIONS: Properly identified null-allele SNPs can be used to test for genotype-phenotype associations or to identify regions which may contain copy number variants."
W3071309531,2020,minMLST: machine learning for optimization of bacterial strain typing,"MOTIVATION: High-resolution microbial strain typing is essential for various clinical purposes, including disease outbreak investigation, tracking of microbial transmission events and epidemiological surveillance of bacterial infections. The widely used approach for multilocus sequence typing (MLST) that is based on the core genome, cgMLST, has the advantage of a high level of typeability and maximal discriminatory power. Yet, the transition from a seven loci-based scheme to cgMLST involves several challenges, that include the need by some users to maintain backward compatibility, growing difficulties in the day-to-day communication within the microbiology community with respect to nomenclature and ontology, issues with typeability, especially if a more stringent approach to loci presence is used, and computational requirements concerning laboratory data management and sharing with end-users. Hence, methods for optimizing cgMLST schemes through careful reduction of the number of loci are expected to be beneficial for practical needs in different settings. RESULTS: We present a new machine learning-based methodology, minMLST, for minimizing the number of genes in cgMLST schemes by identifying subsets of informative genes and analyzing the trade-off between gene reduction and typing performance. The results achieved with minMLST over eight bacterial species show that despite the reduction in the number of genes up to a factor of 10, the typing performance remains very high and significant with an Adjusted Rand Index that ranges between 0.4 and 0.93 in different species and a P-value < 10-3. The identification of such optimized MLST schemes for bacterial strain typing is expected to improve the implementation of cgMLST by improving interlaboratory agreement and communication. AVAILABILITY AND IMPLEMENTATION: The python package minMLST is available at https://PyPi.org/project/minmlst/PyPI and supported on Linux and Windows. SUPPLEMENTARY INFORMATION: Supplementary data are available at Bioinformatics online."
W2951699415,2019,Markov-modulated continuous-time Markov chains to identify site- and branch-specific evolutionary variation,"Markov models of character substitution on phylogenies form the foundation of phylogenetic inference frameworks. Early models made the simplifying assumption that the substitution process is homogeneous over time and across sites in the molecular sequence alignment. While standard practice adopts extensions that accommodate heterogeneity of substitution rates across sites, heterogeneity in the process over time in a site-specific manner remains frequently overlooked. This is problematic, as evolutionary processes that act at the molecular level are highly variable, subjecting different sites to different selective constraints over time, impacting their substitution behaviour. We propose incorporating time variability through Markov-modulated models (MMMs) that allow the substitution process (including relative character exchange rates as well as the overall substitution rate) that models the evolution at an individual site to vary across lineages. We implement a general MMM framework in BEAST, a popular Bayesian phylogenetic inference software package, allowing researchers to compose a wide range of MMMs through flexible XML specification. Using examples from bacterial, viral and plastid genome evolution, we show that MMMs impact phylogenetic tree estimation and can substantially improve model fit compared to standard substitution models. Through simulations, we show that marginal likelihood estimation accurately identifies the generative model and does not systematically prefer the more parameter-rich MMMs. In order to mitigate the increased computational demands associated with MMMs, our implementation exploits recently developed updates to BEAGLE, a high-performance computational library for phylogenetic inference."
W3029785921,2020,Alignment-free Comparison of Metagenomics Sequences via Approximate String Matching,"Abstract Quantifying pairwise sequence similarities is a key step in metagenomics studies. Alignment-free methods provide a computationally efficient alternative to alignment-based methods for large-scale sequence analysis. Several neural network-based methods have recently been developed for this purpose. However, existing methods do not perform well on sequences of varying lengths and are sensitive to the presence of insertions and deletions. In this paper, we describe the development of a new method, referred to as AsMac, that addresses the aforementioned issues. We proposed a novel neural network structure for approximate string matching for the extraction of pertinent information from biological sequences and developed an efficient gradient computation algorithm for training the constructed neural network. We performed a large-scale benchmark study using real-world data that demonstrated the effectiveness and potential utility of the proposed method. The open-source software for the proposed method and trained neural-network models for some commonly used metagenomics marker genes were developed and are freely available at www.acsu.buffalo.edu/~yijunsun/lab/AsMac.html ."
W1985439907,2015,Base-resolution methylation patterns accurately predict transcription factor bindings in vivo,"Detecting in vivo transcription factor (TF) binding is important for understanding gene regulatory circuitries. ChIP-seq is a powerful technique to empirically define TF binding in vivo. However, the multitude of distinct TFs makes genome-wide profiling for them all labor-intensive and costly. Algorithms for in silico prediction of TF binding have been developed, based mostly on histone modification or DNase I hypersensitivity data in conjunction with DNA motif and other genomic features. However, technical limitations of these methods prevent them from being applied broadly, especially in clinical settings. We conducted a comprehensive survey involving multiple cell lines, TFs, and methylation types and found that there are intimate relationships between TF binding and methylation level changes around the binding sites. Exploiting the connection between DNA methylation and TF binding, we proposed a novel supervised learning approach to predict TF-DNA interaction using data from base-resolution whole-genome methylation sequencing experiments. We devised beta-binomial models to characterize methylation data around TF binding sites and the background. Along with other static genomic features, we adopted a random forest framework to predict TF-DNA interaction. After conducting comprehensive tests, we saw that the proposed method accurately predicts TF binding and performs favorably versus competing methods."
W1994568452,2010,Brain Sciences – An Open Access Journal,"During the first ten years that followed “The Decade of the Brain”, the quest of neuroscience for understanding brain function in health and disease has greatly expanded to include molecular, developmental, cognitive and evolutionary aspects of the nervous system. This increased multidisciplinary effort has been complemented by the spectacular development of highly sophisticated experimental methods. Neuroscientists can now perform studies ranging from molecular and imaging analysis of single pre- and postsynaptic neuronal processes to imaging of neural activity in the whole brain during perceptual and motor behavioral tasks. At the same time, theoretical advances in neuroscience have been aided by the rapid development of mathematical and computational simulations of biologically and functionally realistic single cells and complex neural networks across multiple spatiotemporal scales. Therefore, neuroscientists are more than ever in a position to deliver answers to basic, medical and biotechnological questions related to brain function and dysfunction. [...]"
W2142057428,2011,Genetic Classification of Populations Using Supervised Learning,"There are many instances in genetics in which we wish to determine whether two candidate populations are distinguishable on the basis of their genetic structure. Examples include populations which are geographically separated, case-control studies and quality control (when participants in a study have been genotyped at different laboratories). This latter application is of particular importance in the era of large scale genome wide association studies, when collections of individuals genotyped at different locations are being merged to provide increased power. The traditional method for detecting structure within a population is some form of exploratory technique such as principal components analysis. Such methods, which do not utilise our prior knowledge of the membership of the candidate populations. are termed unsupervised. Supervised methods, on the other hand are able to utilise this prior knowledge when it is available.In this paper we demonstrate that in such cases modern supervised approaches are a more appropriate tool for detecting genetic differences between populations. We apply two such methods, (neural networks and support vector machines) to the classification of three populations (two from Scotland and one from Bulgaria). The sensitivity exhibited by both these methods is considerably higher than that attained by principal components analysis and in fact comfortably exceeds a recently conjectured theoretical limit on the sensitivity of unsupervised methods. In particular, our methods can distinguish between the two Scottish populations, where principal components analysis cannot. We suggest, on the basis of our results that a supervised learning approach should be the method of choice when classifying individuals into pre-defined populations, particularly in quality control for large scale genome wide association studies."
W2126592262,2013,Identifying RNA-binding residues based on evolutionary conserved structural and energetic features,"Increasing numbers of protein structures are solved each year, but many of these structures belong to proteins whose sequences are homologous to sequences in the Protein Data Bank. Nevertheless, the structures of homologous proteins belonging to the same family contain useful information because functionally important residues are expected to preserve physico-chemical, structural and energetic features. This information forms the basis of our method, which detects RNA-binding residues of a given RNA-binding protein as those residues that preserve physico-chemical, structural and energetic features in its homologs. Tests on 81 RNA-bound and 35 RNA-free protein structures showed that our method yields a higher fraction of true RNA-binding residues (higher precision) than two structure-based and two sequence-based machine-learning methods. Because the method requires no training data set and has no parameters, its precision does not degrade when applied to 'novel' protein sequences unlike methods that are parameterized for a given training data set. It was used to predict the 'unknown' RNA-binding residues in the C-terminal RNA-binding domain of human CPEB3. The two predicted residues, F430 and F474, were experimentally verified to bind RNA, in particular F430, whose mutation to alanine or asparagine nearly abolished RNA binding. The method has been implemented in a webserver called DR_bind1, which is freely available with no login requirement at http://drbind.limlab.ibms.sinica.edu.tw."
W2167621265,2013,Toward improving fine needle aspiration cytology by applying Raman microspectroscopy,"ABSTRACT. Medical diagnosis of biopsies performed by fine needle aspiration has to be very reliable. Therefore, pathologists/cytologists need additional biochemical information on single cancer cells for an accurate diagnosis. Accordingly, we applied three different classification models for discriminating various features of six breast cancer cell lines by analyzing Raman microspectroscopic data. The statistical evaluations are implemented by linear discriminant analysis (LDA) and support vector machines (SVM). For the first model, a total of 61,580 Raman spectra from 110 single cells are discriminated at the cell-line level with an accuracy of 99.52% using an SVM. The LDA classification based on Raman data achieved an accuracy of 94.04% by discriminating cell lines by their origin (solid tumor versus pleural effusion). In the third model, Raman cell spectra are classified by their cancer subtypes. LDA results show an accuracy of 97.45% and specificities of 97.78%, 99.11%, and 98.97% for the subtypes basal-like, HER2+/ER-, and luminal, respectively. These subtypes are confirmed by gene expression patterns, which are important prognostic features in diagnosis. This work shows the applicability of Raman spectroscopy and statistical data handling in analyzing cancer-relevant biochemical information for advanced medical diagnosis on the single-cell level."
W2074723220,2012,Robots in the laboratory: a review of applications,"Abstract Purpose – This paper aims to provide a review of the applications of robotic technology in laboratories. Design/methodology/approach – Following a short introduction, this paper discusses a range of key applications for laboratory robots and describes a number of products. Some recent research is considered and brief conclusions are drawn. Findings – This shows that robotic laboratory automation offers a number of key economic and operational benefits and is being used in many procedures, ranging from drug discovery and toxicity testing to forensics and environmental monitoring. An intriguing possibility is the creation of new scientific knowledge by combining robotic systems with artificial intelligence. Originality/value – This paper illustrates the vital role played by robotic automation in laboratory procedures."
W2955844127,2019,Machine learning approaches to predict lupus disease activity from gene expression data,"The integration of gene expression data to predict systemic lupus erythematosus (SLE) disease activity is a significant challenge because of the high degree of heterogeneity among patients and study cohorts, especially those collected on different microarray platforms. Here we deployed machine learning approaches to integrate gene expression data from three SLE data sets and used it to classify patients as having active or inactive disease as characterized by standard clinical composite outcome measures. Both raw whole blood gene expression data and informative gene modules generated by Weighted Gene Co-expression Network Analysis from purified leukocyte populations were employed with various classification algorithms. Classifiers were evaluated by 10-fold cross-validation across three combined data sets or by training and testing in independent data sets, the latter of which amplified the effects of technical variation. A random forest classifier achieved a peak classification accuracy of 83 percent under 10-fold cross-validation, but its performance could be severely affected by technical variation among data sets. The use of gene modules rather than raw gene expression was more robust, achieving classification accuracies of approximately 70 percent regardless of how the training and testing sets were formed. Fine-tuning the algorithms and parameter sets may generate sufficient accuracy to be informative as a standalone estimate of disease activity."
W4231883019,2019,An overview of the “-omics” fields at the forefront of next-generation personalized medicine and fundamental systems biology studies,"The collection of disciplines referred to as ""-omics"" generally includes genomics, proteomics, and metabolomics, with other sub-fields including transcriptomics, metallomics, and lipidomics playing important roles in the context of emerging healthcare applications.The rapid development in computing power and artificial intelligence for the analysis of immense datasets has great potential for generating disease predicting models and may revolutionize personalized and preventative medicine in the near future.However, these algorithms rely on consistent formatting of data, turning unstructured clinical data into semi-structured data, and reliably annotating putative structures from mass spectrometry data, which are significant challenges.In addition, the complexity of biological systems complicates modeling outside of specific metabolic pathways or genetic interactions; but hidden within this complexity are the biochemical fingerprints that can enable personalized treatment.Indeed, combining analyses of the -omics fields along the structure of the central dogma of biology would represents a herculean task, but would yield incredible predictive power.This review will introduce the major -omics fields listed above, introduce preliminary successes of these methods, and discuss their potential for application in biomedicine."
W2902499476,2018,Deep learning identifies genome-wide DNA binding sites of long noncoding RNAs,"Long noncoding RNAs (lncRNAs) can exert their function by interacting with the DNA via triplex structure formation. Even though this has been validated with a handful of experiments, a genome-wide analysis of lncRNA-DNA binding is needed. In this paper, we develop and interpret deep learning models that predict the genome-wide binding sites deciphered by ChIRP-Seq experiments of 12 different lncRNAs. Among the several deep learning architectures tested, a simple architecture consisting of two convolutional neural network layers performed the best suggesting local sequence patterns as determinants of the interaction. Further interpretation of the kernels in the model revealed that these local sequence patterns form triplex structures with the corresponding lncRNAs. We uncovered several novel triplexes forming domains (TFDs) of these 12 lncRNAs and previously experimentally verified TFDs of lncRNAs HOTAIR and MEG3. We experimentally verified such two novel TFDs of lncRNAs HOTAIR and TUG1 predicted by our method (but previously unreported) using Electrophoretic mobility shift assays. In conclusion, we show that simple deep learning architecture can accurately predict genome-wide binding sites of lncRNAs and interpretation of the models suggest RNA:DNA:DNA triplex formation as a viable mechanism underlying lncRNA-DNA interactions at genome-wide level."
W2602981645,2011,Design of a Hidden Markov Model for the Analysis of Genomic Changes in Cancer,"This paper mainly deals with the recent advances in DNA Micro array technologies and the abundance of Genomic information which plays a vital role for analyzing the molecular mechanisms. Statistical and Machine Learning Algorithms are used to analyze the biological implications in order to discover complex gene expression patterns. A Hidden Markov model (HMM) is designed and the maximum penalized likelihood is used to estimate the parameters in this model. This method is applied to lung cancer micro array experiment. Several regions identified through the HMM are consistent with known recurrent regions of amplifications or deletions in cancer. The association of these abnormal expression regions with the measures of disease status, such as tumor stage, differentiation, and survival are being analyzed. Numerical calculations and graphical representations reveals that genes in these regions may play a major role in the process of carcinogenesis of the lungs."
W2822674993,2018,Multi-scale deep tensor factorization learns a latent representation of the human epigenome,"Abstract The human epigenome has been experimentally characterized by measurements of protein binding, chromatin acessibility, methylation, and histone modification in hundreds of cell types. The result is a huge compendium of data, consisting of thousands of measurements for every basepair in the human genome. These data are difficult to make sense of, not only for humans, but also for computational methods that aim to detect genes and other functional elements, predict gene expression, characterize polymorphisms, etc. To address this challenge, we propose a deep neural network tensor factorization method, Avocado, that compresses epigenomic data into a dense, information-rich representation of the human genome. We use data from the Roadmap Epigenomics Consortium to demonstrate that this learned representation of the genome is broadly useful: first, by imputing epigenomic data more accurately than previous methods, and second, by showing that machine learning models that exploit this representation outperform those trained directly on epigenomic data on a variety of genomics tasks. These tasks include predicting gene expression, promoter-enhancer interactions, replication timing, and an element of 3D chromatin architecture. Our findings suggest the broad utility of Avocado’s learned latent representation for computational genomics and epigenomics."
W2944869218,2019,Knowledge-guided analysis of ‘omics’ data using the KnowEnG cloud platform,"Abstract We present KnowEnG, a free-to-use computational system for analysis of genomics data sets, designed to accelerate biomedical discovery. It includes tools for popular bioinformatics tasks such as gene prioritization, sample clustering, gene set analysis and expression signature analysis. The system offers ‘knowledge-guided’ data-mining and machine learning algorithms, where user-provided data are analyzed in light of prior information about genes, aggregated from numerous knowledge-bases and encoded in a massive ‘Knowledge Network’. KnowEnG adheres to ‘FAIR’ principles: its tools are easily portable to diverse computing environments, run on the cloud for scalable and cost-effective execution of compute-intensive and data-intensive algorithms, and are interoperable with other computing platforms. They are made available through multiple access modes including a web-portal, and include specialized visualization modules. We present use cases and re-analysis of published cancer data sets using KnowEnG tools and demonstrate its potential value in democratization of advanced tools for the modern genomics era."
W2943301612,2019,Predicting late-onset Alzheimer’s disease from genomic data using deep neural networks,"Abstract Alzheimer’s disease (AD) is the leading form of dementia. Over 25 million cases have been estimated worldwide and this number is predicted to increase two-fold every 20 years. Even though there is a variety of clinical markers available for the diagnosis of AD, the accurate and timely diagnosis of this disease remains elusive. Recently, over a dozen of genetic variants predisposing to the disease have been identified by genome-wide association studies. However, these genetic variants only explain a small fraction of the estimated genetic component of the disease. Therefore, useful predictions of AD from genetic data could not rely on these markers exclusively as they are not sufficiently informative predictors. In this study, we propose the use of deep neural networks for the prediction of late-onset Alzheimer’s disease from a large number of genetic variants. Experimental results indicate that the proposed model holds promise to produce useful predictions for clinical diagnosis of AD."
W3038751139,2020,Visual histological assessment of morphological features reflects the underlying molecular profile in invasive breast cancer: a morphomolecular study,"AIMS: Tumour genotype and phenotype are related and can predict outcome. In this study, we hypothesised that the visual assessment of breast cancer (BC) morphological features can provide valuable insight into underlying molecular profiles. METHODS AND RESULTS: The Cancer Genome Atlas (TCGA) BC cohort was used (n = 743) and morphological features, including Nottingham grade and its components and nucleolar prominence, were assessed utilising whole-slide images (WSIs). Two independent scores were assigned, and discordant cases were utilised to represent cases with intermediate morphological features. Differentially expressed genes (DEGs) were identified for each feature, compared among concordant/discordant cases and tested for specific pathways. Concordant grading was observed in 467 of 743 (63%) of cases. Among concordant case groups, eight common DEGs (UGT8, DDC, RGR, RLBP1, SPRR1B, CXorf49B, PSAPL1 and SPRR2G) were associated with overall tumour grade and its components. These genes are related mainly to cellular proliferation, differentiation and metabolism. The number of DEGs in cases with discordant grading was larger than those identified in concordant cases. The largest number of DEGs was observed in discordant grade 1:3 cases (n = 1185). DEGs were identified for each discordant component. Some DEGs were uniquely associated with well-defined specific morphological features, whereas expression/co-expression of other genes was identified across multiple features and underlined intermediate morphological features. CONCLUSION: Morphological features are probably related to distinct underlying molecular profiles that drive both morphology and behaviour. This study provides further evidence to support the use of image-based analysis of WSIs, including artificial intelligence algorithms, to predict tumour molecular profiles and outcome."
W2277210191,2015,Discretization of gene expression data revised,"Gene expression measurements represent the most important source of biological data used to unveil the interaction and functionality of genes. In this regard, several data mining and machine learning algorithms have been proposed that require, in a number of cases, some kind of data discretization to perform the inference. Selection of an appropriate discretization process has a major impact on the design and outcome of the inference algorithms, as there are a number of relevant issues that need to be considered. This study presents a revision of the current state-of-the-art discretization techniques, together with the key subjects that need to be considered when designing or selecting a discretization approach for gene expression data."
W2345998082,2016,Genome-Wide Functional Annotation of Human Protein-Coding Splice Variants Using Multiple Instance Learning,"The vast majority of human multiexon genes undergo alternative splicing and produce a variety of splice variant transcripts and proteins, which can perform different functions. These protein-coding splice variants (PCSVs) greatly increase the functional diversity of proteins. Most functional annotation algorithms have been developed at the gene level; the lack of isoform-level gold standards is an important intellectual limitation for currently available machine learning algorithms. The accumulation of a large amount of RNA-seq data in the public domain greatly increases our ability to examine the functional annotation of genes at isoform level. In the present study, we used a multiple instance learning (MIL)-based approach for predicting the function of PCSVs. We used transcript-level expression values and gene-level functional associations from the Gene Ontology database. A support vector machine (SVM)-based 5-fold cross-validation technique was applied. Comparatively, genes with multiple PCSVs performed better than single PCSV genes, and performance also improved when more examples were available to train the models. We demonstrated our predictions using literature evidence of ADAM15, LMNA/C, and DMXL2 genes. All predictions have been implemented in a web resource called ""IsoFunc"", which is freely available for the global scientific community through http://guanlab.ccmb.med.umich.edu/isofunc ."
W3093202652,2020,Latent Feature Representations for Human Gene Expression Data Improve Phenotypic Predictions,"Abstract High-throughput technologies such as microarrays and RNA-sequencing (RNA-seq) allow to precisely quantify transcriptomic profiles, generating datasets that are inevitably high-dimensional. In this work, we investigate whether the whole human transcriptome can be represented in a compressed, low dimensional latent space without loosing relevant information. We thus constructed low-dimensional latent feature spaces of the human genome, by utilizing three dimensionality reduction approaches and a diverse set of curated datasets. We applied standard Principal Component Analysis (PCA), kernel PCA and Autoencoder Neural Networks on 1360 datasets from four different measurement technologies. The latent feature spaces are tested for their ability to (a) reconstruct the original data and (b) improve predictive performance on validation datasets not used during the creation of the feature space. While linear techniques show better reconstruction performance, nonlinear approaches, particularly, neural-based models seem to be able to capture non-additive interaction effects, and thus enjoy stronger predictive capabilities. Our results show that low dimensional representations of the human transcriptome can be achieved by integrating hundreds of datasets, despite the limited sample size of each dataset and the biological / technological heterogeneity across studies. The created space is two to three orders of magnitude smaller compared to the raw data, offering the ability of capturing a large portion of the original data variability and eventually reducing computational time for downstream analyses."
W2906634648,2018,Cell division history determines hematopoietic stem cell potency,"Loss of stem cell self-renewal may underpin aging. Here, we combined single cell profiling, deep-learning, mathematical modelling and in vivo functional studies to explore how hematopoietic stem cell (HSC) division patterns evolve with age. We trained an artificial neural network (ANN) to accurately identify cell types in the hematopoietic hierarchy and predict their age from their gene expression patterns. We then used this ANN to compare daughter cell identities immediately after HSC divisions, and found that HSC self-renewal declines sharply with age. Furthermore, while HSC cell divisions are deterministic and intrinsically-regulated in young and old age, they become stochastic and niche-sensitive in mid-life. Analysis of evolving division patterns indicated that the self-renewal ability an individual HSC depends upon number times it has divided previously. We propose a model of HSC proliferation that accurately predicts the accumulation of HSCs with age, and reconciles the stochastic and instructive views of fate commitment."
W2082748330,2010,Translational Selection Is Ubiquitous in Prokaryotes,"Codon usage bias in prokaryotic genomes is largely a consequence of background substitution patterns in DNA, but highly expressed genes may show a preference towards codons that enable more efficient and/or accurate translation. We introduce a novel approach based on supervised machine learning that detects effects of translational selection on genes, while controlling for local variation in nucleotide substitution patterns represented as sequence composition of intergenic DNA. A cornerstone of our method is a Random Forest classifier that outperformed previous distance measure-based approaches, such as the codon adaptation index, in the task of discerning the (highly expressed) ribosomal protein genes by their codon frequencies. Unlike previous reports, we show evidence that translational selection in prokaryotes is practically universal: in 460 of 461 examined microbial genomes, we find that a subset of genes shows a higher codon usage similarity to the ribosomal proteins than would be expected from the local sequence composition. These genes constitute a substantial part of the genome--between 5% and 33%, depending on genome size--while also exhibiting higher experimentally measured mRNA abundances and tending toward codons that match tRNA anticodons by canonical base pairing. Certain gene functional categories are generally enriched with, or depleted of codon-optimized genes, the trends of enrichment/depletion being conserved between Archaea and Bacteria. Prominent exceptions from these trends might indicate genes with alternative physiological roles; we speculate on specific examples related to detoxication of oxygen radicals and ammonia and to possible misannotations of asparaginyl-tRNA synthetases. Since the presence of codon optimizations on genes is a valid proxy for expression levels in fully sequenced genomes, we provide an example of an ""adaptome"" by highlighting gene functions with expression levels elevated specifically in thermophilic Bacteria and Archaea."
W3013876037,2020,Online narrative guides for illuminating tissue atlas data and digital pathology images,"ABSTRACT The recent development of highly multiplexed tissue imaging promises to substantially accelerate research into basic biology and human disease. Concurrently, histopathology in a clinical setting is undergoing a rapid transition to digital methods. Online tissue atlases involving highly multiplexed images of research and clinical specimens will soon join genomics as a systematic source of information on the molecular basis of disease and therapeutic response. However, even with recent advances in machine learning, experience with anatomic pathology shows that there is no immediate substitute for expert visual review, annotation, and description of tissue images. In this perspective we review the ecosystem of software available for analysis of tissue images and identify a need for interactive guides or “digital docents” that allow experts to help make complex images intelligible. We illustrate this idea using Minerva software and discuss how interactive image guides are being integrated into multi-omic browsers for effective dissemination of atlas data."
W2777453591,2017,Predictive ability of genomic selection models in a multi-population perennial ryegrass training set using genotyping-by-sequencing,"KEY MESSAGE: Genomic prediction models for multi-year dry matter yield, via genotyping-by-sequencing in a composite training set, demonstrate potential for genetic gain improvement through within-half sibling family selection. Perennial ryegrass (Lolium perenne L.) is a key source of nutrition for ruminant livestock in temperate environments worldwide. Higher seasonal and annual yield of herbage dry matter (DMY) is a principal breeding objective but the historical realised rate of genetic gain for DMY is modest. Genomic selection was investigated as a tool to enhance the rate of genetic gain. Genotyping-by-sequencing (GBS) was undertaken in a multi-population (MP) training set of five populations, phenotyped as half-sibling (HS) families in five environments over 2 years for mean herbage accumulation (HA), a measure of DMY potential. GBS using the ApeKI enzyme yielded 1.02 million single-nucleotide polymorphism (SNP) markers from a training set of n = 517. MP-based genomic prediction models for HA were effective in all five populations, cross-validation-predictive ability (PA) ranging from 0.07 to 0.43, by trait and target population, and 0.40-0.52 for days-to-heading. Best linear unbiased predictor (BLUP)-based prediction methods, including GBLUP with either a standard or a recently developed (KGD) relatedness estimation, were marginally superior or equal to ridge regression and random forest computational approaches. PA was principally an outcome of SNP modelling genetic relationships between training and validation sets, which may limit application for long-term genomic selection, due to PA decay. However, simulation using data from the training experiment indicated a twofold increase in genetic gain for HA, when applying a prediction model with moderate PA in a single selection cycle, by combining among-HS family selection, based on phenotype, with within-HS family selection using genomic prediction."
W2170482677,2010,Computational prediction of type III secreted proteins from gram-negative bacteria,"BACKGROUND: Type III secretion system (T3SS) is a specialized protein delivery system in gram-negative bacteria that injects proteins (called effectors) directly into the eukaryotic host cytosol and facilitates bacterial infection. For many plant and animal pathogens, T3SS is indispensable for disease development. Recently, T3SS has also been found in rhizobia and plays a crucial role in the nodulation process. Although a great deal of efforts have been done to understand type III secretion, the precise mechanism underlying the secretion and translocation process has not been fully understood. In particular, defined secretion and translocation signals enabling the secretion have not been identified from the type III secreted effectors (T3SEs), which makes the identification of these important virulence factors notoriously challenging. The availability of a large number of sequenced genomes for plant and animal-associated bacteria demands the development of efficient and effective prediction methods for the identification of T3SEs using bioinformatics approaches. RESULTS: We have developed a machine learning method based on the N-terminal amino acid sequences to predict novel type III effectors in the plant pathogen Pseudomonas syringae and the microsymbiont rhizobia. The extracted features used in the learning model (or classifier) include amino acid composition, secondary structure and solvent accessibility information. The method achieved a precision of over 90% on P. syringae in a cross validation study. In combination with a promoter screen for the type III specific promoters, this classifier trained on the P. syringae data was applied to predict novel T3SEs from the genomic sequences of four rhizobial strains. This application resulted in 57 candidate type III secreted proteins, 17 of which are confirmed effectors. CONCLUSION: Our experimental results demonstrate that the machine learning method based on N-terminal amino acid sequences combined with a promoter screen could prove to be a very effective computational approach for predicting novel type III effectors in gram-negative bacteria. Our method and data are available to the public upon request."
W3088063380,2020,Combining mechanistic and machine learning models for predictive engineering and optimization of tryptophan metabolism,"Through advanced mechanistic modeling and the generation of large high-quality datasets, machine learning is becoming an integral part of understanding and engineering living systems. Here we show that mechanistic and machine learning models can be combined to enable accurate genotype-to-phenotype predictions. We use a genome-scale model to pinpoint engineering targets, efficient library construction of metabolic pathway designs, and high-throughput biosensor-enabled screening for training diverse machine learning algorithms. From a single data-generation cycle, this enables successful forward engineering of complex aromatic amino acid metabolism in yeast, with the best machine learning-guided design recommendations improving tryptophan titer and productivity by up to 74 and 43%, respectively, compared to the best designs used for algorithm training. Thus, this study highlights the power of combining mechanistic and machine learning models to effectively direct metabolic engineering efforts."
W2255511392,2016,Changing the Game: Using Integrative Genomics to Probe Virulence Mechanisms of the Stem Rust Pathogen Puccinia graminis f. sp. tritici,"The recent resurgence of wheat stem rust caused by new virulent races of Puccinia graminis f. sp. tritici (Pgt) poses a threat to food security. These concerns have catalyzed an extensive global effort toward controlling this disease. Substantial research and breeding programs target the identification and introduction of new stem rust resistance (Sr) genes in cultivars for genetic protection against the disease. Such resistance genes typically encode immune receptor proteins that recognize specific components of the pathogen, known as avirulence (Avr) proteins. A significant drawback to deploying cultivars with single Sr genes is that they are often overcome by evolution of the pathogen to escape recognition through alterations in Avr genes. Thus, a key element in achieving durable rust control is the deployment of multiple effective Sr genes in combination, either through conventional breeding or transgenic approaches, to minimize the risk of resistance breakdown. In this situation, evolution of pathogen virulence would require changes in multiple Avr genes in order to bypass recognition. However, choosing the optimal Sr gene combinations to deploy is a challenge that requires detailed knowledge of the pathogen Avr genes with which they interact and the virulence phenotypes of Pgt existing in nature. Identifying specific Avr genes from Pgt will provide screening tools to enhance pathogen virulence monitoring, assess heterozygosity and propensity for mutation in pathogen populations, and confirm individual Sr gene functions in crop varieties carrying multiple effective resistance genes. Toward this goal, much progress has been made in assembling a high quality reference genome sequence for Pgt, as well as a Pan-genome encompassing variation between multiple field isolates with diverse virulence spectra. In turn this has allowed prediction of Pgt effector gene candidates based on known features of Avr genes in other plant pathogens, including the related flax rust fungus. Upregulation of gene expression in haustoria and evidence for diversifying selection are two useful parameters to identify candidate Avr genes. Recently, we have also applied machine learning approaches to agnostically predict candidate effectors. Here, we review progress in stem rust pathogenomics and approaches currently underway to identify Avr genes recognized by wheat Sr genes."
W2770346636,2017,Machine learning in pain research,"1. Introduction Pain and pain chronification are incompletely understood and unresolved medical problems that continue to have a high prevalence.14 It has been accepted that pain is a complex phenomenon.2,32,72 Contemporary methods of computational science51 can use complex clinical and experimental data to better understand the complexity of pain. Among data science techniques, machine learning is referred to as a set of methods (Fig. 1) that can automatically detect patterns in data and then use the uncovered patterns to predict or classify future data, to observe structures such as subgroups in the data, or to extract information from the data suitable to derive new knowledge.11,43 Together with (bio)statistics, artificial intelligence and machine learning aim at learning from data.Figure 1.: Overview and classification of machine learning methods, selected for their use in a pain research context. The figure structures machine learning for its main uses comprising (1) classification tasks used for example to obtain a clinical diagnosis, (2) data structure detection including the identification of clusters, and (3) knowledge discovery in experimental or clinical data or in large databases structured hierarchically such as ontologies. Short descriptions of key methods are provided in Box 1. The icons at the right of each main application field symbolize respective typical machine learning methods, that is, from top to bottom: (1) SVM where the grouping (classification) is obtained by placing a border (hyperplane) between classes (subsymbolic classifier), (2) a decision tree where the classification is obtained through hierarchical rules (symbolic classifier), (3) an emergent self-organizing maps as an unsupervised machine learning method able to find an interesting structure in high-dimensional data such as clusters. In this figure, the map was colored using a geographical analogy with brown (up to snow-covered) heights and green valleys, on which clusters can be separated (from Ref. 36). Finally, (4) a directed acyclic graph is drafted depicting the polyhierarchy of, for example, the functions of pain-relevant genes (from Ref. 69). CART, classification and regression tree; DAG, directed acyclic graph; DT, decision tree; ESOM, emergent self-organizing map; HMM, hidden Markov models; k-NN, k nearest neighbor; LVQ, learning vector quantization; MLP, multilayer perceptron; PCA, principal component analysis; SVM, support vector machine.Although statistics can be regarded as a branch of mathematics, artificial intelligence and machine learning have developed from computer science (Ref. 58; see also https://en.wikipedia.org/wiki/Artificial_intelligence). The initial definition of artificial intelligence originates from Alan Turing who proposed an experiment where 2 players, who can either be human or artificial, try to convince a human third player, that they are also humans.68 The test of artificial intelligence is passed if the third player cannot tell who is the machine. Important steps in the development of machine learning were the first creation of the computer learning program, which was a checker game,54 and the first neural network called the perceptron.53 Statistics uses mathematical equations to model probability relationships between data variables, whereas machine learning learns from data without the necessity of previous knowledge. It aims at optimization and performance of an algorithm rather than on the analysis of the probabilities of observations, given a known underlying data distribution. Nevertheless, both machine learning and statistics techniques are working in concert for pattern recognition, knowledge discovery, and data mining and share partly the same methods such as regression, which is used widely in statistics but is also considered as a classification method in machine learning (Fig. 1). In the present research context, when provided with pain-related data, machine-learned methods are able to learn a mapping of complex features to a known class, that is, to predict a pain phenotype class from a complex pattern of acquired parameters. After the machine has learned the prediction of a pain-related phenotype, the algorithm can subsequently be used on new data from which the class membership of a novel yet unclassified subject can be identified. However, machine learning methods can also be used for pattern recognition in complex pain-related data to reveal traces of an underlying molecular background or for knowledge discovery in big data in a drug discovery or repurposing context. The increasing use of contemporary methods of computational science is reflected in the rising number of reports using machine learning for pain research (Table 1). This review is focused on machine-learned technologies applied to general pain research that allow one to analyze and predict pain phenotypes and to obtain knowledge from experimental and clinical pain-related data.Table 1: Reports of pain research in the order of the year of publication, where machine-learned methods were used.Table 1-A: Reports of pain research in the order of the year of publication, where machine-learned methods were used.2. Pain research involving machine learning A literature search was conducted using PubMed at https://www.ncbi.nlm.nih.gov/pubmed on July 22, 2017 for “([machine-learn*] OR machine learn*) AND pain.” One hundred ten results published between 2002 and 2017 with an increasing number of publications over time were obtained (Table 1), and a few more reports were obtained from reference tracking. After elimination of editorials, reviews, repeated reports of the same machine-learned analysis, 88 original reports of the use of machine learning in a pain context were identified. Twenty-two articles that regarded pain only as a symptom interesting in another context such as chest pain as a diagnostic criterion for pneumonia10 or coronary syndromes4 or phantom limb pain as an indicator or prosthesis functioning1 were excluded as well as 14 reports about neuroimaging of pain, a topic that has been reviewed separately.26,39 This resulted in 52 reports that were analyzed for the use of several different methods of machine learning in pain research (Table 1). For a short description of the mentioned machine learning methods, please refer to Box 1.Text box 1. Definitions and descriptions of key methods of machine learning most frequently used so far in the pain research context (Table 1 and Fig. 1). For a detailed description of these and further machine learning methods, see, for example, Ref. 11,43 (1) Classification solves the problem of identifying to which category (diagnosis) a new case belongs, based on a training data set of data containing cases whose category is known. (2) A Bayes classifier minimizes the probability of misclassification, given the prerequisites of the theorem of Bayes, that is, distributions and (conditional) probabilities. (3) Decision tree methods output a tree-structured graph consisting of variables (features) in the decisions nodes (points of split) and conditions in the edges. (4) Random forests use a multitude of simple decision trees usually based on a random selection of a small set of features. (5) Projection methods represent the data space in a lower-dimensional space with the aim of conserving important structural properties. (6) Focusing projection methods are learned using a function of the neighborhood of points in the data space. (7) K nearest-neighbors (k-NN) methods use k (classified) prototypes to which new cases are assigned depending on their distances to all prototypes. (8) Artificial neural networks (ANNs) are computer programs that operate a multitude of simple processing elements (neurons), which are connected to each other by (weighted) synapses. (9) Multilayer perceptrons are ANN, where the connections are structured in layers. The neurons are of the McCulloch-Pitts type, that is, nonlinear decisions using hyperplanes are used. (10) Support vector machines are multilayer perceptron with 1 layer using McCulloch-Pitts type of neurons, where the input data are projected into a (possible infinite dimensional) vector space in which (1) scalar products are easily computable and (2) the decision surface can be more complex than simple hyperplanes. (11) A self-organizing map (SOM) is an unsupervised learning ANN producing a 2-dimensional discretized representation of the data space through a focusing projection. (12) Emergent SOM are SOMs able to show emergent structures in the form of (U-, P-, and U*-) matrix representations, which display structural features of the data space using a geographical map metaphor. (13) Knowledge in data science is a symbolic representation of taxonomic categorizations and decisions using an algorithmic treatable (ie, decidable or provable) part of natural human language, such as (a subset of) predicate logic, with the requirement to generalize to unseen data. (14) Ontologies use data science knowledge in the form of a naming and definition of the terms and semantic interrelationships of the entities that really or fundamentally exist for a particular domain of discourse. (15) Ontology directed acyclic graphs are graph-based representations of a polyhierarchy of terms of an ontology. 3. Pain phenotype prediction from complex case data Machine learning addresses the so-called data space including an input space X comprising vectors xi = with d > 0 different parameters (variables and features24) acquired from n > 0 cases. In supervised machine learning, algorithms enable a mapping of the input parameters xi to the output classes yi in the data space . The information consisting of several biomedical parameters is used to derive a mapping that allows assigning future cases to the right class (prediction and generalization Ref. 11), for example, the pain phenotype group or a clinical diagnosis. The main types of classifiers provided by supervised machine learning are symbolic45 or subsymbolic63 classifiers. In symbolic classifiers, the decision how a classification is obtained can be interpreted by a domain expert as a combination of conditions on the features. For example, a symbolic45 classifier composed of a decision tree was created to predict patient-controlled analgesia consumption from approximately 30 acquired features including demographic (age, sex, and weight), biomedical (eg, blood pressure, diabetes, and arterial hypertension), surgery-related therapy (eg, type of surgery, duration, and details of anesthesia) and analgesic-related therapy (eg, consumption of analgesics before the surgery and dose demands during the first 24 hours after surgery) parameters.27 Importantly, for each of the parameters, the value range underlying the decision with respect to analgesics demands remained accessible (see Tables 1 and 11 in Ref. 27). In decision trees, the features are also weighted according to their importance (most important first). Another example of a symbolic classifier is the creation of a Bayesian diagnostic tool from demographic-, pain-, and surgery-related parameters for the prediction of persistence of pain in a breast cancer surgery context. It provided a sensitivity and specificity of 33% and 95%, respectively.61 Again, the classification procedure was accessible to direct interpretation through the Bayesian decision limits calculated for the single parameters. In subsymbolic classifiers, a better performance of a machine learned algorithm is sought by waiving the possibility of understanding the details, that is, it is impossible to obtain biomedical explanations for the functioning of the algorithm. For example, random forests use hundreds or thousands of simple decision trees that escape interpretation; the classification is obtained through the complete set of trees, that is, the “forest.”6 Such a classifier was created from various stool-based markers to diagnose a bladder pain syndrome.5 Similarly, a projection method for high-dimensional data, specifically, minimum curvilinear embedding, was applied to obtain from complex proteomics data a clustering of patients with neuropathic pain from controls and a further separation of different types of neuropathy such as neuropathy associated with amyotrophic lateral sclerosis and peripheral neuropathy with or without or pain.8 Machine-learned algorithms were further applied to predict thermal pain sensitivity from bioresponses acquired through electromyography, skin conductance level, and electrocardiography.23 Specifically, using support vector machines (SVMs56), individual pain threshold and tolerance to thermal stimulation could be predicted from the noninvasive measurements at accuracies of >91% and 79%, respectively.23 This aimed at obtaining information about pain in subjects with verbal and/or cognitive impairments in whom queries of pain such as standard visual rating scales cannot be applied. Moreover, predicting which patients required high opioid doses for analgesia, based on a next-generation sequencing–derived opioid receptor genotype, was achieved with a subsymbolic classifier based on k-nearest neighbors calculations.34 Another application of subsymbolic classifiers has been implemented as neural networks. The so-called elastic net regression models and SVMs predicted pain scores measured between 40 and 120 minutes after the administration of 10 mg oxycodone from interpolated pain score values before drug administration.46 The elastic net regression model provided pain scores that had a correlation coefficient of 0.6 with the observed scores. 4. Structure detection in complex pain-related data Detecting structures in the d-dimensional data space pointing at patterns or subgroups accessible to biomedical interpretation is a typical application of unsupervised machine learning. In contrast to the supervised learning setting, the class information Y is absent or ignored; the task is to find “interesting” data structures that can be interpreted as subgroups (clusters and strata) in the studied cases or made accessible for biomedical interpretation by domain experts, including the discovery of new knowledge in data-driven research approaches. For example, in a data matrix comprising several quantitative sensory testing (QST) parameters acquired from healthy subjects, a pattern was detected allowing one to identify a subgroup of healthy subjects who reacted to hypersensitization with topical capsaicin with a shift in QST parameters that resembled the parameter pattern observed in patients with neuropathic pain.35 Similarly, in a set of pain phenotype data comprising responses to experimental heat, cold, mechanical, and electrical pain stimuli applied in 125 healthy subjects, structures were detected using unsupervised machine learning implemented as emergent self-organizing maps.71 These data structures could be associated with a complex genotype composed of 30 reportedly pain relevant variants in 10 genes, which was able to correctly identify 80% of the subjects as belonging to an extreme pain phenotype in an independent and prospectively assessed cohort of 89 other subjects.38 5. Knowledge discovery and exploration of pain-related data Machine learning methods can be used to explore data sets by reversing the analytical focus of classifier building and pattern detection. Supervised machine learning methods qualify for data exploration under the assumption that if a biomedical parameter qualifies for inclusion in a classifier, then it is probably important for the addressed pain-related problem. In contrast to classic statistical methods, where knowledge or at least presumptions about the distributions and/or functional dependencies of the data are necessary, machine learning methods allow for data-driven research approaches. Hence, techniques of feature selection, which are common in machine learning, enable one to identify relevant modulators of pain-related outcomes in data-driven and hypothesis-free explorative research approaches. For example, a machine-learned analysis identified, among hundreds of biomedical parameters, demographic-, psychological-, and pain-related parameters as the most relevant for explaining the persistence of pain in women who underwent breast cancer surgery.61 Moreover, unsupervised machine learning methods can be used to assess, at a whole-study level, whether the acquired biomedical parameters demonstrate the efficacy of a treatment applied during a research project. The rationale is to detect data structures that are congruent with a known preclassification such as the presence of a modulator of the pain phenotype. For example, after treatment of 82 subjects with local UV-B irradiation or capsaicin application and assessing the pain phenotype using 10 different QST parameters, a 246 × 10-sized data matrix was obtained in a human experimental pain study.36 Using unsupervised machine learning implemented as emergent self-organizing maps,71 data structures were detected that coincided with applied known treatments indicating that a modulation of the complex pain phenotype had been obtained.36 A machine learning algorithm consisting of a classification and regression tree analysis was applied to 8034 independent observations of baseline thermal nociceptive sensitivity in mice.9 The analysis identified the mouse genotype as predictive of the pain phenotype; however, it also revealed that the experimenter performing the test and additional laboratory factors including season/humidity, cage density, time of day, sex, and within-cage or order of testing modulated the pain phenotypes.9 Finally, natural language progressing methods,73 which combine linguistics with computer science to analyze human language in speech or written text, were used to extract signs from clinical notes using, such as the occurrence of terms, for example, keywords that hint at a clinically incident, in a document.48 Prediction accuracy of this method for the patient's pain level was reported to be better than 99%. 6. Limitations of machine learning in pain research Machine learning is vulnerable to overfitting and may end up in describing noise or irrelevant relationships rather than the true relationship between features and classes. In that case, only the actual data on which the mapping has been learned are successfully classified, but the algorithm fails to classify new data. This can be addressed by building the classifier on a training data set and testing its performance on a test data set obtained in a separate experiment or through splitting the available data, and/or by cross validation using creating data subsets randomly resampled from the original data sets. Furthermore, machine learning may be fooled by data sets containing dominant but irrelevant features. A classic example is the training of a neuronal network to recognize camouflaged tanks hidden in trees.13 The network was apparently successfully trained with a set of photographs of tanks in trees and just trees without tanks. However, in a new set of photographs of trees with or without tanks hidden among them, the neuronal network failed. It turned out that in the training set, photographs of camouflaged tanks had been taken on whereas photographs of trees without tanks had been taken on The neural network had learned to recognize the rather than tanks among In the new set of forests with and without tanks had been in the same a neuronal network able to the was to identify tanks. Furthermore, of machine learning in pain research may be by the and of it on the of knowledge or on the of the large number of subjects in clinical The has to of pain research However, the analysis of apparently large data sets can be with small problems when data structure detection results in subgroups of small the rather typical of more features than cases on a data machine learning are able to this problem. Such models range from models as a simple form of a model up to more complex such as or emergent self-organizing neuronal The of computational pain research contemporary to understand pain. This uses processing of complex pain-related data and on learning information from complex pain-related data and knowledge from information be machine learning has the to the and treatment of pain the application of machine learning for pain problems has been mentioned in publications in 2002 (Table 1). Among machine learning a subset has so far been applied to pain problems (Fig. 1), regression and several of neural networks so far most frequently mentioned in the pain Machine learning increasing general and to of and natural This is to to pain The present review aims to pain domain with the methods and of machine learning in pain the of the methods in and future of This has been by the under and by the The have that further of"
W3015715089,2020,FingerprintContacts: Predicting Alternative Conformations of Proteins from Coevolution,"Abstract Proteins are dynamic molecules which perform diverse molecular functions by adopting different three-dimensional structures. Recent progress in residue-residue contacts prediction opens up new avenues for the de novo protein structure prediction from sequence information. However, it is still difficult to predict more than one conformation from residue-residue contacts alone. This is due to the inability to deconvolve the complex signals of residue-residue contacts, i.e. spatial contacts relevant for protein folding, conformational diversity, and ligand binding. Here, we introduce a machine learning based method, called FingerprintContacts, for extending the capabilities of residue-residue contacts. This algorithm leverages the features of residue-residue contacts, that is, (1) a single conformation outperforms the others in the structural prediction using all the top ranking residue-residue contacts as structural constraints, and (2) conformation specific contacts rank lower and constitute a small fraction of residue-residue contacts. We demonstrate the capabilities of FingerprintContacts on eight ligand binding proteins with varying conformational motions. Furthermore, FingerprintContacts identifies small clusters of residue-residue contacts which are preferentially located in the dynamically fluctuating regions. With the rapid growth in protein sequence information, we expect FingerprintContacts to be a powerful first step in structural understanding of protein functional mechanisms."
W123566966,2012,Scope: a protein force field with an artificial neural network approach to protein refinement,"Protein folding is the one of the most important topics of research in Biochemistry. The understanding of how a protein folds into its three dimensional shape from its amino acid sequence is of extreme importance in medicine today because proteins play important roles in diseases such as sickle cell anemia, Alzheimer's disease, and Parkinson's disease to name a few. Current protein force fields such as those implemented in CHARMM, AMBER, NAMD, and Xplor-NIH have many individual force terms that include bonded and non-bonded energies. While deemed complete, the use of these traditional force fields in ab initio approaches to protein structure determination has been unsuccessful. In this report, we introduce the software package SCOPE and its utility in evaluating and extending the currently existing force fields. SCOPE is unique in a number of ways, including its examination of protein structure in rotamer space, which leads to a reduction in dimensionality of the energy landscape and elimination of the bonded energy terms. The latest version of SCOPE includes an exclusive hydrogen bond energy term, and is also capable of producing a hydrogen bond profile that is substantially more informative than a single hydrogen bond energy value. SCOPE also includes a hydrophobicity score and profile. Furthermore the energy profile produced by SCOPE is incorporated into an artificial neural network based approach to predict the backbone root mean square deviation of a given protein structure to that of the native structure based on its potential energy alone. This method has been shown to help with refinement of protein structures from around 7.0 A to approximately 2.0 A"
W1999615844,2014,Characterization of a set of tumor suppressor microRNAs in T cell acute lymphoblastic leukemia,"The posttranscriptional control of gene expression by microRNAs (miRNAs) is highly redundant, and compensatory effects limit the consequences of the inactivation of individual miRNAs. This implies that only a few miRNAs can function as effective tumor suppressors. It is also the basis of our strategy to define functionally relevant miRNA target genes that are not under redundant control by other miRNAs. We identified a functionally interconnected group of miRNAs that exhibited a reduced abundance in leukemia cells from patients with T cell acute lymphoblastic leukemia (T-ALL). To pinpoint relevant target genes, we applied a machine learning approach to eliminate genes that were subject to redundant miRNA-mediated control and to identify those genes that were exclusively targeted by tumor-suppressive miRNAs. This strategy revealed the convergence of a small group of tumor suppressor miRNAs on the Myb oncogene, as well as their effects on HBP1, which encodes a transcription factor. The expression of both genes was increased in T-ALL patient samples, and each gene promoted the progression of T-ALL in mice. Hence, our systematic analysis of tumor suppressor miRNA action identified a widespread mechanism of oncogene activation in T-ALL."
W2765149372,2017,Machine learning approaches to decipher hormone and HER2 receptor status phenotypes in breast cancer,"Breast cancer prognosis and administration of therapies are aided by knowledge of hormonal and HER2 receptor status. Breast cancer lacking estrogen receptors, progesterone receptors and HER2 receptors are difficult to treat. Regarding large data repositories such as The Cancer Genome Atlas, available wet-lab methods for establishing the presence of these receptors do not always conclusively cover all available samples. To this end, we introduce median-supplement methods to identify hormonal and HER2 receptor status phenotypes of breast cancer patients using gene expression profiles. In these approaches, supplementary instances based on median patient gene expression are introduced to balance a training set from which we build simple models to identify the receptor expression status of patients. In addition, for the purpose of benchmarking, we examine major machine learning approaches that are also applicable to the problem of finding receptor status in breast cancer. We show that our methods are robust and have high sensitivity with extremely low false-positive rates compared with the well-established methods. A successful application of these methods will permit the simultaneous study of large collections of samples of breast cancer patients as well as save time and cost while standardizing interpretation of outcomes of such studies."
W2558698012,2016,Computational Discovery of Putative Leads for Drug Repositioning through Drug-Target Interaction Prediction,"De novo experimental drug discovery is an expensive and time-consuming task. It requires the identification of drug-target interactions (DTIs) towards targets of biological interest, either to inhibit or enhance a specific molecular function. Dedicated computational models for protein simulation and DTI prediction are crucial for speed and to reduce the costs associated with DTI identification. In this paper we present a computational pipeline that enables the discovery of putative leads for drug repositioning that can be applied to any microbial proteome, as long as the interactome of interest is at least partially known. Network metrics calculated for the interactome of the bacterial organism of interest were used to identify putative drug-targets. Then, a random forest classification model for DTI prediction was constructed using known DTI data from publicly available databases, resulting in an area under the ROC curve of 0.91 for classification of out-of-sampling data. A drug-target network was created by combining 3,081 unique ligands and the expected ten best drug targets. This network was used to predict new DTIs and to calculate the probability of the positive class, allowing the scoring of the predicted instances. Molecular docking experiments were performed on the best scoring DTI pairs and the results were compared with those of the same ligands with their original targets. The results obtained suggest that the proposed pipeline can be used in the identification of new leads for drug repositioning. The proposed classification model is available at http://bioinformatics.ua.pt/software/dtipred/."
W3112727516,2020,Multiscale 3D phenotyping of human cerebral organoids,"Brain organoids grown from human pluripotent stem cells self-organize into cytoarchitectures resembling the developing human brain. These three-dimensional models offer an unprecedented opportunity to study human brain development and dysfunction. Characterization currently sacrifices spatial information for single-cell or histological analysis leaving whole-tissue analysis mostly unexplored. Here, we present the SCOUT pipeline for automated multiscale comparative analysis of intact cerebral organoids. Our integrated technology platform can rapidly clear, label, and image intact organoids. Algorithmic- and convolutional neural network-based image analysis extract hundreds of features characterizing molecular, cellular, spatial, cytoarchitectural, and organoid-wide properties from fluorescence microscopy datasets. Comprehensive analysis of 46 intact organoids and ~ 100 million cells reveals quantitative multiscale ""phenotypes"" for organoid development, culture protocols and Zika virus infection. SCOUT provides a much-needed framework for comparative analysis of emerging 3D in vitro models using fluorescence microscopy."
W1864604846,2011,Crystals of the brain,"Perspective26 January 2011Open Access Crystals of the brain May-Britt Moser May-Britt Moser Norwegian University of Science and Technology, Trondheim, Norway Search for more papers by this author Edvard I. Moser Corresponding Author Edvard I. Moser [email protected] Norwegian University of Science and Technology, Trondheim, Norway Search for more papers by this author May-Britt Moser May-Britt Moser Norwegian University of Science and Technology, Trondheim, Norway Search for more papers by this author Edvard I. Moser Corresponding Author Edvard I. Moser [email protected] Norwegian University of Science and Technology, Trondheim, Norway Search for more papers by this author Author Information May-Britt Moser1 and Edvard I. Moser *,1 1Norwegian University of Science and Technology, Trondheim, Norway *Tel: +47 73598278; Fax: +47 73598294 EMBO Mol Med (2011)3:69-71https://doi.org/10.1002/emmm.201000118 PDFDownload PDF of article text and main figures. ToolsAdd to favoritesDownload CitationsTrack CitationsPermissions ShareFacebookTwitterLinked InMendeleyWechatReddit Figures & Info When we find our way in the environment, we need to integrate information about location, direction and distance into a coherent map-like representation. Our work over the last 10 years has suggested that the medial entorhinal cortex plays a central role in this process. A key component of the entorhinal network for spatial mapping is the grid cell, which we discovered, together with our colleagues, in 2005. Grid cells fire only when animals move through specific, regularly spaced positions. Their active firing positions form a hexagonal pattern that spans, for each cell, the entire local space available to the animal (Fig 1). The periodic pattern is reminiscent of the cross-points of graphic paper but the repeating units are equilateral triangles, not squares. Grid cells interact with other specialized cell types, such as head-direction cells and border cells. Head-direction cells signal orientation whereas border cells fire only near the edge of the local environment (Fig 2). Together, these entorhinal cells establish a coherent generic map of local space that is maintained across environments, independently of the animal's speed and direction and independently of the identity of the particular landmarks of the place. Figure 1. Entorhinal grid cell. The black trace shows the trajectory of a rat running across a 1.5 m wide square box to collect scattered chocolate morsels. Blue dots indicate locations where an entorhinal grid cell fired action potentials (spikes). Each blue dot corresponds to one spike. Note the clustering of firing locations and the strictly hexagonal pattern of these locations. The firing locations form the vertices of a hexagonal grid spanning the entire space visited by the animal. Download figure Download PowerPoint Figure 2. Border cells, grid cells and head direction cells are the elements of a metric representation of local space and are likely to be used when animals navigate through the environment. Colour-coded firing rates for a border cell and a grid cell, respectively, are shown. Red is high rate; blue is low rate. The border cell fires along one of the walls only; the grid cell fires at locations that collectively form a hexagonal pattern. The ‘direction’ plot shows the firing rate (black trace) as a function of direction in a head direction-selective cell. This particular cell fires exclusively when the animal faces the North–East direction of the environment. Download figure Download PowerPoint “One synapse” downstream, in the hippocampus, the map is associated with specific features and experiences, forming individualized maps that are stored in the neural networks of this brain region. »Grid cells have attracted attention because the crystal-like structure underlying their firing fields is not, like in sensory systems, imported from the outside world, but is created within the brain itself.« Studies of grid cells may thus provide access to some of the basic computational operations of cortical circuits. In this Perspective, we shall review the work that led to the discovery of grid cells and the entorhinal spatial map, concluding with a brief look to the future. Finding the trail Both of us were born on remote islands on the outer west coast of Norway. Our interests in science were raised by our parents, who wanted an education themselves but did not have this opportunity. Both of us applied for studies at the University of Oslo in the early 1980s but neither of us had a clear career plan. We started out on independent paths but finally met in an undergraduate course in psychology. Psychology kindled our fascination by the brain and we jointly decided to find out how we could learn about the neural basis of behaviour. There was no neuroscience curriculum at this time, but Carl Erik Grenness, a teacher of an undergraduate course in behaviour analysis, alerted the two of us to the pioneering work on brain-behaviour relationships that had taken place during the preceding two decades. He gave us a copy of a special issue about the brain published by Scientific American in 1979. During our wandering in wilderness, this was like manna from heaven. With a number of articles from the most prominent researchers in the field at the time, the issue communicated the enthusiasm of the field and strongly attracted us to this evolving scientific discipline. The many authors outlined the enormous progress that had been made on a number of topics, including such exciting advances as Kandel's demonstration of learning-related synaptic modifiability in accessible invertebrate systems and Hubel and Wiesel's characterization of the mechanism for feature analysis in the visual cortex. Grenness directed us to Terje Sagvolden, the only psychologist at the university with research projects in neuroscience at that time. Working on neurochemical mechanisms of attention deficit disorder for 2 years, in parallel with studies in psychology, we were taught the basics of animal behaviour and experimental design. Terje Sagvolden's work on animal learning turned our interest to the underlying neural mechanisms and we went to see Per Andersen, the grand neurophysiologist of Norway. Per Andersen became the PhD supervisor for both of us. May-Britt's project concerned the anatomical basis of hippocampal learning; Edvard's investigated the role of synaptic potentiation. Per introduced us to the mysteries of the brain. We learned to focus on basic questions with wide implications. Through Per, we came in touch with Richard Morris at the University of Edinburgh and John O'Keefe at the University College of London. During our PhD studies, we visited Richard several times to participate in work on the functions of the hippocampus and hippocampal long-term potentiation. After the PhD defense late in 1995, we spent a few very rewarding months with John to learn place-cell recording in the hippocampus. This was probably the most intense learning experience in our lives. In August 1996, we left the UK full of hippocampal baggage. We had been offered two jobs in the same department at the Norwegian University of Science and Technology in Trondheim—an offer that we could not resist. A few months of postdoctoral experience was short but with a decent start-up package we now had the opportunity to combine what we had learnt about animal behaviour and neurophysiology, fulfilling our dream from the early 1980s. Finding the entorhinal space circuit The start-up in Trondheim was tough but enjoyable. There were no animal housing facilities, no workshops and no technicians. We did all the work on our own; we cleaned rat cages, changed bedding, sliced brains and repaired cables. Starting from scratch gave us the opportunity to shape the lab exactly as we wanted it. Our first student started in 1998 and we received our first international collaborative grant, from the European Commission, in 1999. The two of us coordinated a consortium of seven groups aiming to perform one of the first integrated neural-network studies of hippocampal memory, which was mostly virgin territory in the late 1990s. One of the aims was to determine how the position code of the hippocampus is computed. It had been known since 1971 that the hippocampus has ‘place cells’, cells that fire if and only if an animal is in a certain place (O'Keefe & Dostrovsky, 1971); however, it was still unclear whether those place signals originate in the hippocampus itself or come from the outside. To address this question, we made lesions in the early stages of the hippocampal circuit (CA3) and recorded place cells from the latest stage (CA1) (Brun et al, 2002). The anatomical component of the work was performed in collaboration with Menno Witter from the Free University of Amsterdam, one of the key members of the EU grant. To our surprise, the disconnection from the associative circuitry of the hippocampus did not abolish place coding in CA1. This implied that the spatial signal might originate from the surrounding cortex, via connections that circumvent the intrahippocampal circuit. The observation was a major breakthrough as it turned our attention to the entorhinal cortex, a cortical region with major direct connections to the CA1 area of the hippocampus. Through our continued collaboration with Menno Witter, it became possible, for the first time, to target electrodes to the exact part of entorhinal cortex that provides the densest input to the place cells in CA1 of the dorsal hippocampus. Two years after the hippocampal disconnection study, we provided the first evidence for strong position-related activity in this area (Fyhn et al, 2004), and 1 year after that, the work culminated in the discovery of grid cells as the principal functional cell type in the entorhinal spatial map (Hafting et al, 2005). By using extended spatial environments, we found, together with our students, that medial entorhinal neurons have periodic spatial firing fields that cover the environment in a tessellating triangular pattern (Fig 1). The invariantly periodic structure of these cells pointed to grid cells as the metric of the brain map for space. To understand how grid cells operate and how they are generated, we saw it as necessary to characterize the wider network in which they are embedded. In 2006, we observed that the medial entorhinal cortex also contains cells that signal the animal's head direction, like the head direction cells of the presubiculum (Taube et al, 1990), and we found that many cells signal direction and position conjunctively (Sargolini et al, 2006). In 2008, we observed a third entorhinal cell type—border cells—which fires exclusively at edges and boundaries of the local environment (Solstad et al, 2008, Fig 2). Further work showed that grid cells determine how memory is stored downstream in the hippocampus (Fyhn et al, 2007), and gamma oscillations were found to be instrumental in routing information between grid networks in the entorhinal cortex and place and memory networks in the hippocampus (Colgin et al, 2009). Collectively, these studies have outlined the basic properties of a spatial representation system in the entorhinal cortex of the mammalian brain. Where next? The time has come to dig into the mechanisms lying behind the formation of dynamic representations as well as the interactions between cell types resulting in a unified representation of self-location. For this, we need to understand the wiring of the circuit and manipulate its key components, one at a time. The intricately interlaced nature of neural circuits rules out classical approaches to functional studies such as experimental lesions and drug interventions, tools that we got so familiar with during our early training in Oslo and Edinburgh. However, a technological revolution has taken place in the meantime. With the ever-expanding knowledge of the mouse and rat genome, it has become possible to change gene expression in specific cell types without affecting their surrounding neighbours. By turning discharges in specific groups of cells on or off, using light-responsive microbial opsins such as channelrhodopsins and halorhodopsins, it is now possible, in principle, to determine how the activity of each cell type contributes to the global computations of a neural circuit (Deisseroth, 2011; Peron and Svoboda, 2011). These new tools can certainly be used to determine how the activity of individual cell groups in the entorhinal–hippocampal spatial representation circuit contributes to the performance of network. With the help of cell-specific manipulations, the field is now finally taking the direction that we had vaguely dreamt about when we approached Professor Grenness as young students in 1984. At that time, the neural mechanisms of mammalian behaviour were still terra incognita, despite the very significant advances that we were introduced to as undergraduates. This brings us back to the Scientific American issue from 1979. In this issue, there was one paper that differed from the others—the concluding essay by Francis Crick. Crick reflected on the limits of neuroscience, and what strategies could be followed for neuroscientists to be able, one day, to explain the most complex functions of the brain (Crick, 1979). The key limitation, according to Crick, was the fragmented nature of knowledge in neuroscience. Crick suggested that, in order to understand the workings of the brain at an integrated level, neuroscientists should develop concepts and methods for studying computation at the level of neural circuits. Today, the need for circuit analyses is widely recognized. The focus on network computations, outlined in Crick's essay, was the starting point for our first project grant in 1999 and it is at the heart of contemporary neuroscience. Powerful tools are now available and several brain systems, such as the entorhinal–hippocampal circuit, have been described in sufficient detail to enable a mechanistic analysis. We have great hopes for the coming years. The authors declare that they have no conflict of interest. Biographical Information May-Britt and Edvard Moser are awarded the 2011 Louis-Jeantet Prize for Medicine for their work on grid cells and the entorhinal spatial map. They are Founding Directors of the NTNU Centre for the Biology of Memory and the Kavli Institute for Systems Neuroscience. References Brun VH, et al (2002) Science 296: 2089- 2284 CrossrefWeb of Science®Google Scholar Colgin LL, et al (2009) Nature 462: 353- 357 CrossrefCASPubMedWeb of Science®Google Scholar Crick FH (1979) Sci Am 241: 219- 232 CrossrefCASPubMedWeb of Science®Google Scholar Deisseroth K (2011) Nature Methods 8: 26- 29 CrossrefCASPubMedWeb of Science®Google Scholar Fyhn M, et al (2004) Science 305: 1258- 1264 CrossrefCASPubMedWeb of Science®Google Scholar Fyhn M, et al (2007) Nature 446: 190- 194 CrossrefCASPubMedWeb of Science®Google Scholar Hafting T, et al (2005) Nature 436: 801- 806 CrossrefCASPubMedWeb of Science®Google Scholar O'Keefe J, Dostrovsky J (1971) Brain Res 34: 171- 175 CrossrefPubMedWeb of Science®Google Scholar Peron S, Svoboda K (2011) Nature Methods 8: 30- 34 CrossrefCASPubMedWeb of Science®Google Scholar Sargolini F, et al (2006) Science 312: 754- 758 CrossrefCASPubMedWeb of Science®Google Scholar Solstad T, et al (2008) Science 322: 1865- 1868 CrossrefCASPubMedWeb of Science®Google Scholar Taube JS, et al (1990) J Neurosci 10: 420- 435 CrossrefCASPubMedWeb of Science®Google Scholar Previous ArticleNext Article Volume 3Issue 21 February 2011In this issue FiguresReferencesRelatedDetailsLoading ..."
